ticket_id,created_date,channel,category,customer_segment,region,agent,resolution_hours,status,csat_score
100001,2026-01-01,Web,Booking Change,Corporate,Surabaya,A03,5.7,Resolved,5
100002,2026-01-01,Web,Flight Delay,Leisure,Jakarta,A04,4.8,Resolved,5
100003,2026-01-01,Email,Booking Change,First-time,Surabaya,A10,5.1,Resolved,5
100004,2026-01-01,Web,Flight Delay,Corporate,Surabaya,A13,21.5,Resolved,5
100005,2026-01-01,Call Center,Booking Change,Corporate,Makassar,A13,8.6,Resolved,1
100006,2026-01-01,Call Center,Booking Change,Corporate,Makassar,A10,6.7,Resolved,5
100007,2026-01-01,Web,Baggage Issue,Corporate,Jakarta,A14,22.7,Resolved,5
100008,2026-01-01,App,Refund Request,Business,Bali,A10,35.7,Resolved,4
100009,2026-01-01,Call Center,Refund Request,First-time,Medan,A15,20.2,Resolved,3
100010,2026-01-01,Call Center,Cancellation,Business,Jakarta,A07,6.1,Resolved,5
100011,2026-01-01,Email,Loyalty/Account,Corporate,Surabaya,A07,5.7,Resolved,5
100012,2026-01-01,Email,Cancellation,Corporate,Makassar,A15,6.2,Resolved,5
100013,2026-01-01,Email,Loyalty/Account,Business,Makassar,A02,4.1,Resolved,5
100014,2026-01-01,Email,Cancellation,Leisure,Medan,A10,2.1,Resolved,5
100015,2026-01-01,WhatsApp,Loyalty/Account,Leisure,Jakarta,A13,3.8,Resolved,5
100016,2026-01-01,Web,Flight Delay,Corporate,Makassar,A09,18.8,Resolved,1
100017,2026-01-01,Call Center,Refund Request,Business,Surabaya,A13,45.7,Resolved,1
100018,2026-01-01,App,Baggage Issue,First-time,Jakarta,A15,33.2,Resolved,1
100019,2026-01-01,Web,Complaint,Business,Jakarta,A15,20.5,Resolved,3
100020,2026-01-01,Email,Loyalty/Account,Business,Surabaya,A09,3.7,Resolved,4
100021,2026-01-01,Web,Baggage Issue,Business,Makassar,A12,9.1,Resolved,5
100022,2026-01-01,Web,Flight Delay,Leisure,Surabaya,A02,26.5,Resolved,1
100023,2026-01-01,App,Refund Request,Business,Jakarta,A12,24.1,Resolved,2
100024,2026-01-01,Email,Booking Change,Business,Bali,A04,4.7,Resolved,4
100025,2026-01-01,Email,Loyalty/Account,First-time,Surabaya,A13,3.4,Resolved,5
100026,2026-01-01,App,Flight Delay,Leisure,Jakarta,A07,13.2,Resolved,2
100027,2026-01-01,WhatsApp,Booking Change,Business,Surabaya,A08,7.0,Resolved,1
100028,2026-01-02,WhatsApp,Flight Delay,Leisure,Jakarta,A14,14.4,Open,
100029,2026-01-02,Email,Booking Change,Business,Surabaya,A08,1.2,Resolved,5
100030,2026-01-02,Email,Booking Change,First-time,Bali,A05,6.6,Resolved,1
100031,2026-01-02,Web,Loyalty/Account,First-time,Surabaya,A05,4.1,Resolved,5
100032,2026-01-02,Email,Refund Request,Leisure,Makassar,A09,34.1,Resolved,4
100033,2026-01-02,App,Booking Change,Leisure,Surabaya,A10,10.3,Resolved,1
100034,2026-01-02,App,Baggage Issue,Leisure,Makassar,A07,23.9,Resolved,3
100035,2026-01-02,Call Center,Refund Request,Corporate,Surabaya,A04,29.4,Resolved,5
100036,2026-01-02,Email,Loyalty/Account,Leisure,Jakarta,A10,4.8,Resolved,1
100037,2026-01-02,Call Center,Booking Change,Business,Makassar,A03,10.5,Resolved,4
100038,2026-01-02,WhatsApp,Booking Change,Corporate,Makassar,A01,4.0,Resolved,5
100039,2026-01-02,Call Center,Loyalty/Account,Leisure,Surabaya,A02,6.0,Resolved,5
100040,2026-01-02,Call Center,Booking Change,Corporate,Surabaya,A09,3.5,Resolved,3
100041,2026-01-02,Call Center,Complaint,Leisure,Medan,A01,40.5,Resolved,4
100042,2026-01-02,App,Cancellation,First-time,Makassar,A02,10.2,Resolved,1
100043,2026-01-02,WhatsApp,Loyalty/Account,Leisure,Bali,A09,4.5,Resolved,1
100044,2026-01-02,Web,Complaint,Leisure,Bali,A11,28.0,Resolved,5
100045,2026-01-02,Web,Complaint,First-time,Makassar,A15,41.4,Resolved,1
100046,2026-01-02,Call Center,Loyalty/Account,Leisure,Surabaya,A13,2.6,Resolved,3
100047,2026-01-02,Web,Complaint,Business,Bali,A13,21.2,Open,
100048,2026-01-02,Call Center,Flight Delay,Business,Medan,A05,7.5,Resolved,3
100049,2026-01-02,Call Center,Refund Request,Business,Medan,A05,50.6,Resolved,2
100050,2026-01-02,App,Refund Request,Corporate,Jakarta,A15,6.4,Resolved,5
100051,2026-01-02,App,Loyalty/Account,Corporate,Jakarta,A10,1.6,Resolved,5
100052,2026-01-03,App,Booking Change,Business,Bali,A12,7.5,Resolved,4
100053,2026-01-03,Email,Complaint,Business,Bali,A02,44.5,Resolved,1
100054,2026-01-03,Call Center,Booking Change,Corporate,Makassar,A11,4.3,Resolved,5
100055,2026-01-03,Email,Refund Request,Business,Surabaya,A11,46.8,Resolved,2
100056,2026-01-03,Call Center,Refund Request,Leisure,Bali,A04,23.4,Resolved,4
100057,2026-01-03,Email,Baggage Issue,First-time,Medan,A11,19.8,Resolved,2
100058,2026-01-03,WhatsApp,Booking Change,Leisure,Bali,A11,8.6,Resolved,5
100059,2026-01-03,Web,Complaint,Business,Bali,A13,24.7,Resolved,5
100060,2026-01-03,Email,Complaint,Leisure,Medan,A15,26.0,Resolved,5
100061,2026-01-03,Web,Cancellation,First-time,Medan,A03,9.8,Resolved,3
100062,2026-01-03,Web,Booking Change,First-time,Surabaya,A13,5.8,Resolved,4
100063,2026-01-03,Email,Booking Change,Business,Jakarta,A03,7.1,Resolved,4
100064,2026-01-03,WhatsApp,Loyalty/Account,First-time,Makassar,A07,1.7,Resolved,5
100065,2026-01-03,Call Center,Loyalty/Account,First-time,Medan,A13,4.0,Resolved,4
100066,2026-01-03,App,Baggage Issue,Corporate,Medan,A12,28.3,Resolved,5
100067,2026-01-03,Web,Refund Request,Leisure,Surabaya,A04,24.9,Resolved,5
100068,2026-01-03,App,Refund Request,First-time,Medan,A04,34.6,Resolved,5
100069,2026-01-03,Email,Cancellation,Leisure,Makassar,A08,13.7,Resolved,1
100070,2026-01-03,WhatsApp,Loyalty/Account,First-time,Makassar,A13,4.1,Resolved,5
100071,2026-01-03,App,Booking Change,First-time,Medan,A07,4.1,Resolved,5
100072,2026-01-03,WhatsApp,Flight Delay,Business,Makassar,A01,18.2,Resolved,3
100073,2026-01-03,Web,Baggage Issue,Leisure,Medan,A14,15.8,Resolved,5
100074,2026-01-03,Email,Refund Request,First-time,Bali,A05,30.9,Resolved,5
100075,2026-01-03,Web,Cancellation,Leisure,Bali,A11,19.1,Open,
100076,2026-01-03,App,Booking Change,Business,Surabaya,A10,8.5,Resolved,5
100077,2026-01-03,Call Center,Baggage Issue,Business,Medan,A13,11.3,Resolved,4
100078,2026-01-03,App,Cancellation,Business,Bali,A10,14.0,Open,
100079,2026-01-03,Web,Refund Request,First-time,Medan,A02,11.1,Resolved,4
100080,2026-01-03,App,Refund Request,Leisure,Makassar,A06,17.6,Resolved,4
100081,2026-01-03,Email,Booking Change,Corporate,Jakarta,A14,3.4,Resolved,3
100082,2026-01-03,Web,Flight Delay,Business,Medan,A12,12.3,Resolved,4
100083,2026-01-04,Email,Complaint,First-time,Medan,A14,23.1,Resolved,2
100084,2026-01-04,Email,Booking Change,First-time,Surabaya,A10,4.1,Resolved,5
100085,2026-01-04,Email,Booking Change,Corporate,Surabaya,A04,4.9,Resolved,4
100086,2026-01-04,Web,Loyalty/Account,Leisure,Makassar,A02,5.0,Resolved,4
100087,2026-01-04,Email,Flight Delay,Business,Medan,A08,12.6,Resolved,3
100088,2026-01-04,WhatsApp,Refund Request,Corporate,Medan,A09,24.9,Resolved,1
100089,2026-01-04,Call Center,Flight Delay,Corporate,Medan,A05,12.0,Resolved,5
100090,2026-01-04,Web,Flight Delay,Business,Surabaya,A12,14.4,Resolved,2
100091,2026-01-04,Web,Loyalty/Account,Corporate,Jakarta,A05,4.1,Open,
100092,2026-01-04,App,Flight Delay,Corporate,Jakarta,A09,15.0,Resolved,1
100093,2026-01-04,App,Baggage Issue,First-time,Jakarta,A10,16.2,Resolved,1
100094,2026-01-04,App,Refund Request,First-time,Jakarta,A07,43.4,Resolved,3
100095,2026-01-04,WhatsApp,Cancellation,Business,Surabaya,A05,12.6,Resolved,4
100096,2026-01-04,Email,Baggage Issue,Business,Makassar,A08,20.8,Resolved,5
100097,2026-01-04,WhatsApp,Baggage Issue,First-time,Bali,A10,35.0,Resolved,1
100098,2026-01-04,Web,Baggage Issue,Corporate,Jakarta,A04,24.8,Resolved,5
100099,2026-01-04,Email,Booking Change,First-time,Makassar,A05,7.9,Resolved,1
100100,2026-01-04,WhatsApp,Booking Change,Business,Bali,A11,6.4,Resolved,5
100101,2026-01-04,Call Center,Booking Change,Business,Surabaya,A14,6.5,Resolved,4
100102,2026-01-04,App,Complaint,Corporate,Medan,A08,26.6,Resolved,3
100103,2026-01-04,App,Loyalty/Account,First-time,Medan,A10,5.6,Resolved,5
100104,2026-01-04,WhatsApp,Booking Change,Leisure,Bali,A01,6.6,Resolved,5
100105,2026-01-04,Web,Flight Delay,First-time,Bali,A10,3.9,Resolved,5
100106,2026-01-04,Web,Flight Delay,Corporate,Jakarta,A06,15.5,Resolved,4
100107,2026-01-04,App,Baggage Issue,First-time,Makassar,A08,22.7,Resolved,2
100108,2026-01-04,Email,Complaint,Leisure,Makassar,A07,27.8,Open,
100109,2026-01-04,App,Flight Delay,First-time,Medan,A04,11.7,Resolved,2
100110,2026-01-04,Web,Flight Delay,Leisure,Makassar,A12,14.5,Resolved,4
100111,2026-01-04,App,Flight Delay,Leisure,Surabaya,A08,18.6,Resolved,1
100112,2026-01-04,Email,Refund Request,Corporate,Medan,A08,24.3,Resolved,4
100113,2026-01-04,Call Center,Refund Request,Business,Jakarta,A13,33.1,Resolved,4
100114,2026-01-04,WhatsApp,Complaint,Corporate,Bali,A10,14.4,Resolved,5
100115,2026-01-05,Call Center,Flight Delay,First-time,Bali,A09,12.4,Resolved,2
100116,2026-01-05,Email,Loyalty/Account,Business,Makassar,A04,2.4,Resolved,5
100117,2026-01-05,Email,Refund Request,First-time,Medan,A11,34.6,Resolved,1
100118,2026-01-05,Email,Booking Change,Corporate,Jakarta,A02,2.6,Resolved,5
100119,2026-01-05,App,Cancellation,First-time,Surabaya,A08,10.6,Resolved,5
100120,2026-01-05,Email,Booking Change,Corporate,Makassar,A06,4.2,Resolved,2
100121,2026-01-05,App,Flight Delay,Leisure,Makassar,A04,4.7,Resolved,4
100122,2026-01-05,Email,Flight Delay,Leisure,Jakarta,A03,4.1,Resolved,3
100123,2026-01-05,Call Center,Booking Change,Leisure,Bali,A06,4.4,Resolved,4
100124,2026-01-05,WhatsApp,Booking Change,Business,Jakarta,A14,6.8,Resolved,3
100125,2026-01-05,Email,Flight Delay,Business,Surabaya,A11,11.9,Open,
100126,2026-01-05,Web,Complaint,Corporate,Makassar,A02,31.4,Resolved,5
100127,2026-01-05,Email,Baggage Issue,First-time,Bali,A14,9.1,Resolved,5
100128,2026-01-05,Call Center,Refund Request,Corporate,Makassar,A12,73.6,Resolved,1
100129,2026-01-05,WhatsApp,Baggage Issue,Corporate,Jakarta,A14,13.3,Open,
100130,2026-01-05,Web,Baggage Issue,First-time,Bali,A10,7.1,Resolved,5
100131,2026-01-05,App,Booking Change,Corporate,Surabaya,A15,5.5,Resolved,5
100132,2026-01-05,Call Center,Refund Request,Business,Jakarta,A06,27.6,Resolved,5
100133,2026-01-05,WhatsApp,Booking Change,Corporate,Makassar,A15,5.8,Resolved,1
100134,2026-01-06,Email,Refund Request,Corporate,Jakarta,A02,37.1,Resolved,1
100135,2026-01-06,Call Center,Complaint,First-time,Makassar,A02,24.4,Resolved,5
100136,2026-01-06,Email,Baggage Issue,Corporate,Makassar,A14,16.8,Resolved,5
100137,2026-01-06,WhatsApp,Baggage Issue,First-time,Jakarta,A15,24.0,Resolved,3
100138,2026-01-06,Email,Baggage Issue,First-time,Bali,A02,15.8,Resolved,1
100139,2026-01-06,App,Refund Request,First-time,Jakarta,A04,34.9,Resolved,3
100140,2026-01-06,Web,Cancellation,First-time,Makassar,A15,8.6,Resolved,5
100141,2026-01-06,App,Flight Delay,First-time,Bali,A12,8.4,Resolved,3
100142,2026-01-06,Call Center,Booking Change,Corporate,Makassar,A01,7.9,Resolved,5
100143,2026-01-06,Web,Booking Change,First-time,Jakarta,A11,1.9,Open,
100144,2026-01-06,Web,Refund Request,Business,Makassar,A02,5.4,Resolved,5
100145,2026-01-06,Web,Baggage Issue,Business,Bali,A13,18.4,Resolved,5
100146,2026-01-06,App,Booking Change,Corporate,Surabaya,A11,5.9,Resolved,5
100147,2026-01-06,Call Center,Refund Request,Business,Makassar,A01,31.8,Resolved,4
100148,2026-01-06,Call Center,Cancellation,First-time,Medan,A09,11.2,Resolved,4
100149,2026-01-06,Call Center,Refund Request,Leisure,Makassar,A08,28.1,Resolved,2
100150,2026-01-06,Email,Flight Delay,Leisure,Medan,A02,11.1,Resolved,5
100151,2026-01-06,WhatsApp,Booking Change,Business,Bali,A11,2.7,Resolved,5
100152,2026-01-06,App,Refund Request,First-time,Jakarta,A14,20.3,Resolved,3
100153,2026-01-06,Email,Flight Delay,Business,Medan,A15,12.6,Resolved,5
100154,2026-01-06,Call Center,Booking Change,First-time,Bali,A06,8.2,Resolved,2
100155,2026-01-06,App,Flight Delay,Leisure,Jakarta,A07,18.5,Resolved,3
100156,2026-01-06,Email,Baggage Issue,Corporate,Jakarta,A06,24.7,Resolved,1
100157,2026-01-06,WhatsApp,Flight Delay,Leisure,Bali,A05,8.2,Resolved,4
100158,2026-01-06,WhatsApp,Refund Request,Leisure,Bali,A06,42.7,Resolved,5
100159,2026-01-06,WhatsApp,Refund Request,First-time,Makassar,A10,23.0,Resolved,4
100160,2026-01-06,Call Center,Cancellation,Leisure,Surabaya,A12,5.5,Resolved,3
100161,2026-01-06,WhatsApp,Refund Request,Business,Surabaya,A11,24.6,Resolved,5
100162,2026-01-06,Email,Cancellation,Business,Medan,A08,11.3,Resolved,5
100163,2026-01-07,Web,Refund Request,Leisure,Jakarta,A03,30.1,Resolved,5
100164,2026-01-07,Call Center,Flight Delay,First-time,Medan,A04,10.5,Resolved,5
100165,2026-01-07,Email,Flight Delay,Corporate,Makassar,A09,11.3,Resolved,4
100166,2026-01-07,Web,Booking Change,Corporate,Surabaya,A13,5.4,Resolved,5
100167,2026-01-07,Web,Booking Change,First-time,Surabaya,A07,4.3,Resolved,4
100168,2026-01-07,Email,Refund Request,First-time,Jakarta,A01,28.2,Resolved,5
100169,2026-01-07,Email,Refund Request,First-time,Makassar,A12,23.7,Resolved,1
100170,2026-01-07,App,Booking Change,First-time,Bali,A07,4.5,Resolved,5
100171,2026-01-07,Call Center,Baggage Issue,Leisure,Medan,A12,14.5,Resolved,5
100172,2026-01-07,Call Center,Booking Change,Business,Bali,A12,7.8,Resolved,3
100173,2026-01-07,Call Center,Booking Change,Leisure,Surabaya,A04,6.6,Resolved,5
100174,2026-01-07,WhatsApp,Loyalty/Account,First-time,Medan,A13,4.8,Resolved,3
100175,2026-01-07,Web,Loyalty/Account,Corporate,Bali,A08,5.6,Resolved,5
100176,2026-01-07,Email,Booking Change,Leisure,Bali,A08,7.1,Open,
100177,2026-01-07,App,Refund Request,Corporate,Jakarta,A10,20.2,Resolved,2
100178,2026-01-07,WhatsApp,Cancellation,Leisure,Medan,A11,7.8,Resolved,4
100179,2026-01-07,App,Flight Delay,Leisure,Medan,A13,15.5,Resolved,4
100180,2026-01-07,Email,Booking Change,Business,Medan,A09,4.7,Resolved,5
100181,2026-01-07,Email,Refund Request,Corporate,Medan,A13,21.5,Resolved,4
100182,2026-01-07,Email,Booking Change,Leisure,Makassar,A05,8.8,Resolved,1
100183,2026-01-07,App,Loyalty/Account,Business,Bali,A10,2.2,Resolved,4
100184,2026-01-07,App,Baggage Issue,Business,Makassar,A05,4.3,Resolved,5
100185,2026-01-07,App,Refund Request,Business,Makassar,A11,23.1,Open,
100186,2026-01-07,Email,Refund Request,Business,Bali,A04,17.4,Resolved,5
100187,2026-01-07,WhatsApp,Booking Change,Leisure,Makassar,A14,5.8,Resolved,2
100188,2026-01-07,Web,Baggage Issue,First-time,Surabaya,A03,9.2,Resolved,4
100189,2026-01-07,App,Complaint,Business,Medan,A07,13.9,Resolved,5
100190,2026-01-07,WhatsApp,Cancellation,First-time,Surabaya,A04,14.8,Resolved,1
100191,2026-01-08,WhatsApp,Loyalty/Account,Business,Bali,A08,2.7,Resolved,5
100192,2026-01-08,Web,Loyalty/Account,Business,Makassar,A14,4.3,Resolved,4
100193,2026-01-08,App,Complaint,Leisure,Makassar,A05,28.9,Resolved,4
100194,2026-01-08,Email,Complaint,Leisure,Surabaya,A15,26.9,Resolved,5
100195,2026-01-08,Email,Booking Change,Corporate,Surabaya,A02,5.6,Resolved,2
100196,2026-01-08,App,Baggage Issue,Business,Surabaya,A05,19.2,Resolved,4
100197,2026-01-08,WhatsApp,Complaint,First-time,Medan,A01,25.6,Resolved,5
100198,2026-01-08,Call Center,Loyalty/Account,First-time,Jakarta,A04,3.8,Resolved,5
100199,2026-01-08,App,Flight Delay,First-time,Jakarta,A14,17.4,Open,
100200,2026-01-08,Call Center,Flight Delay,Business,Surabaya,A07,8.4,Open,
100201,2026-01-08,App,Refund Request,First-time,Surabaya,A09,34.4,Resolved,4
100202,2026-01-08,Email,Loyalty/Account,Leisure,Medan,A01,3.9,Resolved,1
100203,2026-01-08,App,Refund Request,Leisure,Bali,A06,31.0,Resolved,4
100204,2026-01-08,Call Center,Cancellation,Business,Jakarta,A09,15.8,Resolved,2
100205,2026-01-08,Web,Complaint,First-time,Medan,A13,34.1,Resolved,5
100206,2026-01-08,Call Center,Booking Change,Business,Jakarta,A15,8.9,Resolved,4
100207,2026-01-08,App,Complaint,First-time,Bali,A13,19.2,Resolved,5
100208,2026-01-08,Call Center,Baggage Issue,Corporate,Jakarta,A07,13.3,Resolved,4
100209,2026-01-08,Web,Loyalty/Account,First-time,Bali,A08,3.5,Resolved,5
100210,2026-01-08,Email,Booking Change,First-time,Jakarta,A10,3.9,Resolved,5
100211,2026-01-08,Call Center,Refund Request,Leisure,Jakarta,A11,26.3,Resolved,5
100212,2026-01-08,Call Center,Flight Delay,First-time,Jakarta,A10,17.0,Resolved,5
100213,2026-01-08,Email,Loyalty/Account,Leisure,Jakarta,A06,1.3,Resolved,5
100214,2026-01-08,Web,Complaint,First-time,Jakarta,A02,22.7,Resolved,4
100215,2026-01-09,Web,Refund Request,Leisure,Makassar,A11,19.0,Resolved,5
100216,2026-01-09,Call Center,Booking Change,Corporate,Medan,A11,6.7,Resolved,1
100217,2026-01-09,WhatsApp,Booking Change,Business,Medan,A07,7.0,Resolved,3
100218,2026-01-09,Web,Booking Change,Corporate,Medan,A02,5.4,Resolved,5
100219,2026-01-09,Call Center,Booking Change,First-time,Jakarta,A11,5.5,Resolved,2
100220,2026-01-09,WhatsApp,Complaint,Business,Bali,A04,26.9,Resolved,5
100221,2026-01-09,Call Center,Booking Change,First-time,Jakarta,A09,3.6,Resolved,5
100222,2026-01-09,Email,Loyalty/Account,Leisure,Bali,A12,3.2,Resolved,5
100223,2026-01-09,Call Center,Cancellation,Leisure,Surabaya,A11,14.0,Resolved,5
100224,2026-01-09,Email,Complaint,Business,Surabaya,A09,28.8,Resolved,5
100225,2026-01-09,Web,Booking Change,Business,Bali,A03,4.3,Resolved,2
100226,2026-01-09,Web,Loyalty/Account,Leisure,Bali,A11,6.3,Resolved,5
100227,2026-01-09,Web,Baggage Issue,Leisure,Makassar,A10,21.9,Resolved,2
100228,2026-01-09,App,Baggage Issue,Leisure,Jakarta,A01,16.5,Resolved,3
100229,2026-01-09,Email,Refund Request,Business,Makassar,A10,21.0,Resolved,5
100230,2026-01-09,Email,Loyalty/Account,First-time,Surabaya,A05,2.6,Resolved,4
100231,2026-01-09,Email,Booking Change,First-time,Medan,A04,5.3,Resolved,5
100232,2026-01-09,Web,Loyalty/Account,Corporate,Medan,A13,4.8,Resolved,4
100233,2026-01-09,Call Center,Refund Request,First-time,Jakarta,A08,30.1,Resolved,5
100234,2026-01-09,Call Center,Baggage Issue,Business,Surabaya,A15,21.2,Resolved,5
100235,2026-01-09,Email,Cancellation,First-time,Makassar,A08,13.4,Resolved,4
100236,2026-01-09,WhatsApp,Flight Delay,Business,Surabaya,A06,8.1,Open,
100237,2026-01-09,WhatsApp,Refund Request,First-time,Bali,A01,37.3,Resolved,2
100238,2026-01-09,Email,Cancellation,Corporate,Jakarta,A01,6.5,Resolved,5
100239,2026-01-09,WhatsApp,Flight Delay,Leisure,Medan,A08,12.4,Resolved,3
100240,2026-01-09,Call Center,Booking Change,Leisure,Medan,A13,4.1,Resolved,5
100241,2026-01-09,WhatsApp,Refund Request,Business,Surabaya,A09,27.2,Open,
100242,2026-01-09,Email,Cancellation,First-time,Makassar,A03,10.7,Resolved,4
100243,2026-01-10,Email,Loyalty/Account,Corporate,Surabaya,A10,3.9,Resolved,2
100244,2026-01-10,App,Flight Delay,Corporate,Medan,A06,8.0,Resolved,5
100245,2026-01-10,WhatsApp,Flight Delay,Corporate,Jakarta,A08,11.3,Resolved,4
100246,2026-01-10,Email,Refund Request,Leisure,Makassar,A03,47.4,Resolved,1
100247,2026-01-10,Web,Cancellation,First-time,Surabaya,A01,4.4,Resolved,5
100248,2026-01-10,Email,Flight Delay,First-time,Surabaya,A09,8.7,Resolved,2
100249,2026-01-10,WhatsApp,Complaint,Leisure,Surabaya,A04,0.5,Resolved,5
100250,2026-01-10,Call Center,Loyalty/Account,First-time,Makassar,A09,1.9,Resolved,4
100251,2026-01-10,Email,Cancellation,Corporate,Makassar,A04,13.1,Resolved,1
100252,2026-01-10,Email,Loyalty/Account,Corporate,Surabaya,A06,3.7,Resolved,4
100253,2026-01-10,App,Loyalty/Account,Corporate,Bali,A10,3.3,Resolved,3
100254,2026-01-10,App,Loyalty/Account,Business,Bali,A05,2.6,Resolved,5
100255,2026-01-10,Web,Loyalty/Account,Corporate,Medan,A04,4.6,Resolved,5
100256,2026-01-10,App,Booking Change,Business,Surabaya,A11,4.3,Resolved,5
100257,2026-01-10,Call Center,Refund Request,Leisure,Medan,A12,12.1,Resolved,3
100258,2026-01-10,Email,Loyalty/Account,Business,Medan,A08,4.4,Resolved,2
100259,2026-01-10,App,Refund Request,Corporate,Jakarta,A11,16.7,Resolved,2
100260,2026-01-10,Web,Loyalty/Account,Business,Medan,A15,3.1,Resolved,1
100261,2026-01-10,Call Center,Refund Request,First-time,Surabaya,A15,39.8,Resolved,1
100262,2026-01-10,WhatsApp,Refund Request,First-time,Makassar,A08,32.4,Resolved,5
100263,2026-01-10,App,Flight Delay,Corporate,Surabaya,A06,14.8,Resolved,5
100264,2026-01-10,Web,Cancellation,Corporate,Makassar,A03,13.8,Resolved,3
100265,2026-01-10,Call Center,Flight Delay,First-time,Makassar,A02,10.3,Resolved,5
100266,2026-01-10,Email,Loyalty/Account,Leisure,Bali,A04,4.4,Resolved,5
100267,2026-01-10,Call Center,Refund Request,Leisure,Bali,A12,31.5,Resolved,5
100268,2026-01-10,Call Center,Cancellation,Corporate,Jakarta,A06,15.9,Resolved,5
100269,2026-01-10,WhatsApp,Booking Change,Business,Medan,A06,3.4,Resolved,5
100270,2026-01-10,WhatsApp,Baggage Issue,Business,Surabaya,A14,22.6,Resolved,4
100271,2026-01-11,App,Cancellation,Leisure,Makassar,A01,14.1,Resolved,3
100272,2026-01-11,Web,Booking Change,First-time,Jakarta,A12,1.4,Resolved,5
100273,2026-01-11,Web,Flight Delay,Leisure,Medan,A09,6.7,Resolved,4
100274,2026-01-11,Call Center,Refund Request,Leisure,Medan,A14,37.8,Open,
100275,2026-01-11,Email,Booking Change,Leisure,Jakarta,A06,5.1,Resolved,2
100276,2026-01-11,Call Center,Loyalty/Account,First-time,Jakarta,A07,2.1,Resolved,5
100277,2026-01-11,Email,Baggage Issue,First-time,Bali,A08,28.7,Resolved,2
100278,2026-01-11,App,Baggage Issue,Business,Bali,A03,6.5,Resolved,5
100279,2026-01-11,App,Booking Change,Business,Jakarta,A05,2.3,Resolved,5
100280,2026-01-11,Web,Refund Request,First-time,Bali,A05,34.4,Resolved,1
100281,2026-01-11,WhatsApp,Cancellation,Leisure,Medan,A13,17.7,Resolved,5
100282,2026-01-11,App,Baggage Issue,First-time,Makassar,A04,12.1,Resolved,5
100283,2026-01-11,Web,Refund Request,Business,Jakarta,A09,38.8,Resolved,3
100284,2026-01-11,Call Center,Baggage Issue,Corporate,Surabaya,A15,17.8,Resolved,4
100285,2026-01-11,App,Refund Request,Corporate,Bali,A09,53.4,Resolved,2
100286,2026-01-11,Call Center,Flight Delay,First-time,Jakarta,A11,8.9,Resolved,3
100287,2026-01-11,Web,Refund Request,First-time,Medan,A05,15.7,Resolved,3
100288,2026-01-11,App,Refund Request,Business,Medan,A09,44.1,Resolved,4
100289,2026-01-11,Call Center,Flight Delay,First-time,Surabaya,A04,11.1,Resolved,5
100290,2026-01-11,Call Center,Flight Delay,Business,Jakarta,A07,13.7,Resolved,4
100291,2026-01-11,WhatsApp,Complaint,Business,Makassar,A04,4.8,Resolved,3
100292,2026-01-11,Email,Booking Change,Business,Jakarta,A15,6.6,Resolved,4
100293,2026-01-11,Call Center,Booking Change,Business,Makassar,A13,5.4,Resolved,5
100294,2026-01-11,App,Refund Request,First-time,Medan,A13,43.2,Resolved,4
100295,2026-01-11,Call Center,Complaint,Business,Bali,A07,42.4,Resolved,5
100296,2026-01-11,Web,Flight Delay,First-time,Bali,A04,14.7,Resolved,5
100297,2026-01-11,Call Center,Complaint,First-time,Makassar,A05,24.9,Resolved,3
100298,2026-01-11,Web,Flight Delay,Corporate,Surabaya,A12,6.5,Resolved,5
100299,2026-01-11,App,Loyalty/Account,Leisure,Makassar,A14,6.2,Resolved,1
100300,2026-01-11,Web,Flight Delay,Business,Jakarta,A01,2.5,Resolved,5
100301,2026-01-11,App,Booking Change,First-time,Medan,A01,3.6,Open,
100302,2026-01-12,WhatsApp,Refund Request,Corporate,Jakarta,A14,27.5,Resolved,5
100303,2026-01-12,App,Loyalty/Account,Business,Jakarta,A09,4.6,Resolved,2
100304,2026-01-12,Call Center,Refund Request,First-time,Jakarta,A07,36.3,Resolved,5
100305,2026-01-12,App,Cancellation,Corporate,Jakarta,A02,6.8,Resolved,4
100306,2026-01-12,Email,Cancellation,Leisure,Medan,A11,12.2,Resolved,4
100307,2026-01-12,App,Complaint,Leisure,Makassar,A04,28.6,Resolved,4
100308,2026-01-12,WhatsApp,Booking Change,Leisure,Bali,A10,10.7,Resolved,5
100309,2026-01-12,WhatsApp,Complaint,Leisure,Surabaya,A03,24.2,Resolved,5
100310,2026-01-12,Email,Booking Change,Business,Makassar,A11,2.2,Resolved,5
100311,2026-01-12,WhatsApp,Cancellation,Business,Jakarta,A12,11.3,Resolved,2
100312,2026-01-12,App,Refund Request,First-time,Bali,A11,29.4,Resolved,1
100313,2026-01-12,Email,Flight Delay,Corporate,Makassar,A07,14.5,Resolved,2
100314,2026-01-12,App,Refund Request,Business,Jakarta,A05,44.7,Resolved,2
100315,2026-01-12,Call Center,Baggage Issue,First-time,Bali,A02,32.5,Resolved,1
100316,2026-01-12,Email,Booking Change,Leisure,Surabaya,A08,9.1,Resolved,3
100317,2026-01-12,WhatsApp,Booking Change,Leisure,Bali,A02,2.6,Resolved,5
100318,2026-01-12,Web,Flight Delay,Leisure,Makassar,A10,7.2,Resolved,4
100319,2026-01-12,Call Center,Booking Change,Corporate,Bali,A08,6.9,Resolved,5
100320,2026-01-12,Web,Complaint,Corporate,Bali,A12,28.6,Resolved,4
100321,2026-01-12,Call Center,Booking Change,Leisure,Surabaya,A01,8.0,Resolved,1
100322,2026-01-12,WhatsApp,Refund Request,Corporate,Medan,A03,26.6,Resolved,4
100323,2026-01-12,Web,Cancellation,First-time,Bali,A07,13.3,Resolved,4
100324,2026-01-12,Email,Baggage Issue,Business,Bali,A05,16.8,Resolved,5
100325,2026-01-12,WhatsApp,Booking Change,Business,Makassar,A03,4.7,Resolved,5
100326,2026-01-12,App,Cancellation,First-time,Bali,A14,5.4,Resolved,4
100327,2026-01-12,Web,Baggage Issue,Business,Bali,A05,11.8,Resolved,5
100328,2026-01-12,Email,Loyalty/Account,First-time,Makassar,A09,1.9,Resolved,3
100329,2026-01-12,WhatsApp,Cancellation,Leisure,Bali,A10,8.9,Resolved,4
100330,2026-01-13,Email,Booking Change,Leisure,Makassar,A13,5.2,Resolved,3
100331,2026-01-13,Web,Booking Change,Leisure,Bali,A09,5.9,Resolved,5
100332,2026-01-13,WhatsApp,Refund Request,First-time,Makassar,A03,14.7,Resolved,5
100333,2026-01-13,App,Booking Change,First-time,Jakarta,A14,7.2,Resolved,4
100334,2026-01-13,Email,Booking Change,First-time,Bali,A02,5.5,Resolved,3
100335,2026-01-13,App,Refund Request,Corporate,Jakarta,A01,40.1,Resolved,5
100336,2026-01-13,Web,Loyalty/Account,Business,Makassar,A09,2.1,Resolved,5
100337,2026-01-13,Web,Loyalty/Account,Business,Medan,A03,2.9,Open,
100338,2026-01-13,WhatsApp,Baggage Issue,Business,Medan,A07,12.1,Resolved,4
100339,2026-01-13,App,Booking Change,Leisure,Makassar,A13,7.1,Resolved,4
100340,2026-01-13,Call Center,Refund Request,First-time,Makassar,A10,24.4,Resolved,5
100341,2026-01-13,WhatsApp,Booking Change,Corporate,Medan,A03,7.5,Resolved,3
100342,2026-01-13,App,Booking Change,Business,Bali,A04,2.5,Resolved,5
100343,2026-01-13,WhatsApp,Cancellation,First-time,Medan,A03,6.3,Resolved,5
100344,2026-01-13,Web,Loyalty/Account,Business,Makassar,A08,3.2,Resolved,5
100345,2026-01-13,App,Complaint,Leisure,Bali,A08,35.5,Resolved,4
100346,2026-01-13,Email,Flight Delay,First-time,Medan,A08,18.7,Resolved,3
100347,2026-01-13,App,Complaint,Business,Bali,A05,25.2,Resolved,4
100348,2026-01-13,WhatsApp,Cancellation,First-time,Makassar,A02,13.3,Resolved,5
100349,2026-01-13,App,Flight Delay,Corporate,Makassar,A13,10.8,Resolved,5
100350,2026-01-13,App,Complaint,Business,Bali,A08,12.2,Resolved,3
100351,2026-01-13,Web,Booking Change,Leisure,Surabaya,A13,5.7,Resolved,4
100352,2026-01-14,Web,Booking Change,Business,Surabaya,A13,2.3,Open,
100353,2026-01-14,WhatsApp,Refund Request,Corporate,Makassar,A03,21.6,Resolved,5
100354,2026-01-14,Email,Complaint,Leisure,Surabaya,A15,37.4,Open,
100355,2026-01-14,Web,Refund Request,Business,Surabaya,A03,24.6,Resolved,4
100356,2026-01-14,Email,Flight Delay,Corporate,Medan,A08,3.3,Resolved,4
100357,2026-01-14,Call Center,Cancellation,First-time,Makassar,A12,13.5,Resolved,5
100358,2026-01-14,Call Center,Booking Change,Leisure,Medan,A14,5.1,Resolved,5
100359,2026-01-14,Email,Booking Change,First-time,Surabaya,A05,5.1,Resolved,5
100360,2026-01-14,App,Complaint,Corporate,Jakarta,A02,31.0,Resolved,1
100361,2026-01-14,Email,Booking Change,Business,Medan,A01,8.5,Resolved,1
100362,2026-01-14,Call Center,Loyalty/Account,Corporate,Surabaya,A02,3.9,Resolved,5
100363,2026-01-14,Email,Refund Request,Business,Jakarta,A11,23.6,Resolved,4
100364,2026-01-14,Email,Cancellation,Leisure,Surabaya,A02,15.8,Resolved,5
100365,2026-01-14,Call Center,Baggage Issue,Leisure,Jakarta,A14,28.4,Resolved,3
100366,2026-01-14,App,Refund Request,Leisure,Jakarta,A06,46.4,Resolved,5
100367,2026-01-14,App,Refund Request,Business,Surabaya,A09,14.8,Resolved,5
100368,2026-01-14,WhatsApp,Booking Change,Business,Medan,A11,4.7,Resolved,5
100369,2026-01-14,WhatsApp,Loyalty/Account,Business,Jakarta,A12,0.9,Resolved,5
100370,2026-01-14,WhatsApp,Refund Request,Leisure,Surabaya,A10,50.5,Resolved,2
100371,2026-01-14,Web,Cancellation,Leisure,Bali,A09,8.0,Resolved,4
100372,2026-01-14,Email,Complaint,Business,Medan,A02,20.1,Resolved,4
100373,2026-01-14,Call Center,Booking Change,Leisure,Bali,A03,2.5,Resolved,5
100374,2026-01-14,App,Booking Change,First-time,Jakarta,A10,9.0,Resolved,5
100375,2026-01-15,Call Center,Loyalty/Account,First-time,Makassar,A11,3.4,Resolved,5
100376,2026-01-15,App,Baggage Issue,Business,Bali,A05,6.0,Resolved,3
100377,2026-01-15,Call Center,Loyalty/Account,Business,Makassar,A07,1.7,Resolved,5
100378,2026-01-15,App,Refund Request,First-time,Surabaya,A04,19.5,Resolved,5
100379,2026-01-15,Web,Flight Delay,Leisure,Bali,A02,14.6,Open,
100380,2026-01-15,WhatsApp,Flight Delay,Corporate,Makassar,A13,12.2,Resolved,5
100381,2026-01-15,App,Refund Request,Corporate,Jakarta,A06,33.4,Resolved,3
100382,2026-01-15,Email,Baggage Issue,Leisure,Medan,A09,12.6,Resolved,5
100383,2026-01-15,Call Center,Baggage Issue,Corporate,Surabaya,A13,25.5,Resolved,5
100384,2026-01-15,Web,Flight Delay,Leisure,Jakarta,A01,15.8,Resolved,4
100385,2026-01-15,Email,Booking Change,Leisure,Makassar,A04,4.9,Resolved,5
100386,2026-01-15,WhatsApp,Booking Change,Corporate,Jakarta,A11,8.2,Resolved,5
100387,2026-01-15,App,Complaint,Leisure,Medan,A15,16.4,Resolved,5
100388,2026-01-15,Web,Flight Delay,Leisure,Bali,A05,12.9,Resolved,5
100389,2026-01-15,WhatsApp,Baggage Issue,First-time,Bali,A08,30.5,Resolved,3
100390,2026-01-15,Email,Complaint,Business,Jakarta,A01,23.8,Resolved,5
100391,2026-01-15,App,Complaint,Leisure,Bali,A13,13.7,Resolved,5
100392,2026-01-16,App,Loyalty/Account,First-time,Medan,A03,1.4,Resolved,5
100393,2026-01-16,Email,Loyalty/Account,First-time,Bali,A12,4.6,Resolved,2
100394,2026-01-16,Web,Booking Change,Leisure,Medan,A04,6.5,Resolved,2
100395,2026-01-16,Call Center,Loyalty/Account,First-time,Bali,A08,3.9,Resolved,3
100396,2026-01-16,Web,Baggage Issue,Business,Jakarta,A08,20.8,Resolved,5
100397,2026-01-16,Call Center,Flight Delay,Business,Medan,A08,11.8,Resolved,3
100398,2026-01-16,Call Center,Complaint,Leisure,Surabaya,A03,28.8,Resolved,5
100399,2026-01-16,Call Center,Refund Request,Leisure,Bali,A14,33.0,Resolved,5
100400,2026-01-16,Email,Cancellation,Business,Jakarta,A02,9.9,Resolved,5
100401,2026-01-16,Web,Booking Change,Business,Surabaya,A14,3.0,Resolved,5
100402,2026-01-16,App,Baggage Issue,Leisure,Jakarta,A04,24.4,Resolved,4
100403,2026-01-16,App,Booking Change,Corporate,Jakarta,A08,11.2,Resolved,1
100404,2026-01-16,Web,Flight Delay,First-time,Medan,A06,15.4,Resolved,5
100405,2026-01-16,WhatsApp,Refund Request,Business,Jakarta,A10,17.1,Resolved,3
100406,2026-01-16,Email,Flight Delay,Leisure,Bali,A03,7.4,Resolved,4
100407,2026-01-16,App,Complaint,Business,Makassar,A07,25.8,Resolved,4
100408,2026-01-16,Call Center,Loyalty/Account,Corporate,Medan,A03,2.5,Open,
100409,2026-01-16,App,Baggage Issue,Leisure,Bali,A13,26.8,Resolved,1
100410,2026-01-16,Web,Loyalty/Account,Leisure,Surabaya,A05,3.9,Resolved,3
100411,2026-01-16,Email,Cancellation,Business,Makassar,A06,21.3,Resolved,4
100412,2026-01-16,App,Refund Request,Corporate,Makassar,A12,15.3,Resolved,3
100413,2026-01-16,WhatsApp,Baggage Issue,Business,Medan,A05,18.9,Open,
100414,2026-01-16,Email,Baggage Issue,Leisure,Makassar,A01,19.8,Resolved,4
100415,2026-01-16,Call Center,Complaint,Corporate,Surabaya,A01,36.6,Resolved,1
100416,2026-01-16,Call Center,Complaint,Corporate,Jakarta,A12,25.8,Resolved,5
100417,2026-01-16,Web,Booking Change,Corporate,Bali,A03,5.7,Resolved,5
100418,2026-01-16,WhatsApp,Refund Request,Corporate,Surabaya,A14,17.2,Resolved,5
100419,2026-01-16,App,Cancellation,Business,Surabaya,A12,13.8,Resolved,1
100420,2026-01-16,Web,Booking Change,Corporate,Makassar,A11,5.2,Resolved,1
100421,2026-01-16,Call Center,Booking Change,Leisure,Surabaya,A06,8.5,Resolved,2
100422,2026-01-16,App,Baggage Issue,Corporate,Medan,A05,31.0,Resolved,1
100423,2026-01-17,App,Refund Request,Leisure,Jakarta,A07,18.4,Resolved,5
100424,2026-01-17,Email,Loyalty/Account,Corporate,Makassar,A02,4.6,Resolved,2
100425,2026-01-17,Email,Baggage Issue,Business,Surabaya,A02,18.6,Open,
100426,2026-01-17,Call Center,Refund Request,Leisure,Jakarta,A03,27.0,Resolved,5
100427,2026-01-17,WhatsApp,Booking Change,Leisure,Bali,A10,8.9,Resolved,2
100428,2026-01-17,App,Baggage Issue,First-time,Surabaya,A02,11.0,Resolved,2
100429,2026-01-17,Call Center,Flight Delay,Corporate,Bali,A04,16.0,Resolved,4
100430,2026-01-17,App,Booking Change,Leisure,Medan,A05,7.4,Resolved,3
100431,2026-01-17,Web,Flight Delay,Leisure,Jakarta,A03,3.5,Resolved,5
100432,2026-01-17,Call Center,Complaint,First-time,Medan,A02,3.9,Resolved,5
100433,2026-01-17,Web,Refund Request,First-time,Bali,A08,42.4,Resolved,1
100434,2026-01-17,App,Baggage Issue,Business,Jakarta,A11,20.1,Resolved,4
100435,2026-01-17,App,Loyalty/Account,Business,Makassar,A14,2.5,Resolved,4
100436,2026-01-17,Call Center,Loyalty/Account,Business,Medan,A02,5.3,Resolved,1
100437,2026-01-17,Email,Booking Change,Business,Jakarta,A03,7.4,Resolved,5
100438,2026-01-17,Web,Booking Change,Leisure,Medan,A14,5.5,Resolved,2
100439,2026-01-17,Email,Refund Request,Leisure,Jakarta,A09,21.5,Resolved,5
100440,2026-01-17,Email,Complaint,First-time,Jakarta,A03,29.1,Resolved,4
100441,2026-01-17,WhatsApp,Cancellation,Leisure,Jakarta,A13,12.6,Resolved,5
100442,2026-01-17,WhatsApp,Flight Delay,First-time,Medan,A10,14.3,Resolved,5
100443,2026-01-17,Email,Flight Delay,First-time,Jakarta,A15,17.3,Open,
100444,2026-01-17,App,Flight Delay,Corporate,Bali,A06,6.9,Resolved,5
100445,2026-01-17,Web,Refund Request,First-time,Jakarta,A03,23.8,Resolved,5
100446,2026-01-17,Email,Cancellation,Leisure,Surabaya,A04,16.3,Resolved,4
100447,2026-01-17,WhatsApp,Flight Delay,Corporate,Jakarta,A13,14.2,Resolved,5
100448,2026-01-17,Web,Complaint,Leisure,Surabaya,A15,31.0,Resolved,1
100449,2026-01-17,Call Center,Refund Request,First-time,Jakarta,A12,33.6,Resolved,5
100450,2026-01-17,Call Center,Loyalty/Account,Leisure,Surabaya,A08,5.5,Resolved,5
100451,2026-01-18,Web,Flight Delay,Corporate,Bali,A14,18.3,Resolved,5
100452,2026-01-18,Web,Refund Request,Business,Makassar,A14,17.7,Resolved,5
100453,2026-01-18,App,Booking Change,First-time,Makassar,A14,6.8,Open,
100454,2026-01-18,App,Loyalty/Account,Business,Makassar,A04,1.3,Resolved,4
100455,2026-01-18,Email,Refund Request,Corporate,Medan,A14,24.7,Resolved,4
100456,2026-01-18,App,Complaint,First-time,Makassar,A01,30.0,Resolved,3
100457,2026-01-18,WhatsApp,Complaint,Corporate,Makassar,A10,21.0,Resolved,5
100458,2026-01-18,Call Center,Refund Request,Corporate,Bali,A11,47.8,Resolved,1
100459,2026-01-18,Web,Refund Request,Business,Makassar,A15,52.2,Resolved,4
100460,2026-01-18,Email,Refund Request,Business,Jakarta,A05,38.3,Resolved,4
100461,2026-01-18,WhatsApp,Refund Request,Leisure,Makassar,A14,37.1,Resolved,4
100462,2026-01-18,Call Center,Complaint,Corporate,Makassar,A14,38.4,Resolved,2
100463,2026-01-18,Email,Flight Delay,Corporate,Jakarta,A03,11.6,Resolved,1
100464,2026-01-18,Web,Loyalty/Account,Corporate,Jakarta,A06,1.4,Resolved,4
100465,2026-01-18,Call Center,Flight Delay,Corporate,Bali,A10,9.4,Resolved,2
100466,2026-01-18,Web,Baggage Issue,Leisure,Medan,A09,31.5,Resolved,1
100467,2026-01-18,Web,Flight Delay,First-time,Jakarta,A03,16.4,Resolved,1
100468,2026-01-18,Web,Loyalty/Account,Business,Bali,A13,3.9,Resolved,5
100469,2026-01-18,App,Loyalty/Account,Corporate,Jakarta,A08,3.6,Resolved,3
100470,2026-01-18,WhatsApp,Flight Delay,Leisure,Surabaya,A07,20.0,Resolved,4
100471,2026-01-18,App,Loyalty/Account,First-time,Jakarta,A09,4.5,Open,
100472,2026-01-18,App,Refund Request,Business,Jakarta,A11,41.0,Resolved,5
100473,2026-01-18,App,Complaint,Corporate,Surabaya,A07,15.8,Resolved,5
100474,2026-01-18,WhatsApp,Loyalty/Account,First-time,Makassar,A09,4.0,Resolved,1
100475,2026-01-18,Call Center,Loyalty/Account,Corporate,Medan,A13,5.5,Resolved,4
100476,2026-01-18,App,Refund Request,Business,Surabaya,A10,57.0,Resolved,5
100477,2026-01-18,Call Center,Cancellation,Leisure,Medan,A13,8.8,Resolved,4
100478,2026-01-18,App,Baggage Issue,Leisure,Jakarta,A07,17.5,Resolved,5
100479,2026-01-18,App,Refund Request,Business,Surabaya,A05,25.1,Resolved,4
100480,2026-01-18,WhatsApp,Cancellation,First-time,Jakarta,A12,10.9,Resolved,5
100481,2026-01-18,WhatsApp,Complaint,First-time,Surabaya,A04,27.2,Resolved,5
100482,2026-01-18,WhatsApp,Flight Delay,Business,Jakarta,A08,3.1,Resolved,5
100483,2026-01-18,App,Flight Delay,Business,Jakarta,A11,14.0,Resolved,4
100484,2026-01-18,Call Center,Loyalty/Account,Leisure,Jakarta,A11,4.4,Resolved,1
100485,2026-01-18,App,Refund Request,First-time,Jakarta,A14,31.6,Resolved,2
100486,2026-01-18,App,Refund Request,Leisure,Jakarta,A01,33.0,Resolved,3
100487,2026-01-19,Call Center,Refund Request,First-time,Makassar,A15,28.8,Resolved,5
100488,2026-01-19,Email,Flight Delay,First-time,Bali,A12,7.4,Resolved,3
100489,2026-01-19,Web,Baggage Issue,Business,Jakarta,A12,15.0,Resolved,5
100490,2026-01-19,Email,Loyalty/Account,First-time,Makassar,A03,0.5,Resolved,4
100491,2026-01-19,Email,Baggage Issue,Business,Medan,A02,23.9,Resolved,3
100492,2026-01-19,WhatsApp,Booking Change,Business,Bali,A09,4.3,Resolved,4
100493,2026-01-19,Call Center,Flight Delay,Business,Medan,A11,9.9,Resolved,4
100494,2026-01-19,Web,Loyalty/Account,Leisure,Jakarta,A09,2.6,Resolved,3
100495,2026-01-19,Call Center,Complaint,Leisure,Medan,A04,20.2,Resolved,4
100496,2026-01-19,Email,Refund Request,Business,Jakarta,A08,38.5,Resolved,4
100497,2026-01-19,App,Complaint,First-time,Bali,A08,23.9,Resolved,5
100498,2026-01-19,WhatsApp,Flight Delay,Leisure,Makassar,A11,11.1,Resolved,5
100499,2026-01-19,Call Center,Booking Change,First-time,Bali,A14,7.6,Resolved,4
100500,2026-01-19,Email,Baggage Issue,First-time,Bali,A02,19.7,Resolved,3
100501,2026-01-19,WhatsApp,Booking Change,Corporate,Bali,A09,5.2,Resolved,5
100502,2026-01-19,Call Center,Complaint,First-time,Jakarta,A10,27.2,Resolved,5
100503,2026-01-19,Web,Complaint,Business,Medan,A12,15.5,Open,
100504,2026-01-19,Email,Baggage Issue,Leisure,Medan,A11,28.3,Resolved,3
100505,2026-01-19,App,Loyalty/Account,Leisure,Makassar,A09,6.8,Resolved,3
100506,2026-01-20,App,Cancellation,Business,Surabaya,A07,7.0,Resolved,4
100507,2026-01-20,WhatsApp,Refund Request,First-time,Medan,A15,26.8,Resolved,5
100508,2026-01-20,Email,Refund Request,Business,Surabaya,A10,21.5,Resolved,4
100509,2026-01-20,Web,Refund Request,Corporate,Makassar,A04,34.8,Resolved,1
100510,2026-01-20,WhatsApp,Booking Change,Business,Makassar,A12,9.7,Resolved,1
100511,2026-01-20,WhatsApp,Cancellation,First-time,Makassar,A11,8.5,Resolved,5
100512,2026-01-20,WhatsApp,Complaint,First-time,Jakarta,A02,10.1,Open,
100513,2026-01-20,Call Center,Booking Change,Leisure,Surabaya,A13,7.5,Resolved,5
100514,2026-01-20,WhatsApp,Booking Change,Corporate,Surabaya,A01,0.5,Resolved,5
100515,2026-01-20,Email,Baggage Issue,Business,Makassar,A04,5.2,Resolved,5
100516,2026-01-20,Email,Booking Change,First-time,Medan,A13,5.7,Resolved,5
100517,2026-01-20,Web,Flight Delay,Leisure,Bali,A10,18.5,Resolved,5
100518,2026-01-20,WhatsApp,Baggage Issue,Corporate,Makassar,A12,7.5,Resolved,4
100519,2026-01-20,Web,Loyalty/Account,Corporate,Medan,A11,7.7,Resolved,5
100520,2026-01-20,Call Center,Booking Change,Corporate,Makassar,A03,8.8,Resolved,1
100521,2026-01-20,App,Booking Change,First-time,Surabaya,A03,8.9,Resolved,3
100522,2026-01-20,WhatsApp,Complaint,Corporate,Medan,A09,18.4,Resolved,3
100523,2026-01-20,WhatsApp,Refund Request,Business,Surabaya,A02,31.6,Resolved,5
100524,2026-01-20,Call Center,Refund Request,Business,Bali,A06,23.1,Resolved,2
100525,2026-01-21,Call Center,Flight Delay,Leisure,Jakarta,A08,12.4,Resolved,5
100526,2026-01-21,App,Booking Change,Corporate,Medan,A07,9.4,Resolved,1
100527,2026-01-21,WhatsApp,Booking Change,Corporate,Makassar,A08,4.0,Resolved,5
100528,2026-01-21,WhatsApp,Booking Change,Leisure,Surabaya,A09,6.2,Open,
100529,2026-01-21,App,Booking Change,Business,Medan,A04,2.4,Resolved,4
100530,2026-01-21,App,Baggage Issue,Leisure,Surabaya,A08,15.4,Resolved,5
100531,2026-01-21,WhatsApp,Booking Change,Business,Bali,A02,4.5,Resolved,5
100532,2026-01-21,App,Baggage Issue,First-time,Bali,A07,15.7,Resolved,4
100533,2026-01-21,App,Baggage Issue,Leisure,Makassar,A12,21.9,Resolved,5
100534,2026-01-21,Email,Cancellation,Leisure,Bali,A07,6.9,Resolved,4
100535,2026-01-21,Email,Flight Delay,Business,Surabaya,A13,13.8,Resolved,5
100536,2026-01-21,WhatsApp,Baggage Issue,Corporate,Jakarta,A14,9.4,Resolved,5
100537,2026-01-21,WhatsApp,Booking Change,First-time,Makassar,A02,4.7,Resolved,5
100538,2026-01-21,Web,Flight Delay,Business,Surabaya,A04,19.5,Resolved,5
100539,2026-01-21,Email,Booking Change,Leisure,Makassar,A11,4.1,Resolved,5
100540,2026-01-21,Call Center,Cancellation,First-time,Bali,A03,9.0,Resolved,5
100541,2026-01-21,Call Center,Refund Request,Leisure,Surabaya,A08,14.2,Resolved,5
100542,2026-01-21,Email,Baggage Issue,Corporate,Bali,A03,21.0,Open,
100543,2026-01-21,Call Center,Refund Request,Business,Medan,A14,18.5,Resolved,5
100544,2026-01-21,WhatsApp,Flight Delay,Corporate,Medan,A02,17.6,Resolved,3
100545,2026-01-21,Web,Complaint,Business,Makassar,A05,22.6,Resolved,2
100546,2026-01-21,WhatsApp,Complaint,Leisure,Makassar,A07,10.6,Resolved,5
100547,2026-01-21,WhatsApp,Booking Change,Corporate,Makassar,A08,5.2,Resolved,2
100548,2026-01-21,Email,Baggage Issue,Corporate,Surabaya,A09,14.6,Resolved,5
100549,2026-01-21,Web,Flight Delay,Business,Makassar,A13,6.8,Resolved,2
100550,2026-01-21,Call Center,Baggage Issue,Business,Medan,A01,17.3,Resolved,5
100551,2026-01-22,Web,Refund Request,Business,Jakarta,A09,39.5,Resolved,4
100552,2026-01-22,WhatsApp,Booking Change,Corporate,Jakarta,A11,4.8,Resolved,3
100553,2026-01-22,Email,Refund Request,Business,Medan,A06,8.1,Resolved,5
100554,2026-01-22,Email,Loyalty/Account,Business,Makassar,A06,2.2,Resolved,5
100555,2026-01-22,Web,Complaint,Leisure,Makassar,A08,25.9,Resolved,5
100556,2026-01-22,App,Booking Change,Corporate,Makassar,A11,6.8,Resolved,2
100557,2026-01-22,Email,Cancellation,First-time,Medan,A04,5.1,Resolved,5
100558,2026-01-22,WhatsApp,Booking Change,Business,Surabaya,A01,4.1,Resolved,5
100559,2026-01-22,Email,Booking Change,Business,Makassar,A10,9.4,Resolved,1
100560,2026-01-22,Email,Complaint,Leisure,Surabaya,A10,21.4,Resolved,2
100561,2026-01-22,Web,Booking Change,First-time,Makassar,A13,2.4,Resolved,5
100562,2026-01-22,WhatsApp,Booking Change,Corporate,Medan,A10,4.0,Resolved,5
100563,2026-01-22,WhatsApp,Booking Change,Leisure,Surabaya,A14,9.1,Resolved,3
100564,2026-01-22,WhatsApp,Booking Change,Leisure,Makassar,A13,4.0,Resolved,5
100565,2026-01-22,WhatsApp,Booking Change,Leisure,Medan,A07,5.5,Resolved,5
100566,2026-01-22,WhatsApp,Complaint,First-time,Bali,A13,26.1,Resolved,2
100567,2026-01-22,Web,Cancellation,Leisure,Medan,A05,7.1,Resolved,5
100568,2026-01-22,Web,Complaint,First-time,Bali,A01,25.0,Resolved,2
100569,2026-01-23,Web,Flight Delay,Leisure,Medan,A12,13.6,Resolved,5
100570,2026-01-23,Email,Baggage Issue,Corporate,Makassar,A10,11.0,Resolved,5
100571,2026-01-23,WhatsApp,Cancellation,Business,Medan,A13,7.7,Resolved,5
100572,2026-01-23,Web,Loyalty/Account,Corporate,Medan,A14,3.6,Resolved,5
100573,2026-01-23,Web,Refund Request,Business,Jakarta,A09,21.2,Resolved,4
100574,2026-01-23,App,Cancellation,Business,Medan,A13,12.1,Resolved,5
100575,2026-01-23,App,Loyalty/Account,First-time,Jakarta,A05,4.1,Open,
100576,2026-01-23,WhatsApp,Refund Request,First-time,Makassar,A05,34.8,Resolved,4
100577,2026-01-23,Email,Loyalty/Account,Business,Medan,A01,4.7,Resolved,5
100578,2026-01-23,Web,Booking Change,Business,Makassar,A11,9.4,Open,
100579,2026-01-23,App,Refund Request,Leisure,Surabaya,A05,32.1,Resolved,4
100580,2026-01-23,WhatsApp,Flight Delay,Leisure,Jakarta,A05,7.6,Resolved,5
100581,2026-01-23,Web,Baggage Issue,Corporate,Bali,A10,25.7,Resolved,5
100582,2026-01-23,App,Booking Change,Leisure,Makassar,A09,5.4,Resolved,1
100583,2026-01-23,WhatsApp,Complaint,Corporate,Makassar,A05,15.4,Resolved,4
100584,2026-01-23,WhatsApp,Cancellation,First-time,Medan,A14,0.5,Open,
100585,2026-01-23,Web,Booking Change,Leisure,Medan,A11,4.7,Resolved,5
100586,2026-01-23,Call Center,Flight Delay,Corporate,Surabaya,A02,3.8,Resolved,4
100587,2026-01-23,Call Center,Refund Request,Business,Medan,A06,33.1,Resolved,3
100588,2026-01-23,Web,Loyalty/Account,Business,Medan,A04,6.0,Resolved,1
100589,2026-01-23,WhatsApp,Booking Change,Business,Surabaya,A06,6.6,Resolved,3
100590,2026-01-23,App,Baggage Issue,Leisure,Makassar,A14,20.8,Resolved,3
100591,2026-01-23,Web,Flight Delay,Corporate,Medan,A13,15.4,Resolved,3
100592,2026-01-23,WhatsApp,Booking Change,First-time,Medan,A01,5.0,Resolved,5
100593,2026-01-23,App,Cancellation,Business,Medan,A12,6.5,Open,
100594,2026-01-23,App,Baggage Issue,First-time,Makassar,A06,17.3,Resolved,2
100595,2026-01-23,Call Center,Booking Change,Corporate,Surabaya,A08,8.1,Resolved,4
100596,2026-01-23,Email,Flight Delay,Corporate,Bali,A05,10.9,Resolved,4
100597,2026-01-23,Call Center,Loyalty/Account,Business,Jakarta,A13,4.2,Resolved,5
100598,2026-01-23,App,Loyalty/Account,Business,Medan,A03,5.7,Resolved,5
100599,2026-01-23,Call Center,Loyalty/Account,Corporate,Medan,A05,2.1,Resolved,4
100600,2026-01-23,App,Booking Change,Corporate,Medan,A08,4.8,Resolved,5
100601,2026-01-24,App,Baggage Issue,Corporate,Bali,A07,28.5,Resolved,5
100602,2026-01-24,Call Center,Baggage Issue,Business,Bali,A06,28.0,Resolved,3
100603,2026-01-24,WhatsApp,Cancellation,Leisure,Medan,A05,0.5,Resolved,5
100604,2026-01-24,WhatsApp,Loyalty/Account,First-time,Makassar,A07,4.9,Resolved,5
100605,2026-01-24,Call Center,Booking Change,Business,Bali,A11,5.5,Resolved,5
100606,2026-01-24,WhatsApp,Flight Delay,Corporate,Makassar,A08,15.7,Resolved,5
100607,2026-01-24,App,Booking Change,Business,Bali,A04,6.6,Resolved,1
100608,2026-01-24,WhatsApp,Flight Delay,Leisure,Medan,A13,13.9,Resolved,5
100609,2026-01-24,Call Center,Baggage Issue,Leisure,Medan,A04,18.1,Resolved,5
100610,2026-01-24,Call Center,Complaint,Leisure,Jakarta,A14,31.8,Resolved,1
100611,2026-01-24,Email,Flight Delay,Corporate,Makassar,A03,19.3,Resolved,2
100612,2026-01-24,WhatsApp,Baggage Issue,First-time,Makassar,A05,15.9,Resolved,5
100613,2026-01-24,Call Center,Refund Request,Leisure,Medan,A06,24.1,Open,
100614,2026-01-24,Call Center,Flight Delay,Business,Bali,A08,13.5,Resolved,3
100615,2026-01-24,App,Flight Delay,First-time,Bali,A13,8.4,Resolved,5
100616,2026-01-24,Email,Refund Request,First-time,Makassar,A07,34.2,Resolved,3
100617,2026-01-24,Call Center,Baggage Issue,First-time,Surabaya,A02,13.3,Resolved,2
100618,2026-01-24,WhatsApp,Complaint,Corporate,Bali,A13,27.3,Resolved,5
100619,2026-01-24,App,Booking Change,Business,Bali,A11,3.5,Resolved,5
100620,2026-01-24,WhatsApp,Refund Request,Business,Jakarta,A01,33.6,Resolved,5
100621,2026-01-24,Web,Refund Request,First-time,Jakarta,A02,38.2,Resolved,5
100622,2026-01-24,App,Complaint,Corporate,Medan,A06,33.1,Resolved,2
100623,2026-01-24,App,Booking Change,Corporate,Medan,A09,4.5,Resolved,3
100624,2026-01-24,Email,Complaint,Leisure,Surabaya,A13,25.2,Resolved,5
100625,2026-01-24,App,Loyalty/Account,Business,Medan,A09,3.4,Resolved,1
100626,2026-01-24,WhatsApp,Loyalty/Account,Business,Jakarta,A09,3.1,Resolved,5
100627,2026-01-24,Web,Refund Request,Corporate,Jakarta,A02,31.1,Open,
100628,2026-01-24,Web,Complaint,Leisure,Medan,A01,34.2,Resolved,3
100629,2026-01-24,App,Cancellation,Business,Bali,A04,11.0,Resolved,1
100630,2026-01-25,Web,Baggage Issue,Leisure,Bali,A12,20.6,Resolved,5
100631,2026-01-25,Call Center,Flight Delay,Corporate,Makassar,A13,18.1,Open,
100632,2026-01-25,App,Refund Request,Business,Bali,A08,17.7,Resolved,5
100633,2026-01-25,WhatsApp,Flight Delay,First-time,Surabaya,A03,7.9,Resolved,3
100634,2026-01-25,WhatsApp,Baggage Issue,Business,Jakarta,A03,16.3,Resolved,2
100635,2026-01-25,WhatsApp,Flight Delay,First-time,Jakarta,A07,11.0,Resolved,5
100636,2026-01-25,WhatsApp,Baggage Issue,Corporate,Jakarta,A14,3.2,Resolved,5
100637,2026-01-25,Call Center,Flight Delay,Business,Makassar,A06,8.4,Resolved,4
100638,2026-01-25,App,Booking Change,Business,Surabaya,A04,7.1,Resolved,5
100639,2026-01-25,WhatsApp,Booking Change,First-time,Medan,A10,5.4,Resolved,4
100640,2026-01-25,App,Booking Change,Business,Medan,A08,4.2,Resolved,5
100641,2026-01-25,App,Flight Delay,First-time,Bali,A14,7.6,Resolved,3
100642,2026-01-25,App,Booking Change,Business,Makassar,A02,4.0,Resolved,5
100643,2026-01-25,Web,Booking Change,Business,Makassar,A09,6.0,Resolved,4
100644,2026-01-25,App,Refund Request,First-time,Medan,A03,17.6,Resolved,5
100645,2026-01-25,WhatsApp,Flight Delay,Business,Makassar,A08,21.5,Resolved,1
100646,2026-01-25,Call Center,Complaint,First-time,Medan,A10,15.6,Resolved,5
100647,2026-01-25,Email,Refund Request,Corporate,Bali,A08,30.2,Open,
100648,2026-01-25,Web,Refund Request,Leisure,Makassar,A15,29.9,Resolved,5
100649,2026-01-25,Call Center,Refund Request,Corporate,Jakarta,A15,15.6,Resolved,5
100650,2026-01-25,Web,Booking Change,Corporate,Surabaya,A05,5.0,Resolved,4
100651,2026-01-25,WhatsApp,Refund Request,Corporate,Jakarta,A07,22.4,Resolved,5
100652,2026-01-25,App,Flight Delay,First-time,Makassar,A10,10.6,Resolved,5
100653,2026-01-25,App,Complaint,First-time,Jakarta,A15,25.2,Resolved,5
100654,2026-01-25,App,Complaint,Business,Makassar,A11,15.2,Resolved,5
100655,2026-01-25,WhatsApp,Refund Request,Leisure,Bali,A10,38.4,Resolved,5
100656,2026-01-25,WhatsApp,Cancellation,First-time,Medan,A10,13.8,Resolved,5
100657,2026-01-25,Web,Refund Request,First-time,Surabaya,A06,43.6,Open,
100658,2026-01-25,WhatsApp,Refund Request,Leisure,Medan,A07,37.7,Resolved,5
100659,2026-01-25,Email,Booking Change,Business,Medan,A11,3.2,Resolved,5
100660,2026-01-25,Call Center,Refund Request,Corporate,Medan,A11,23.3,Resolved,5
100661,2026-01-25,Call Center,Baggage Issue,First-time,Bali,A04,13.8,Open,
100662,2026-01-25,Email,Refund Request,Corporate,Makassar,A10,44.5,Resolved,5
100663,2026-01-25,Web,Complaint,Business,Bali,A13,23.5,Resolved,5
100664,2026-01-25,App,Baggage Issue,Business,Bali,A06,15.0,Resolved,5
100665,2026-01-25,Web,Flight Delay,Leisure,Bali,A12,8.9,Resolved,5
100666,2026-01-26,Email,Baggage Issue,Business,Jakarta,A10,16.9,Resolved,4
100667,2026-01-26,Web,Refund Request,Leisure,Bali,A13,26.9,Resolved,1
100668,2026-01-26,App,Booking Change,Corporate,Bali,A01,4.2,Resolved,3
100669,2026-01-26,App,Refund Request,First-time,Makassar,A15,20.4,Resolved,5
100670,2026-01-26,App,Flight Delay,First-time,Makassar,A01,20.8,Resolved,3
100671,2026-01-26,App,Refund Request,First-time,Surabaya,A06,25.5,Resolved,1
100672,2026-01-26,Call Center,Loyalty/Account,Corporate,Jakarta,A15,2.6,Resolved,2
100673,2026-01-26,Web,Loyalty/Account,Corporate,Surabaya,A06,5.9,Resolved,4
100674,2026-01-26,Web,Loyalty/Account,Business,Medan,A10,2.6,Resolved,2
100675,2026-01-26,WhatsApp,Loyalty/Account,Corporate,Medan,A03,4.2,Resolved,2
100676,2026-01-26,Web,Complaint,Corporate,Makassar,A07,29.1,Resolved,1
100677,2026-01-26,App,Booking Change,Business,Bali,A09,2.3,Resolved,4
100678,2026-01-26,Email,Booking Change,Leisure,Bali,A07,5.2,Resolved,3
100679,2026-01-26,Web,Complaint,Corporate,Surabaya,A02,25.5,Resolved,4
100680,2026-01-26,Web,Baggage Issue,Business,Makassar,A04,19.2,Resolved,5
100681,2026-01-26,WhatsApp,Cancellation,First-time,Surabaya,A14,5.0,Resolved,3
100682,2026-01-26,Web,Flight Delay,Business,Surabaya,A04,7.4,Open,
100683,2026-01-26,Email,Cancellation,Leisure,Bali,A04,9.4,Resolved,5
100684,2026-01-26,Email,Loyalty/Account,First-time,Makassar,A12,0.5,Resolved,5
100685,2026-01-26,WhatsApp,Refund Request,First-time,Jakarta,A12,38.6,Resolved,1
100686,2026-01-26,App,Baggage Issue,Leisure,Makassar,A08,7.7,Resolved,3
100687,2026-01-26,WhatsApp,Complaint,Business,Makassar,A07,26.7,Resolved,2
100688,2026-01-26,Email,Loyalty/Account,Business,Bali,A07,4.0,Resolved,3
100689,2026-01-26,Call Center,Refund Request,Business,Medan,A10,46.0,Resolved,4
100690,2026-01-26,App,Baggage Issue,Leisure,Makassar,A03,12.6,Resolved,2
100691,2026-01-27,Call Center,Flight Delay,First-time,Medan,A08,17.2,Resolved,1
100692,2026-01-27,Call Center,Loyalty/Account,Leisure,Bali,A12,4.3,Resolved,3
100693,2026-01-27,App,Booking Change,Leisure,Jakarta,A12,3.8,Resolved,5
100694,2026-01-27,WhatsApp,Complaint,Business,Medan,A07,26.8,Open,
100695,2026-01-27,Web,Booking Change,Corporate,Makassar,A03,7.0,Resolved,5
100696,2026-01-27,Web,Refund Request,First-time,Bali,A02,24.5,Resolved,1
100697,2026-01-27,Email,Booking Change,Corporate,Jakarta,A08,7.8,Open,
100698,2026-01-27,WhatsApp,Loyalty/Account,Business,Surabaya,A11,2.4,Resolved,5
100699,2026-01-27,WhatsApp,Booking Change,Leisure,Surabaya,A05,3.8,Resolved,5
100700,2026-01-27,Web,Booking Change,Corporate,Jakarta,A14,3.9,Open,
100701,2026-01-27,App,Baggage Issue,Corporate,Bali,A01,35.8,Resolved,4
100702,2026-01-27,WhatsApp,Baggage Issue,Business,Medan,A06,32.5,Resolved,5
100703,2026-01-27,App,Refund Request,Corporate,Medan,A13,16.4,Resolved,5
100704,2026-01-27,WhatsApp,Cancellation,Corporate,Bali,A07,12.2,Resolved,3
100705,2026-01-27,WhatsApp,Baggage Issue,Leisure,Makassar,A02,7.1,Resolved,3
100706,2026-01-27,WhatsApp,Refund Request,Corporate,Bali,A10,31.9,Resolved,5
100707,2026-01-27,Email,Booking Change,First-time,Makassar,A08,7.8,Resolved,5
100708,2026-01-27,Email,Booking Change,Leisure,Jakarta,A11,1.3,Resolved,5
100709,2026-01-27,App,Booking Change,First-time,Medan,A06,3.5,Resolved,4
100710,2026-01-27,Call Center,Cancellation,Corporate,Jakarta,A05,15.9,Resolved,4
100711,2026-01-27,Email,Booking Change,Corporate,Bali,A12,0.5,Resolved,5
100712,2026-01-27,App,Complaint,First-time,Medan,A11,13.8,Resolved,5
100713,2026-01-27,Email,Flight Delay,Corporate,Medan,A15,11.6,Resolved,3
100714,2026-01-27,WhatsApp,Refund Request,Leisure,Surabaya,A11,7.2,Resolved,4
100715,2026-01-27,Call Center,Complaint,Leisure,Surabaya,A14,51.0,Resolved,1
100716,2026-01-27,WhatsApp,Baggage Issue,First-time,Surabaya,A02,22.0,Resolved,2
100717,2026-01-27,Call Center,Cancellation,Corporate,Jakarta,A07,17.0,Resolved,1
100718,2026-01-27,App,Refund Request,Corporate,Surabaya,A06,42.7,Resolved,1
100719,2026-01-27,App,Loyalty/Account,First-time,Makassar,A13,2.1,Resolved,3
100720,2026-01-28,Web,Complaint,Corporate,Bali,A13,25.2,Resolved,2
100721,2026-01-28,App,Loyalty/Account,Business,Surabaya,A08,1.6,Resolved,5
100722,2026-01-28,Email,Booking Change,Leisure,Bali,A15,9.1,Open,
100723,2026-01-28,WhatsApp,Flight Delay,Corporate,Jakarta,A13,8.1,Resolved,5
100724,2026-01-28,App,Refund Request,Corporate,Medan,A05,53.4,Resolved,4
100725,2026-01-28,WhatsApp,Booking Change,Leisure,Surabaya,A06,4.2,Resolved,3
100726,2026-01-28,Call Center,Baggage Issue,Business,Jakarta,A10,16.3,Resolved,4
100727,2026-01-28,App,Booking Change,Leisure,Medan,A02,5.2,Resolved,4
100728,2026-01-28,Call Center,Loyalty/Account,First-time,Makassar,A05,4.5,Resolved,5
100729,2026-01-28,WhatsApp,Cancellation,Leisure,Medan,A03,16.0,Resolved,5
100730,2026-01-28,Web,Refund Request,First-time,Medan,A04,41.9,Resolved,1
100731,2026-01-28,Web,Refund Request,Corporate,Medan,A12,39.3,Resolved,5
100732,2026-01-28,App,Flight Delay,Leisure,Medan,A06,9.9,Resolved,2
100733,2026-01-28,WhatsApp,Refund Request,Corporate,Makassar,A03,17.8,Resolved,5
100734,2026-01-28,WhatsApp,Flight Delay,Leisure,Bali,A08,11.8,Resolved,5
100735,2026-01-28,Email,Baggage Issue,Business,Medan,A02,10.9,Resolved,4
100736,2026-01-28,Web,Flight Delay,Corporate,Makassar,A03,19.4,Resolved,5
100737,2026-01-28,WhatsApp,Loyalty/Account,First-time,Jakarta,A10,2.0,Resolved,5
100738,2026-01-28,App,Loyalty/Account,Leisure,Makassar,A11,4.5,Resolved,2
100739,2026-01-28,App,Refund Request,First-time,Jakarta,A04,40.3,Resolved,3
100740,2026-01-28,Email,Booking Change,Business,Surabaya,A09,1.4,Resolved,5
100741,2026-01-28,Call Center,Flight Delay,Business,Bali,A10,14.0,Resolved,1
100742,2026-01-28,WhatsApp,Cancellation,Corporate,Jakarta,A01,4.2,Resolved,5
100743,2026-01-28,Call Center,Complaint,Corporate,Jakarta,A15,21.0,Resolved,3
100744,2026-01-28,Web,Refund Request,Corporate,Jakarta,A07,28.8,Resolved,5
100745,2026-01-28,Email,Refund Request,First-time,Medan,A07,13.0,Resolved,5
100746,2026-01-28,Web,Refund Request,Corporate,Medan,A05,25.1,Resolved,4
100747,2026-01-28,Web,Booking Change,Leisure,Jakarta,A12,8.6,Resolved,5
100748,2026-01-28,WhatsApp,Booking Change,First-time,Medan,A15,3.7,Resolved,5
100749,2026-01-29,Call Center,Flight Delay,First-time,Medan,A04,14.6,Resolved,1
100750,2026-01-29,WhatsApp,Refund Request,Corporate,Medan,A10,45.0,Resolved,1
100751,2026-01-29,WhatsApp,Baggage Issue,Corporate,Jakarta,A08,20.9,Resolved,4
100752,2026-01-29,WhatsApp,Complaint,Corporate,Medan,A02,23.1,Resolved,4
100753,2026-01-29,WhatsApp,Refund Request,Leisure,Makassar,A05,10.3,Resolved,5
100754,2026-01-29,Call Center,Flight Delay,First-time,Makassar,A07,5.2,Resolved,2
100755,2026-01-29,WhatsApp,Refund Request,Business,Jakarta,A12,23.0,Resolved,4
100756,2026-01-29,WhatsApp,Baggage Issue,Leisure,Bali,A01,29.9,Resolved,5
100757,2026-01-29,Web,Flight Delay,Corporate,Bali,A10,10.2,Open,
100758,2026-01-29,Web,Booking Change,Business,Makassar,A11,10.7,Resolved,1
100759,2026-01-29,Web,Refund Request,Business,Medan,A13,26.9,Resolved,1
100760,2026-01-29,Email,Baggage Issue,Business,Medan,A13,17.7,Resolved,4
100761,2026-01-29,WhatsApp,Cancellation,Business,Surabaya,A12,10.7,Resolved,2
100762,2026-01-29,Email,Booking Change,First-time,Medan,A05,5.3,Resolved,1
100763,2026-01-29,Email,Loyalty/Account,Business,Medan,A08,3.8,Resolved,5
100764,2026-01-29,WhatsApp,Complaint,First-time,Bali,A11,35.8,Resolved,5
100765,2026-01-29,WhatsApp,Flight Delay,Corporate,Medan,A15,9.8,Resolved,3
100766,2026-01-29,Web,Refund Request,First-time,Medan,A12,22.2,Resolved,3
100767,2026-01-29,WhatsApp,Flight Delay,Business,Bali,A01,7.8,Open,
100768,2026-01-29,Call Center,Booking Change,Leisure,Medan,A04,2.0,Resolved,5
100769,2026-01-29,WhatsApp,Booking Change,Leisure,Jakarta,A11,7.3,Resolved,5
100770,2026-01-29,Web,Loyalty/Account,Leisure,Makassar,A07,3.3,Resolved,2
100771,2026-01-29,Web,Baggage Issue,Business,Jakarta,A05,15.1,Resolved,5
100772,2026-01-29,Call Center,Loyalty/Account,First-time,Bali,A03,6.3,Resolved,5
100773,2026-01-29,App,Booking Change,First-time,Bali,A05,7.8,Resolved,4
100774,2026-01-29,Email,Loyalty/Account,First-time,Surabaya,A02,3.7,Resolved,3
100775,2026-01-30,Call Center,Baggage Issue,Leisure,Medan,A02,20.7,Resolved,2
100776,2026-01-30,App,Booking Change,First-time,Surabaya,A15,6.2,Open,
100777,2026-01-30,Email,Refund Request,Business,Bali,A10,48.8,Resolved,3
100778,2026-01-30,Web,Flight Delay,Leisure,Makassar,A01,12.2,Resolved,3
100779,2026-01-30,WhatsApp,Cancellation,Leisure,Makassar,A15,13.6,Resolved,5
100780,2026-01-30,WhatsApp,Loyalty/Account,Leisure,Bali,A14,3.9,Resolved,5
100781,2026-01-30,Web,Flight Delay,Corporate,Surabaya,A09,16.6,Resolved,2
100782,2026-01-30,App,Loyalty/Account,Corporate,Medan,A15,4.4,Resolved,3
100783,2026-01-30,WhatsApp,Booking Change,Business,Jakarta,A04,5.1,Resolved,5
100784,2026-01-30,App,Flight Delay,First-time,Jakarta,A06,12.1,Open,
100785,2026-01-30,App,Complaint,Leisure,Medan,A04,29.0,Resolved,3
100786,2026-01-30,Web,Complaint,Business,Makassar,A15,10.7,Resolved,4
100787,2026-01-30,WhatsApp,Flight Delay,Leisure,Medan,A01,12.3,Open,
100788,2026-01-30,Email,Baggage Issue,Corporate,Jakarta,A10,28.4,Resolved,3
100789,2026-01-30,Email,Complaint,Leisure,Jakarta,A10,26.1,Resolved,5
100790,2026-01-30,App,Complaint,First-time,Bali,A11,17.5,Resolved,5
100791,2026-01-30,WhatsApp,Complaint,Business,Jakarta,A03,21.5,Resolved,5
100792,2026-01-30,Web,Cancellation,Business,Medan,A15,11.7,Resolved,5
100793,2026-01-30,App,Complaint,First-time,Surabaya,A15,22.9,Resolved,5
100794,2026-01-30,Email,Baggage Issue,Corporate,Medan,A12,18.1,Resolved,5
100795,2026-01-30,Web,Refund Request,First-time,Medan,A03,27.4,Resolved,5
100796,2026-01-30,Email,Loyalty/Account,Corporate,Bali,A01,3.7,Resolved,5
100797,2026-01-30,Call Center,Loyalty/Account,Leisure,Makassar,A14,4.1,Resolved,3
100798,2026-01-30,Web,Baggage Issue,Corporate,Jakarta,A02,9.1,Resolved,4
100799,2026-01-30,Web,Loyalty/Account,First-time,Medan,A03,3.8,Resolved,5
100800,2026-01-30,Email,Flight Delay,Corporate,Makassar,A01,10.8,Resolved,5
100801,2026-01-30,Email,Flight Delay,Business,Jakarta,A09,19.6,Resolved,2
100802,2026-01-31,App,Flight Delay,Corporate,Surabaya,A06,18.8,Resolved,5
100803,2026-01-31,Web,Flight Delay,Business,Medan,A02,6.6,Resolved,5
100804,2026-01-31,Email,Loyalty/Account,First-time,Surabaya,A06,4.3,Resolved,3
100805,2026-01-31,Call Center,Baggage Issue,Corporate,Surabaya,A03,27.1,Resolved,5
100806,2026-01-31,Call Center,Flight Delay,First-time,Surabaya,A04,13.2,Resolved,4
100807,2026-01-31,WhatsApp,Complaint,Business,Makassar,A14,25.3,Resolved,2
100808,2026-01-31,Call Center,Booking Change,First-time,Medan,A01,8.5,Resolved,2
100809,2026-01-31,WhatsApp,Refund Request,Corporate,Medan,A04,42.5,Resolved,3
100810,2026-01-31,Email,Booking Change,Leisure,Jakarta,A12,4.0,Resolved,5
100811,2026-01-31,Email,Flight Delay,First-time,Jakarta,A08,12.4,Open,
100812,2026-01-31,Call Center,Cancellation,Business,Surabaya,A05,15.1,Resolved,1
100813,2026-01-31,Email,Booking Change,Corporate,Surabaya,A14,3.1,Resolved,5
100814,2026-01-31,Call Center,Booking Change,First-time,Surabaya,A11,4.6,Resolved,4
100815,2026-01-31,Call Center,Complaint,Leisure,Medan,A09,33.9,Resolved,1
100816,2026-01-31,WhatsApp,Flight Delay,Business,Jakarta,A15,13.0,Resolved,1
100817,2026-01-31,App,Flight Delay,Corporate,Jakarta,A07,7.6,Resolved,5
100818,2026-01-31,Web,Flight Delay,Leisure,Makassar,A03,17.0,Resolved,5
100819,2026-01-31,Web,Booking Change,First-time,Makassar,A13,5.9,Resolved,5
100820,2026-01-31,App,Cancellation,Corporate,Jakarta,A06,7.1,Resolved,5
100821,2026-01-31,WhatsApp,Flight Delay,Leisure,Medan,A11,16.7,Resolved,4
100822,2026-01-31,Email,Baggage Issue,Leisure,Surabaya,A02,4.3,Resolved,4
100823,2026-01-31,Web,Refund Request,Leisure,Jakarta,A05,35.2,Resolved,5
100824,2026-01-31,Email,Loyalty/Account,Leisure,Bali,A11,4.6,Resolved,5
100825,2026-01-31,Call Center,Refund Request,First-time,Jakarta,A04,52.4,Resolved,1
100826,2026-01-31,Call Center,Baggage Issue,First-time,Makassar,A11,23.6,Resolved,5
100827,2026-01-31,Call Center,Baggage Issue,First-time,Medan,A10,26.6,Resolved,5
100828,2026-01-31,Web,Flight Delay,Corporate,Jakarta,A06,18.2,Resolved,1
100829,2026-01-31,Call Center,Baggage Issue,Business,Makassar,A03,31.6,Resolved,1
100830,2026-01-31,App,Booking Change,Business,Jakarta,A06,5.2,Resolved,5
100831,2026-02-01,Call Center,Booking Change,Leisure,Bali,A03,3.9,Resolved,5
100832,2026-02-01,Web,Loyalty/Account,First-time,Medan,A08,5.4,Resolved,5
100833,2026-02-01,Email,Loyalty/Account,Corporate,Bali,A15,3.0,Resolved,4
100834,2026-02-01,App,Booking Change,First-time,Bali,A12,11.6,Resolved,5
100835,2026-02-01,App,Baggage Issue,Leisure,Bali,A07,14.2,Resolved,5
100836,2026-02-01,WhatsApp,Baggage Issue,Business,Makassar,A04,14.6,Resolved,3
100837,2026-02-01,Email,Booking Change,Leisure,Makassar,A11,5.5,Resolved,5
100838,2026-02-01,Email,Refund Request,Leisure,Bali,A03,25.5,Resolved,5
100839,2026-02-01,Call Center,Refund Request,Leisure,Bali,A06,25.3,Resolved,5
100840,2026-02-01,Call Center,Loyalty/Account,First-time,Medan,A03,5.6,Resolved,1
100841,2026-02-01,WhatsApp,Flight Delay,First-time,Surabaya,A10,14.8,Resolved,1
100842,2026-02-01,Email,Loyalty/Account,Leisure,Makassar,A02,4.6,Open,
100843,2026-02-01,Web,Baggage Issue,Corporate,Medan,A09,8.9,Resolved,5
100844,2026-02-01,Email,Complaint,Corporate,Makassar,A01,26.9,Resolved,5
100845,2026-02-01,Email,Baggage Issue,First-time,Makassar,A04,18.5,Resolved,1
100846,2026-02-01,Call Center,Complaint,First-time,Jakarta,A07,24.1,Resolved,1
100847,2026-02-01,Call Center,Baggage Issue,Leisure,Jakarta,A08,20.7,Resolved,4
100848,2026-02-01,App,Baggage Issue,Corporate,Medan,A06,17.9,Resolved,4
100849,2026-02-01,App,Complaint,Business,Makassar,A03,15.6,Resolved,5
100850,2026-02-01,App,Refund Request,First-time,Bali,A05,52.3,Resolved,1
100851,2026-02-01,App,Booking Change,Business,Surabaya,A10,6.0,Resolved,2
100852,2026-02-01,Call Center,Cancellation,Corporate,Bali,A02,5.0,Resolved,5
100853,2026-02-01,Call Center,Booking Change,Business,Makassar,A06,6.4,Resolved,5
100854,2026-02-01,WhatsApp,Booking Change,Business,Surabaya,A10,3.6,Resolved,2
100855,2026-02-01,Email,Complaint,Leisure,Medan,A15,39.7,Resolved,3
100856,2026-02-01,Email,Refund Request,Corporate,Surabaya,A15,40.2,Resolved,4
100857,2026-02-01,App,Loyalty/Account,Business,Bali,A12,4.4,Resolved,5
100858,2026-02-01,Web,Refund Request,Business,Surabaya,A02,22.2,Resolved,3
100859,2026-02-01,Email,Booking Change,Leisure,Medan,A01,6.2,Resolved,4
100860,2026-02-02,App,Booking Change,Corporate,Jakarta,A05,6.6,Resolved,2
100861,2026-02-02,Web,Complaint,Business,Makassar,A03,22.9,Resolved,3
100862,2026-02-02,Web,Refund Request,Corporate,Bali,A14,27.4,Resolved,3
100863,2026-02-02,WhatsApp,Refund Request,Leisure,Jakarta,A13,38.4,Resolved,5
100864,2026-02-02,Web,Loyalty/Account,Leisure,Jakarta,A15,4.1,Resolved,3
100865,2026-02-02,App,Refund Request,Business,Medan,A03,47.2,Resolved,3
100866,2026-02-02,Email,Flight Delay,Corporate,Jakarta,A02,0.5,Resolved,5
100867,2026-02-02,App,Refund Request,Corporate,Makassar,A02,27.2,Resolved,4
100868,2026-02-02,WhatsApp,Refund Request,First-time,Surabaya,A07,35.2,Resolved,1
100869,2026-02-02,Call Center,Booking Change,Leisure,Medan,A03,9.6,Resolved,4
100870,2026-02-02,Web,Flight Delay,Leisure,Jakarta,A07,12.6,Resolved,4
100871,2026-02-02,Call Center,Booking Change,Business,Jakarta,A04,4.3,Resolved,5
100872,2026-02-02,WhatsApp,Complaint,First-time,Bali,A10,35.0,Resolved,1
100873,2026-02-02,Email,Baggage Issue,First-time,Bali,A11,12.2,Resolved,5
100874,2026-02-02,Call Center,Cancellation,Leisure,Jakarta,A08,7.5,Resolved,4
100875,2026-02-02,App,Booking Change,Leisure,Jakarta,A08,3.2,Resolved,4
100876,2026-02-02,WhatsApp,Booking Change,Leisure,Jakarta,A13,0.5,Resolved,5
100877,2026-02-02,WhatsApp,Refund Request,First-time,Medan,A05,8.9,Resolved,5
100878,2026-02-02,Email,Cancellation,First-time,Jakarta,A08,8.1,Resolved,5
100879,2026-02-02,WhatsApp,Flight Delay,Leisure,Surabaya,A11,14.6,Resolved,4
100880,2026-02-02,App,Booking Change,First-time,Medan,A10,4.4,Resolved,4
100881,2026-02-02,WhatsApp,Cancellation,First-time,Medan,A14,10.8,Resolved,4
100882,2026-02-02,Call Center,Refund Request,Corporate,Bali,A01,33.4,Open,
100883,2026-02-02,WhatsApp,Booking Change,Corporate,Bali,A01,6.3,Resolved,5
100884,2026-02-02,App,Loyalty/Account,First-time,Bali,A11,1.8,Resolved,5
100885,2026-02-03,App,Baggage Issue,Leisure,Bali,A06,22.3,Open,
100886,2026-02-03,WhatsApp,Baggage Issue,First-time,Makassar,A15,25.8,Resolved,5
100887,2026-02-03,Email,Flight Delay,Leisure,Bali,A10,7.2,Resolved,5
100888,2026-02-03,WhatsApp,Baggage Issue,Corporate,Medan,A13,24.0,Resolved,5
100889,2026-02-03,Web,Baggage Issue,Corporate,Medan,A08,5.2,Resolved,4
100890,2026-02-03,Call Center,Booking Change,Corporate,Jakarta,A10,1.1,Resolved,5
100891,2026-02-03,App,Cancellation,Leisure,Makassar,A10,9.2,Resolved,5
100892,2026-02-03,WhatsApp,Booking Change,Leisure,Bali,A13,6.8,Resolved,3
100893,2026-02-03,Call Center,Refund Request,First-time,Medan,A10,12.2,Resolved,3
100894,2026-02-03,Email,Baggage Issue,Business,Makassar,A04,17.0,Resolved,2
100895,2026-02-03,WhatsApp,Loyalty/Account,Corporate,Makassar,A14,4.2,Resolved,4
100896,2026-02-03,Web,Flight Delay,Corporate,Medan,A04,6.9,Resolved,4
100897,2026-02-03,Call Center,Refund Request,First-time,Medan,A14,32.1,Resolved,5
100898,2026-02-03,WhatsApp,Complaint,Business,Bali,A04,20.9,Resolved,5
100899,2026-02-03,Email,Booking Change,Business,Bali,A08,3.6,Resolved,5
100900,2026-02-03,Call Center,Booking Change,Business,Jakarta,A13,5.1,Resolved,4
100901,2026-02-03,App,Booking Change,Leisure,Medan,A01,6.6,Resolved,1
100902,2026-02-03,App,Loyalty/Account,First-time,Bali,A07,3.5,Resolved,3
100903,2026-02-03,WhatsApp,Booking Change,Leisure,Makassar,A15,8.6,Resolved,1
100904,2026-02-03,Web,Flight Delay,First-time,Jakarta,A10,16.9,Resolved,1
100905,2026-02-03,Email,Refund Request,First-time,Surabaya,A04,34.6,Resolved,4
100906,2026-02-03,WhatsApp,Refund Request,Leisure,Medan,A06,35.9,Resolved,5
100907,2026-02-04,Web,Flight Delay,Business,Bali,A06,7.5,Resolved,4
100908,2026-02-04,Web,Loyalty/Account,Leisure,Jakarta,A05,4.2,Resolved,5
100909,2026-02-04,WhatsApp,Loyalty/Account,Corporate,Jakarta,A14,4.1,Open,
100910,2026-02-04,App,Loyalty/Account,Corporate,Bali,A15,5.7,Resolved,5
100911,2026-02-04,Call Center,Booking Change,Business,Medan,A15,7.3,Resolved,5
100912,2026-02-04,Email,Booking Change,First-time,Medan,A15,2.8,Resolved,4
100913,2026-02-04,Call Center,Complaint,Leisure,Surabaya,A09,33.2,Resolved,3
100914,2026-02-04,Web,Refund Request,Leisure,Jakarta,A11,35.1,Resolved,3
100915,2026-02-04,Call Center,Booking Change,Business,Bali,A10,7.2,Resolved,1
100916,2026-02-04,Email,Complaint,Business,Makassar,A13,26.8,Resolved,4
100917,2026-02-04,Web,Complaint,Business,Bali,A11,16.9,Resolved,5
100918,2026-02-04,WhatsApp,Refund Request,First-time,Medan,A04,24.1,Open,
100919,2026-02-04,Email,Booking Change,Business,Jakarta,A04,5.7,Open,
100920,2026-02-04,App,Baggage Issue,Corporate,Surabaya,A06,32.0,Resolved,2
100921,2026-02-04,Email,Booking Change,First-time,Medan,A02,6.3,Resolved,2
100922,2026-02-04,Web,Refund Request,First-time,Medan,A07,38.0,Resolved,3
100923,2026-02-04,Email,Loyalty/Account,Corporate,Surabaya,A03,3.2,Resolved,5
100924,2026-02-04,WhatsApp,Baggage Issue,Business,Bali,A11,20.2,Resolved,5
100925,2026-02-04,Web,Flight Delay,Corporate,Medan,A12,8.3,Resolved,5
100926,2026-02-04,Web,Flight Delay,Leisure,Bali,A08,15.4,Resolved,1
100927,2026-02-04,Call Center,Loyalty/Account,Leisure,Jakarta,A09,3.0,Resolved,5
100928,2026-02-04,Web,Loyalty/Account,Leisure,Makassar,A05,3.1,Resolved,5
100929,2026-02-04,App,Refund Request,First-time,Surabaya,A06,26.8,Resolved,5
100930,2026-02-04,Call Center,Loyalty/Account,First-time,Bali,A15,2.3,Resolved,3
100931,2026-02-04,Call Center,Refund Request,Corporate,Makassar,A07,38.2,Resolved,2
100932,2026-02-04,Web,Booking Change,First-time,Jakarta,A03,4.7,Open,
100933,2026-02-05,Email,Booking Change,Corporate,Surabaya,A07,9.8,Resolved,4
100934,2026-02-05,Email,Loyalty/Account,First-time,Medan,A02,6.3,Resolved,1
100935,2026-02-05,Call Center,Booking Change,Leisure,Surabaya,A03,8.0,Resolved,3
100936,2026-02-05,App,Baggage Issue,Business,Makassar,A09,7.7,Resolved,5
100937,2026-02-05,App,Loyalty/Account,Business,Medan,A15,3.4,Resolved,5
100938,2026-02-05,Web,Refund Request,Leisure,Bali,A01,38.6,Resolved,1
100939,2026-02-05,WhatsApp,Baggage Issue,First-time,Bali,A11,37.0,Resolved,1
100940,2026-02-05,App,Refund Request,Business,Surabaya,A13,31.2,Resolved,5
100941,2026-02-05,WhatsApp,Booking Change,Leisure,Makassar,A07,7.5,Resolved,2
100942,2026-02-05,Web,Refund Request,Leisure,Surabaya,A07,35.1,Resolved,5
100943,2026-02-05,Call Center,Cancellation,Business,Jakarta,A08,12.1,Resolved,1
100944,2026-02-05,Call Center,Baggage Issue,Corporate,Jakarta,A09,6.9,Resolved,5
100945,2026-02-05,WhatsApp,Refund Request,Corporate,Makassar,A07,40.6,Resolved,5
100946,2026-02-05,WhatsApp,Baggage Issue,Leisure,Jakarta,A06,22.1,Resolved,3
100947,2026-02-05,WhatsApp,Baggage Issue,Business,Medan,A11,16.2,Resolved,5
100948,2026-02-05,Web,Complaint,Corporate,Surabaya,A11,20.8,Resolved,2
100949,2026-02-05,App,Flight Delay,Corporate,Makassar,A09,13.3,Resolved,5
100950,2026-02-05,Call Center,Booking Change,Corporate,Bali,A10,6.3,Resolved,4
100951,2026-02-05,Web,Booking Change,First-time,Surabaya,A14,5.2,Resolved,5
100952,2026-02-05,WhatsApp,Baggage Issue,First-time,Medan,A13,19.9,Resolved,1
100953,2026-02-06,App,Complaint,Business,Surabaya,A12,31.4,Resolved,4
100954,2026-02-06,App,Booking Change,First-time,Jakarta,A03,5.8,Resolved,5
100955,2026-02-06,WhatsApp,Flight Delay,First-time,Bali,A14,16.5,Resolved,2
100956,2026-02-06,Web,Refund Request,Corporate,Jakarta,A03,28.1,Open,
100957,2026-02-06,App,Booking Change,Leisure,Surabaya,A04,4.7,Resolved,3
100958,2026-02-06,Call Center,Complaint,Business,Jakarta,A13,24.6,Resolved,5
100959,2026-02-06,Email,Booking Change,Business,Surabaya,A08,1.3,Resolved,5
100960,2026-02-06,Call Center,Baggage Issue,First-time,Jakarta,A01,20.5,Resolved,1
100961,2026-02-06,WhatsApp,Flight Delay,First-time,Medan,A10,9.9,Open,
100962,2026-02-06,App,Refund Request,First-time,Surabaya,A09,0.5,Open,
100963,2026-02-06,Email,Baggage Issue,Leisure,Bali,A15,9.7,Resolved,5
100964,2026-02-06,Call Center,Cancellation,Leisure,Surabaya,A12,10.8,Resolved,5
100965,2026-02-06,Call Center,Refund Request,Business,Makassar,A15,11.5,Resolved,5
100966,2026-02-06,Call Center,Refund Request,First-time,Medan,A13,16.2,Resolved,2
100967,2026-02-06,App,Booking Change,Business,Bali,A11,4.5,Resolved,5
100968,2026-02-06,Web,Complaint,First-time,Bali,A04,24.6,Resolved,1
100969,2026-02-06,Web,Refund Request,Corporate,Bali,A03,42.0,Open,
100970,2026-02-06,WhatsApp,Booking Change,First-time,Jakarta,A04,1.5,Resolved,5
100971,2026-02-06,App,Refund Request,Corporate,Bali,A13,36.8,Resolved,3
100972,2026-02-06,Email,Flight Delay,Leisure,Jakarta,A13,9.4,Resolved,3
100973,2026-02-06,WhatsApp,Booking Change,Leisure,Makassar,A13,6.7,Resolved,4
100974,2026-02-06,Call Center,Booking Change,Leisure,Surabaya,A03,5.1,Resolved,4
100975,2026-02-06,Web,Cancellation,First-time,Jakarta,A11,5.2,Resolved,5
100976,2026-02-06,Email,Loyalty/Account,Leisure,Surabaya,A06,6.2,Resolved,5
100977,2026-02-06,Web,Refund Request,First-time,Bali,A03,30.3,Resolved,5
100978,2026-02-06,WhatsApp,Flight Delay,First-time,Medan,A13,6.1,Resolved,3
100979,2026-02-06,App,Flight Delay,Leisure,Makassar,A02,9.4,Resolved,5
100980,2026-02-06,WhatsApp,Refund Request,Leisure,Surabaya,A01,40.3,Resolved,1
100981,2026-02-06,Email,Complaint,Corporate,Medan,A15,18.9,Resolved,3
100982,2026-02-06,WhatsApp,Loyalty/Account,Leisure,Bali,A10,2.2,Resolved,4
100983,2026-02-06,WhatsApp,Flight Delay,Business,Makassar,A13,8.2,Resolved,3
100984,2026-02-06,App,Baggage Issue,Business,Bali,A01,12.7,Resolved,5
100985,2026-02-06,WhatsApp,Cancellation,Business,Makassar,A05,11.1,Resolved,5
100986,2026-02-06,WhatsApp,Baggage Issue,Leisure,Jakarta,A10,26.4,Resolved,1
100987,2026-02-06,App,Refund Request,First-time,Makassar,A12,40.8,Resolved,5
100988,2026-02-06,Call Center,Booking Change,Leisure,Medan,A10,6.9,Resolved,4
100989,2026-02-06,Call Center,Loyalty/Account,Business,Bali,A05,2.5,Resolved,5
100990,2026-02-07,Call Center,Flight Delay,Business,Jakarta,A09,4.4,Resolved,4
100991,2026-02-07,Email,Refund Request,Leisure,Surabaya,A14,25.5,Resolved,5
100992,2026-02-07,WhatsApp,Booking Change,Leisure,Bali,A07,6.6,Resolved,4
100993,2026-02-07,Email,Refund Request,Corporate,Makassar,A11,18.5,Resolved,5
100994,2026-02-07,WhatsApp,Loyalty/Account,Business,Surabaya,A03,4.8,Resolved,4
100995,2026-02-07,Email,Loyalty/Account,Leisure,Surabaya,A08,4.9,Resolved,1
100996,2026-02-07,App,Booking Change,First-time,Jakarta,A06,6.3,Resolved,5
100997,2026-02-07,Call Center,Booking Change,Corporate,Bali,A05,5.8,Resolved,3
100998,2026-02-07,Web,Flight Delay,Corporate,Bali,A03,13.1,Resolved,4
100999,2026-02-07,App,Booking Change,Corporate,Jakarta,A07,3.9,Resolved,5
101000,2026-02-07,WhatsApp,Refund Request,Business,Surabaya,A11,31.2,Resolved,5
101001,2026-02-07,WhatsApp,Flight Delay,Corporate,Jakarta,A11,8.6,Resolved,5
101002,2026-02-07,App,Booking Change,First-time,Bali,A14,4.3,Resolved,5
101003,2026-02-07,App,Baggage Issue,Corporate,Makassar,A11,13.6,Resolved,4
101004,2026-02-07,WhatsApp,Booking Change,Business,Medan,A15,5.4,Open,
101005,2026-02-07,Call Center,Baggage Issue,Business,Jakarta,A13,21.7,Resolved,4
101006,2026-02-07,WhatsApp,Booking Change,Corporate,Medan,A01,10.3,Resolved,1
101007,2026-02-07,App,Refund Request,Business,Medan,A14,18.4,Resolved,2
101008,2026-02-07,Web,Flight Delay,Corporate,Surabaya,A05,11.2,Resolved,5
101009,2026-02-07,WhatsApp,Loyalty/Account,Business,Jakarta,A06,5.1,Resolved,5
101010,2026-02-07,Email,Booking Change,Corporate,Bali,A14,9.4,Resolved,5
101011,2026-02-07,WhatsApp,Refund Request,Business,Medan,A13,0.7,Resolved,5
101012,2026-02-07,App,Flight Delay,Leisure,Medan,A07,11.7,Resolved,1
101013,2026-02-07,WhatsApp,Booking Change,Leisure,Surabaya,A11,6.4,Resolved,5
101014,2026-02-07,Call Center,Baggage Issue,Business,Surabaya,A09,12.0,Resolved,3
101015,2026-02-07,Email,Flight Delay,First-time,Makassar,A01,17.4,Resolved,5
101016,2026-02-07,Email,Loyalty/Account,Leisure,Jakarta,A05,4.0,Resolved,2
101017,2026-02-07,WhatsApp,Refund Request,Corporate,Surabaya,A14,26.3,Resolved,4
101018,2026-02-07,Web,Refund Request,First-time,Jakarta,A12,29.8,Resolved,5
101019,2026-02-07,Call Center,Flight Delay,Corporate,Bali,A13,11.0,Resolved,5
101020,2026-02-08,Web,Flight Delay,Corporate,Jakarta,A11,8.3,Resolved,4
101021,2026-02-08,Email,Booking Change,Leisure,Surabaya,A09,9.0,Resolved,3
101022,2026-02-08,App,Complaint,Leisure,Makassar,A15,14.8,Resolved,4
101023,2026-02-08,WhatsApp,Baggage Issue,Corporate,Medan,A06,7.6,Resolved,2
101024,2026-02-08,Email,Booking Change,Corporate,Surabaya,A01,9.0,Resolved,5
101025,2026-02-08,App,Refund Request,Corporate,Surabaya,A14,22.3,Resolved,5
101026,2026-02-08,Call Center,Flight Delay,Corporate,Jakarta,A08,9.3,Resolved,4
101027,2026-02-08,App,Booking Change,Business,Medan,A14,5.5,Resolved,5
101028,2026-02-08,WhatsApp,Cancellation,Business,Jakarta,A03,14.6,Resolved,5
101029,2026-02-08,Call Center,Loyalty/Account,Business,Makassar,A04,4.2,Resolved,3
101030,2026-02-08,Email,Baggage Issue,First-time,Jakarta,A11,16.7,Resolved,4
101031,2026-02-08,Email,Complaint,Corporate,Medan,A05,32.4,Resolved,4
101032,2026-02-08,Call Center,Booking Change,Business,Jakarta,A15,8.0,Resolved,4
101033,2026-02-08,App,Booking Change,Business,Bali,A15,5.5,Resolved,1
101034,2026-02-08,Web,Flight Delay,Leisure,Surabaya,A03,11.5,Resolved,5
101035,2026-02-08,Email,Baggage Issue,Leisure,Medan,A13,30.7,Resolved,1
101036,2026-02-08,Call Center,Refund Request,First-time,Surabaya,A14,33.2,Open,
101037,2026-02-08,WhatsApp,Refund Request,Business,Jakarta,A10,25.0,Resolved,5
101038,2026-02-08,Call Center,Loyalty/Account,Leisure,Medan,A15,4.3,Resolved,5
101039,2026-02-08,Call Center,Booking Change,First-time,Jakarta,A10,5.4,Resolved,4
101040,2026-02-08,App,Refund Request,First-time,Medan,A10,26.8,Resolved,5
101041,2026-02-08,Email,Baggage Issue,Leisure,Medan,A08,22.2,Resolved,5
101042,2026-02-08,WhatsApp,Loyalty/Account,Leisure,Medan,A06,0.8,Resolved,5
101043,2026-02-08,Web,Booking Change,Leisure,Makassar,A15,2.9,Resolved,5
101044,2026-02-08,Web,Cancellation,First-time,Surabaya,A03,7.5,Resolved,5
101045,2026-02-08,Call Center,Refund Request,First-time,Makassar,A05,17.0,Resolved,5
101046,2026-02-08,App,Baggage Issue,Corporate,Bali,A09,13.5,Resolved,4
101047,2026-02-09,Call Center,Refund Request,Leisure,Medan,A04,47.0,Resolved,5
101048,2026-02-09,WhatsApp,Booking Change,First-time,Medan,A12,5.5,Resolved,4
101049,2026-02-09,Call Center,Loyalty/Account,Corporate,Medan,A03,6.6,Resolved,3
101050,2026-02-09,Email,Loyalty/Account,Business,Surabaya,A10,6.0,Resolved,4
101051,2026-02-09,Web,Cancellation,Corporate,Medan,A07,14.9,Resolved,5
101052,2026-02-09,Call Center,Booking Change,Leisure,Surabaya,A08,12.7,Resolved,1
101053,2026-02-09,Web,Cancellation,Leisure,Jakarta,A04,9.4,Resolved,5
101054,2026-02-09,Web,Complaint,Business,Surabaya,A01,30.6,Resolved,5
101055,2026-02-09,App,Booking Change,Business,Medan,A06,7.9,Resolved,1
101056,2026-02-09,App,Baggage Issue,First-time,Jakarta,A03,15.6,Resolved,5
101057,2026-02-09,Call Center,Booking Change,First-time,Bali,A10,2.9,Resolved,4
101058,2026-02-09,Call Center,Baggage Issue,Corporate,Surabaya,A04,22.4,Open,
101059,2026-02-09,WhatsApp,Complaint,Business,Makassar,A15,8.6,Resolved,4
101060,2026-02-09,Email,Baggage Issue,Business,Makassar,A13,18.8,Resolved,3
101061,2026-02-09,Call Center,Refund Request,First-time,Surabaya,A12,17.0,Resolved,5
101062,2026-02-09,App,Refund Request,First-time,Makassar,A04,43.2,Resolved,5
101063,2026-02-09,Call Center,Complaint,First-time,Surabaya,A07,33.6,Resolved,4
101064,2026-02-09,Call Center,Flight Delay,Business,Jakarta,A08,8.0,Resolved,5
101065,2026-02-10,Email,Flight Delay,Corporate,Medan,A08,7.8,Resolved,5
101066,2026-02-10,Call Center,Booking Change,First-time,Surabaya,A11,6.9,Resolved,1
101067,2026-02-10,Web,Refund Request,Leisure,Bali,A02,38.3,Resolved,5
101068,2026-02-10,Call Center,Baggage Issue,Corporate,Bali,A04,22.6,Resolved,1
101069,2026-02-10,Call Center,Loyalty/Account,Corporate,Jakarta,A05,5.2,Resolved,4
101070,2026-02-10,WhatsApp,Baggage Issue,Leisure,Medan,A13,6.7,Resolved,4
101071,2026-02-10,Web,Refund Request,Business,Medan,A09,17.0,Resolved,3
101072,2026-02-10,Web,Refund Request,Leisure,Bali,A07,22.1,Resolved,4
101073,2026-02-10,App,Booking Change,First-time,Makassar,A06,9.1,Resolved,1
101074,2026-02-10,Web,Flight Delay,Corporate,Bali,A07,19.5,Resolved,1
101075,2026-02-10,WhatsApp,Cancellation,Corporate,Bali,A01,9.1,Resolved,1
101076,2026-02-10,Web,Loyalty/Account,First-time,Medan,A07,3.8,Resolved,5
101077,2026-02-10,Email,Flight Delay,Corporate,Makassar,A11,13.7,Resolved,4
101078,2026-02-10,Web,Booking Change,First-time,Jakarta,A04,5.3,Resolved,1
101079,2026-02-10,WhatsApp,Refund Request,Business,Bali,A02,19.0,Open,
101080,2026-02-10,Web,Refund Request,First-time,Medan,A02,33.2,Resolved,5
101081,2026-02-10,Web,Cancellation,First-time,Surabaya,A14,11.2,Resolved,4
101082,2026-02-10,Web,Baggage Issue,Corporate,Makassar,A09,25.4,Resolved,4
101083,2026-02-11,App,Booking Change,Business,Medan,A14,2.5,Resolved,3
101084,2026-02-11,WhatsApp,Complaint,First-time,Medan,A01,34.3,Resolved,5
101085,2026-02-11,Call Center,Loyalty/Account,First-time,Bali,A07,1.8,Resolved,5
101086,2026-02-11,Email,Loyalty/Account,First-time,Medan,A15,2.1,Resolved,4
101087,2026-02-11,Web,Booking Change,Leisure,Surabaya,A05,8.2,Resolved,5
101088,2026-02-11,Email,Cancellation,Business,Medan,A13,6.7,Resolved,2
101089,2026-02-11,Call Center,Booking Change,Leisure,Makassar,A07,4.3,Resolved,5
101090,2026-02-11,Call Center,Booking Change,First-time,Medan,A12,6.6,Resolved,5
101091,2026-02-11,Web,Booking Change,Corporate,Jakarta,A06,4.7,Resolved,5
101092,2026-02-11,Email,Baggage Issue,First-time,Surabaya,A14,10.9,Resolved,5
101093,2026-02-11,Call Center,Complaint,Leisure,Surabaya,A02,14.7,Resolved,4
101094,2026-02-11,Call Center,Baggage Issue,Business,Medan,A03,16.5,Resolved,5
101095,2026-02-11,App,Baggage Issue,Business,Medan,A14,12.2,Resolved,4
101096,2026-02-11,App,Booking Change,Corporate,Medan,A10,3.8,Open,
101097,2026-02-11,Call Center,Cancellation,Business,Surabaya,A15,10.1,Resolved,1
101098,2026-02-11,Web,Refund Request,Business,Jakarta,A15,35.2,Resolved,1
101099,2026-02-11,Email,Baggage Issue,Business,Jakarta,A09,23.0,Resolved,5
101100,2026-02-11,App,Booking Change,First-time,Medan,A04,7.3,Resolved,5
101101,2026-02-11,App,Booking Change,First-time,Bali,A07,6.4,Resolved,5
101102,2026-02-11,Web,Baggage Issue,Leisure,Jakarta,A07,22.9,Resolved,3
101103,2026-02-11,WhatsApp,Loyalty/Account,Leisure,Makassar,A03,4.0,Resolved,4
101104,2026-02-12,Web,Baggage Issue,Business,Bali,A11,21.2,Resolved,3
101105,2026-02-12,Call Center,Loyalty/Account,First-time,Jakarta,A01,2.4,Resolved,4
101106,2026-02-12,App,Refund Request,Leisure,Surabaya,A10,20.0,Resolved,5
101107,2026-02-12,WhatsApp,Refund Request,First-time,Surabaya,A02,40.8,Resolved,5
101108,2026-02-12,WhatsApp,Booking Change,Leisure,Surabaya,A08,6.9,Resolved,5
101109,2026-02-12,Email,Refund Request,Leisure,Makassar,A11,37.7,Resolved,2
101110,2026-02-12,App,Refund Request,Business,Makassar,A15,11.5,Resolved,3
101111,2026-02-12,Email,Complaint,Business,Makassar,A09,19.5,Open,
101112,2026-02-12,App,Complaint,Leisure,Surabaya,A11,33.3,Resolved,1
101113,2026-02-12,WhatsApp,Booking Change,Business,Makassar,A14,6.5,Resolved,5
101114,2026-02-12,Web,Flight Delay,Business,Surabaya,A07,8.9,Resolved,5
101115,2026-02-12,Call Center,Refund Request,First-time,Surabaya,A14,31.0,Resolved,5
101116,2026-02-12,WhatsApp,Booking Change,First-time,Medan,A10,5.0,Resolved,3
101117,2026-02-12,Email,Complaint,First-time,Jakarta,A07,33.8,Resolved,3
101118,2026-02-12,Email,Booking Change,Business,Bali,A08,2.8,Resolved,5
101119,2026-02-12,Call Center,Baggage Issue,First-time,Jakarta,A03,17.0,Resolved,5
101120,2026-02-12,Email,Complaint,Corporate,Medan,A15,17.8,Resolved,5
101121,2026-02-12,Call Center,Cancellation,First-time,Medan,A11,11.5,Resolved,1
101122,2026-02-12,Email,Booking Change,Business,Surabaya,A05,5.9,Resolved,3
101123,2026-02-12,App,Refund Request,First-time,Bali,A11,20.5,Resolved,5
101124,2026-02-12,Web,Loyalty/Account,Corporate,Jakarta,A05,5.1,Resolved,1
101125,2026-02-12,WhatsApp,Booking Change,Business,Makassar,A11,6.2,Resolved,4
101126,2026-02-12,App,Loyalty/Account,First-time,Makassar,A09,3.8,Resolved,2
101127,2026-02-12,Call Center,Booking Change,First-time,Bali,A09,9.4,Resolved,4
101128,2026-02-13,WhatsApp,Cancellation,Leisure,Jakarta,A13,8.8,Resolved,3
101129,2026-02-13,Call Center,Refund Request,Business,Medan,A01,52.0,Open,
101130,2026-02-13,Email,Booking Change,First-time,Makassar,A11,5.6,Resolved,5
101131,2026-02-13,Web,Booking Change,Business,Surabaya,A08,8.4,Resolved,1
101132,2026-02-13,Web,Booking Change,Leisure,Surabaya,A05,11.3,Resolved,1
101133,2026-02-13,App,Flight Delay,Leisure,Surabaya,A05,14.1,Resolved,5
101134,2026-02-13,App,Refund Request,First-time,Jakarta,A01,33.2,Resolved,1
101135,2026-02-13,Web,Baggage Issue,Leisure,Jakarta,A09,19.8,Resolved,1
101136,2026-02-13,Call Center,Refund Request,First-time,Medan,A10,18.8,Resolved,5
101137,2026-02-13,Call Center,Loyalty/Account,Corporate,Surabaya,A11,2.2,Resolved,3
101138,2026-02-13,Email,Complaint,Leisure,Medan,A12,31.9,Resolved,1
101139,2026-02-13,Call Center,Booking Change,Leisure,Makassar,A12,6.0,Resolved,3
101140,2026-02-13,App,Complaint,First-time,Surabaya,A11,16.7,Resolved,3
101141,2026-02-13,Call Center,Booking Change,Corporate,Jakarta,A11,2.9,Resolved,5
101142,2026-02-13,App,Booking Change,First-time,Medan,A12,7.1,Resolved,3
101143,2026-02-13,Email,Cancellation,Leisure,Surabaya,A13,16.5,Resolved,1
101144,2026-02-13,Email,Flight Delay,First-time,Jakarta,A11,16.7,Resolved,5
101145,2026-02-13,Email,Booking Change,Leisure,Jakarta,A12,11.4,Resolved,3
101146,2026-02-13,App,Refund Request,Corporate,Medan,A11,35.0,Resolved,4
101147,2026-02-13,Web,Cancellation,Leisure,Bali,A15,1.9,Resolved,5
101148,2026-02-13,Email,Loyalty/Account,First-time,Makassar,A13,2.3,Resolved,5
101149,2026-02-13,Call Center,Refund Request,Leisure,Jakarta,A12,23.5,Resolved,4
101150,2026-02-13,WhatsApp,Booking Change,Corporate,Medan,A12,5.2,Open,
101151,2026-02-13,Email,Booking Change,Business,Medan,A06,6.6,Resolved,5
101152,2026-02-13,Email,Baggage Issue,Business,Jakarta,A01,5.2,Resolved,5
101153,2026-02-13,Email,Booking Change,Corporate,Surabaya,A11,2.9,Resolved,4
101154,2026-02-13,Call Center,Complaint,Leisure,Makassar,A05,27.6,Resolved,3
101155,2026-02-13,Email,Refund Request,First-time,Surabaya,A05,26.7,Resolved,5
101156,2026-02-13,App,Complaint,Business,Surabaya,A15,15.1,Resolved,5
101157,2026-02-13,Web,Flight Delay,First-time,Bali,A01,7.8,Resolved,2
101158,2026-02-14,Call Center,Refund Request,Leisure,Makassar,A05,26.8,Resolved,5
101159,2026-02-14,Web,Complaint,First-time,Jakarta,A06,24.2,Resolved,2
101160,2026-02-14,WhatsApp,Cancellation,First-time,Surabaya,A03,4.7,Resolved,5
101161,2026-02-14,Web,Loyalty/Account,Business,Surabaya,A12,3.1,Resolved,5
101162,2026-02-14,Email,Complaint,Business,Medan,A11,16.6,Resolved,2
101163,2026-02-14,App,Booking Change,First-time,Surabaya,A02,9.5,Resolved,1
101164,2026-02-14,App,Baggage Issue,First-time,Surabaya,A02,16.7,Resolved,5
101165,2026-02-14,App,Cancellation,Business,Medan,A13,2.8,Resolved,5
101166,2026-02-14,App,Flight Delay,Leisure,Jakarta,A02,14.0,Resolved,3
101167,2026-02-14,WhatsApp,Loyalty/Account,Business,Jakarta,A10,5.8,Resolved,5
101168,2026-02-14,Email,Baggage Issue,First-time,Medan,A05,17.3,Resolved,5
101169,2026-02-14,App,Booking Change,Business,Medan,A07,3.2,Resolved,5
101170,2026-02-14,App,Flight Delay,Leisure,Surabaya,A03,9.9,Resolved,4
101171,2026-02-14,App,Booking Change,First-time,Bali,A01,7.1,Resolved,4
101172,2026-02-14,App,Complaint,Leisure,Jakarta,A09,28.7,Resolved,1
101173,2026-02-14,Call Center,Booking Change,Leisure,Surabaya,A01,8.7,Resolved,2
101174,2026-02-14,WhatsApp,Flight Delay,First-time,Bali,A15,10.1,Resolved,5
101175,2026-02-14,App,Flight Delay,Business,Jakarta,A04,14.6,Resolved,5
101176,2026-02-14,Call Center,Booking Change,Business,Makassar,A05,6.3,Resolved,4
101177,2026-02-14,Email,Booking Change,Corporate,Bali,A11,8.0,Resolved,5
101178,2026-02-14,Web,Flight Delay,Business,Makassar,A02,9.2,Resolved,5
101179,2026-02-14,WhatsApp,Baggage Issue,Business,Bali,A11,12.8,Resolved,3
101180,2026-02-14,App,Refund Request,First-time,Medan,A10,18.5,Resolved,5
101181,2026-02-14,Call Center,Flight Delay,First-time,Jakarta,A11,20.9,Resolved,5
101182,2026-02-14,App,Complaint,Corporate,Jakarta,A07,35.2,Resolved,5
101183,2026-02-14,WhatsApp,Loyalty/Account,Leisure,Surabaya,A12,5.5,Resolved,5
101184,2026-02-14,Call Center,Refund Request,Corporate,Makassar,A10,18.7,Resolved,5
101185,2026-02-14,Call Center,Refund Request,First-time,Surabaya,A13,28.3,Resolved,4
101186,2026-02-14,Web,Complaint,First-time,Makassar,A05,0.5,Open,
101187,2026-02-14,Web,Flight Delay,Business,Surabaya,A07,8.5,Resolved,4
101188,2026-02-14,Email,Refund Request,Business,Makassar,A12,26.1,Resolved,5
101189,2026-02-14,Call Center,Refund Request,First-time,Makassar,A05,43.9,Resolved,1
101190,2026-02-14,Email,Refund Request,Leisure,Bali,A13,25.7,Resolved,5
101191,2026-02-14,Web,Booking Change,Business,Jakarta,A10,9.7,Resolved,3
101192,2026-02-14,Web,Complaint,First-time,Makassar,A08,29.6,Resolved,3
101193,2026-02-14,App,Baggage Issue,Leisure,Medan,A10,23.0,Open,
101194,2026-02-15,WhatsApp,Cancellation,Corporate,Surabaya,A11,17.0,Resolved,2
101195,2026-02-15,App,Loyalty/Account,Business,Surabaya,A06,5.0,Resolved,4
101196,2026-02-15,Call Center,Refund Request,Corporate,Jakarta,A15,17.8,Resolved,3
101197,2026-02-15,Call Center,Complaint,Leisure,Bali,A08,22.2,Resolved,4
101198,2026-02-15,App,Booking Change,Corporate,Makassar,A15,7.6,Resolved,3
101199,2026-02-15,WhatsApp,Flight Delay,Corporate,Jakarta,A08,9.9,Open,
101200,2026-02-15,Call Center,Loyalty/Account,Business,Medan,A01,5.3,Resolved,4
101201,2026-02-15,App,Booking Change,Business,Medan,A15,4.6,Resolved,5
101202,2026-02-15,Email,Refund Request,Corporate,Bali,A15,30.6,Resolved,2
101203,2026-02-15,Web,Booking Change,First-time,Medan,A03,4.4,Resolved,3
101204,2026-02-15,App,Booking Change,Business,Bali,A03,8.0,Resolved,2
101205,2026-02-15,Email,Loyalty/Account,Business,Surabaya,A11,4.8,Resolved,4
101206,2026-02-15,Email,Cancellation,Business,Bali,A09,9.8,Resolved,3
101207,2026-02-15,App,Complaint,Business,Jakarta,A13,29.5,Resolved,2
101208,2026-02-15,WhatsApp,Refund Request,Corporate,Medan,A12,30.9,Open,
101209,2026-02-15,App,Flight Delay,Corporate,Medan,A13,6.0,Resolved,5
101210,2026-02-15,Web,Refund Request,Leisure,Bali,A11,37.2,Resolved,5
101211,2026-02-15,WhatsApp,Cancellation,Leisure,Makassar,A03,13.0,Resolved,5
101212,2026-02-15,Call Center,Booking Change,First-time,Jakarta,A04,10.4,Resolved,3
101213,2026-02-15,Email,Baggage Issue,Leisure,Jakarta,A07,7.0,Resolved,5
101214,2026-02-15,Email,Flight Delay,Leisure,Makassar,A11,10.8,Open,
101215,2026-02-15,Call Center,Booking Change,Corporate,Bali,A12,4.2,Open,
101216,2026-02-15,Web,Booking Change,Leisure,Bali,A05,7.0,Resolved,1
101217,2026-02-15,Email,Booking Change,Business,Bali,A06,5.4,Resolved,4
101218,2026-02-15,Call Center,Cancellation,Business,Bali,A12,11.7,Resolved,2
101219,2026-02-15,Call Center,Baggage Issue,Corporate,Surabaya,A04,15.3,Resolved,4
101220,2026-02-15,Web,Baggage Issue,Leisure,Makassar,A04,16.4,Resolved,1
101221,2026-02-15,Email,Booking Change,Corporate,Bali,A13,7.1,Open,
101222,2026-02-15,Call Center,Booking Change,Corporate,Makassar,A15,9.7,Resolved,2
101223,2026-02-15,Email,Booking Change,First-time,Jakarta,A07,0.5,Resolved,5
101224,2026-02-16,App,Cancellation,Business,Bali,A10,8.5,Resolved,1
101225,2026-02-16,WhatsApp,Booking Change,First-time,Medan,A14,5.1,Resolved,5
101226,2026-02-16,WhatsApp,Baggage Issue,First-time,Medan,A05,17.8,Resolved,5
101227,2026-02-16,Email,Baggage Issue,Leisure,Makassar,A09,15.7,Resolved,5
101228,2026-02-16,Web,Cancellation,Leisure,Surabaya,A01,5.3,Resolved,5
101229,2026-02-16,Call Center,Baggage Issue,Corporate,Surabaya,A14,20.6,Resolved,2
101230,2026-02-16,WhatsApp,Flight Delay,Leisure,Bali,A06,5.3,Resolved,3
101231,2026-02-16,Email,Loyalty/Account,Corporate,Surabaya,A15,2.9,Open,
101232,2026-02-16,Call Center,Complaint,Corporate,Surabaya,A03,18.5,Resolved,5
101233,2026-02-16,Call Center,Baggage Issue,Leisure,Medan,A14,11.1,Resolved,5
101234,2026-02-16,Email,Refund Request,Business,Makassar,A03,18.4,Resolved,4
101235,2026-02-16,App,Flight Delay,Business,Medan,A08,13.3,Resolved,5
101236,2026-02-16,App,Flight Delay,Business,Bali,A05,14.8,Resolved,5
101237,2026-02-16,Web,Refund Request,Business,Jakarta,A02,18.2,Resolved,5
101238,2026-02-16,WhatsApp,Cancellation,Business,Jakarta,A02,12.0,Resolved,5
101239,2026-02-16,Web,Complaint,Leisure,Surabaya,A13,28.6,Resolved,5
101240,2026-02-16,Call Center,Loyalty/Account,Leisure,Makassar,A14,4.4,Resolved,5
101241,2026-02-16,Call Center,Flight Delay,First-time,Surabaya,A06,8.4,Resolved,5
101242,2026-02-16,App,Flight Delay,Leisure,Jakarta,A09,12.5,Resolved,4
101243,2026-02-16,Web,Complaint,Business,Jakarta,A01,25.4,Resolved,5
101244,2026-02-16,Email,Loyalty/Account,First-time,Jakarta,A03,5.6,Resolved,5
101245,2026-02-16,App,Loyalty/Account,Corporate,Bali,A10,3.2,Resolved,5
101246,2026-02-16,Email,Booking Change,Business,Surabaya,A09,8.0,Resolved,5
101247,2026-02-17,Call Center,Booking Change,Corporate,Makassar,A06,7.4,Resolved,5
101248,2026-02-17,Web,Refund Request,Leisure,Jakarta,A13,23.3,Resolved,5
101249,2026-02-17,App,Refund Request,First-time,Jakarta,A10,12.6,Resolved,5
101250,2026-02-17,Call Center,Booking Change,First-time,Bali,A08,7.7,Resolved,2
101251,2026-02-17,Web,Flight Delay,Corporate,Surabaya,A07,7.1,Resolved,5
101252,2026-02-17,WhatsApp,Complaint,First-time,Jakarta,A12,29.5,Resolved,4
101253,2026-02-17,Web,Cancellation,Business,Jakarta,A06,22.8,Open,
101254,2026-02-17,App,Flight Delay,Business,Jakarta,A15,12.3,Resolved,2
101255,2026-02-17,Email,Complaint,Business,Bali,A03,30.2,Resolved,4
101256,2026-02-17,Web,Booking Change,Business,Jakarta,A02,3.4,Resolved,4
101257,2026-02-17,Call Center,Refund Request,Leisure,Medan,A01,24.7,Resolved,3
101258,2026-02-17,Call Center,Complaint,Leisure,Surabaya,A03,10.5,Resolved,5
101259,2026-02-17,Web,Baggage Issue,First-time,Surabaya,A08,17.5,Resolved,5
101260,2026-02-17,App,Flight Delay,Corporate,Medan,A05,4.0,Resolved,5
101261,2026-02-17,Web,Baggage Issue,Business,Makassar,A01,12.0,Resolved,5
101262,2026-02-17,WhatsApp,Cancellation,Corporate,Makassar,A05,12.5,Resolved,4
101263,2026-02-17,Email,Booking Change,Leisure,Makassar,A03,5.9,Open,
101264,2026-02-17,Email,Refund Request,Leisure,Medan,A06,17.9,Resolved,5
101265,2026-02-17,Email,Refund Request,Leisure,Bali,A04,29.3,Resolved,3
101266,2026-02-17,Web,Refund Request,Business,Bali,A09,35.6,Resolved,5
101267,2026-02-17,WhatsApp,Booking Change,Corporate,Surabaya,A04,5.6,Resolved,1
101268,2026-02-17,App,Baggage Issue,First-time,Jakarta,A06,16.6,Resolved,5
101269,2026-02-17,WhatsApp,Loyalty/Account,Corporate,Medan,A04,3.4,Resolved,5
101270,2026-02-17,WhatsApp,Baggage Issue,Corporate,Medan,A02,24.6,Resolved,1
101271,2026-02-17,WhatsApp,Booking Change,First-time,Medan,A14,7.2,Resolved,4
101272,2026-02-18,Web,Booking Change,Business,Surabaya,A13,4.4,Resolved,1
101273,2026-02-18,Web,Flight Delay,Corporate,Medan,A06,10.3,Resolved,5
101274,2026-02-18,Web,Cancellation,First-time,Surabaya,A10,15.4,Resolved,1
101275,2026-02-18,App,Baggage Issue,First-time,Jakarta,A03,18.6,Resolved,2
101276,2026-02-18,Email,Loyalty/Account,First-time,Jakarta,A06,2.6,Resolved,5
101277,2026-02-18,App,Booking Change,Corporate,Bali,A02,7.8,Resolved,4
101278,2026-02-18,App,Refund Request,First-time,Surabaya,A10,48.6,Resolved,4
101279,2026-02-18,Web,Refund Request,First-time,Makassar,A08,14.5,Resolved,5
101280,2026-02-18,App,Cancellation,First-time,Bali,A10,15.7,Resolved,5
101281,2026-02-18,App,Complaint,Leisure,Surabaya,A05,15.1,Resolved,5
101282,2026-02-18,Email,Complaint,Leisure,Bali,A08,32.8,Resolved,1
101283,2026-02-18,App,Flight Delay,Leisure,Surabaya,A15,16.7,Resolved,4
101284,2026-02-18,Email,Booking Change,Corporate,Makassar,A04,5.4,Resolved,5
101285,2026-02-18,Web,Refund Request,Leisure,Makassar,A08,35.1,Resolved,1
101286,2026-02-18,Email,Cancellation,Leisure,Bali,A08,12.2,Resolved,5
101287,2026-02-18,Call Center,Booking Change,First-time,Bali,A11,6.6,Resolved,5
101288,2026-02-18,WhatsApp,Complaint,First-time,Medan,A04,28.7,Resolved,5
101289,2026-02-18,Call Center,Complaint,Leisure,Medan,A13,22.1,Resolved,5
101290,2026-02-18,Call Center,Flight Delay,Business,Medan,A15,15.1,Resolved,5
101291,2026-02-18,WhatsApp,Booking Change,Business,Jakarta,A10,8.2,Resolved,2
101292,2026-02-18,Web,Complaint,Corporate,Jakarta,A15,35.2,Resolved,5
101293,2026-02-18,Call Center,Complaint,Leisure,Medan,A09,19.0,Resolved,2
101294,2026-02-18,Web,Baggage Issue,Leisure,Jakarta,A12,0.5,Resolved,5
101295,2026-02-18,Email,Flight Delay,Business,Makassar,A04,5.2,Resolved,5
101296,2026-02-18,Call Center,Booking Change,Corporate,Jakarta,A15,10.8,Resolved,1
101297,2026-02-18,Email,Booking Change,First-time,Medan,A07,3.3,Resolved,2
101298,2026-02-18,Email,Refund Request,Business,Medan,A06,48.1,Resolved,2
101299,2026-02-18,Email,Flight Delay,First-time,Bali,A11,10.6,Resolved,2
101300,2026-02-18,App,Loyalty/Account,Leisure,Jakarta,A10,6.2,Resolved,5
101301,2026-02-19,WhatsApp,Cancellation,Leisure,Medan,A10,12.0,Resolved,5
101302,2026-02-19,Web,Cancellation,First-time,Jakarta,A14,4.4,Resolved,5
101303,2026-02-19,Email,Loyalty/Account,First-time,Medan,A01,6.6,Resolved,5
101304,2026-02-19,Web,Baggage Issue,Corporate,Medan,A01,13.3,Resolved,5
101305,2026-02-19,WhatsApp,Booking Change,Business,Bali,A14,5.9,Resolved,4
101306,2026-02-19,WhatsApp,Flight Delay,First-time,Surabaya,A11,7.8,Resolved,5
101307,2026-02-19,Email,Loyalty/Account,First-time,Surabaya,A12,5.6,Resolved,4
101308,2026-02-19,App,Booking Change,Business,Makassar,A11,10.6,Resolved,4
101309,2026-02-19,Web,Cancellation,Corporate,Makassar,A06,10.5,Resolved,4
101310,2026-02-19,WhatsApp,Baggage Issue,Leisure,Makassar,A15,21.1,Resolved,4
101311,2026-02-19,Call Center,Booking Change,Business,Medan,A03,6.3,Resolved,4
101312,2026-02-19,App,Refund Request,First-time,Bali,A05,55.6,Resolved,5
101313,2026-02-19,Email,Booking Change,Leisure,Jakarta,A15,5.1,Resolved,2
101314,2026-02-19,Web,Booking Change,First-time,Bali,A07,5.4,Resolved,3
101315,2026-02-19,Web,Flight Delay,First-time,Jakarta,A11,3.2,Resolved,5
101316,2026-02-19,Web,Booking Change,Corporate,Jakarta,A11,8.4,Resolved,3
101317,2026-02-19,Email,Booking Change,Corporate,Bali,A10,5.8,Resolved,5
101318,2026-02-19,App,Booking Change,Leisure,Makassar,A09,5.9,Resolved,5
101319,2026-02-19,App,Complaint,Leisure,Surabaya,A06,26.6,Resolved,5
101320,2026-02-19,Call Center,Refund Request,Business,Jakarta,A12,33.8,Resolved,5
101321,2026-02-19,WhatsApp,Cancellation,First-time,Medan,A07,12.7,Resolved,1
101322,2026-02-19,WhatsApp,Cancellation,First-time,Jakarta,A13,8.6,Resolved,5
101323,2026-02-19,Email,Complaint,First-time,Medan,A07,17.7,Resolved,5
101324,2026-02-19,Call Center,Refund Request,Business,Makassar,A06,24.6,Resolved,3
101325,2026-02-19,Call Center,Flight Delay,Leisure,Makassar,A10,6.5,Resolved,2
101326,2026-02-19,App,Flight Delay,First-time,Jakarta,A03,15.5,Resolved,4
101327,2026-02-19,Web,Booking Change,Business,Jakarta,A11,5.1,Resolved,5
101328,2026-02-19,Email,Cancellation,Corporate,Surabaya,A10,11.6,Resolved,1
101329,2026-02-19,WhatsApp,Baggage Issue,First-time,Bali,A04,14.7,Resolved,4
101330,2026-02-19,Email,Loyalty/Account,Leisure,Makassar,A11,3.9,Resolved,5
101331,2026-02-20,Email,Booking Change,Leisure,Medan,A01,8.5,Resolved,5
101332,2026-02-20,WhatsApp,Refund Request,First-time,Surabaya,A01,29.2,Resolved,4
101333,2026-02-20,Call Center,Complaint,Leisure,Medan,A03,29.3,Resolved,1
101334,2026-02-20,Email,Booking Change,Leisure,Jakarta,A02,4.0,Resolved,5
101335,2026-02-20,Email,Refund Request,Corporate,Bali,A02,20.2,Resolved,5
101336,2026-02-20,App,Cancellation,First-time,Medan,A14,8.8,Resolved,4
101337,2026-02-20,Web,Booking Change,Leisure,Jakarta,A02,10.8,Resolved,4
101338,2026-02-20,App,Booking Change,Corporate,Makassar,A15,5.8,Resolved,5
101339,2026-02-20,App,Loyalty/Account,Leisure,Jakarta,A05,5.3,Resolved,1
101340,2026-02-20,WhatsApp,Refund Request,Business,Surabaya,A08,34.9,Resolved,5
101341,2026-02-20,App,Booking Change,First-time,Medan,A09,2.9,Resolved,2
101342,2026-02-20,App,Refund Request,First-time,Surabaya,A05,27.3,Resolved,3
101343,2026-02-20,App,Refund Request,Business,Surabaya,A02,34.2,Open,
101344,2026-02-20,Email,Booking Change,First-time,Surabaya,A02,5.9,Resolved,2
101345,2026-02-20,Email,Cancellation,Corporate,Bali,A11,12.7,Resolved,5
101346,2026-02-20,WhatsApp,Refund Request,First-time,Makassar,A04,41.7,Resolved,5
101347,2026-02-20,WhatsApp,Refund Request,Business,Bali,A11,40.7,Resolved,5
101348,2026-02-20,Call Center,Booking Change,First-time,Surabaya,A01,7.6,Resolved,4
101349,2026-02-20,App,Refund Request,Leisure,Makassar,A06,23.8,Resolved,5
101350,2026-02-20,App,Booking Change,Corporate,Bali,A01,6.6,Resolved,3
101351,2026-02-20,Email,Flight Delay,Corporate,Surabaya,A03,7.1,Resolved,5
101352,2026-02-20,Web,Cancellation,Business,Jakarta,A02,7.3,Open,
101353,2026-02-20,App,Booking Change,Corporate,Surabaya,A09,7.4,Resolved,2
101354,2026-02-20,Call Center,Refund Request,Leisure,Surabaya,A08,35.1,Resolved,2
101355,2026-02-20,Call Center,Refund Request,Corporate,Makassar,A12,37.7,Resolved,3
101356,2026-02-20,Call Center,Cancellation,Business,Surabaya,A11,10.0,Resolved,5
101357,2026-02-20,Email,Loyalty/Account,Business,Jakarta,A07,3.5,Resolved,5
101358,2026-02-20,Call Center,Baggage Issue,Leisure,Makassar,A08,21.9,Resolved,4
101359,2026-02-20,App,Refund Request,Leisure,Jakarta,A10,25.8,Resolved,5
101360,2026-02-20,Call Center,Cancellation,Leisure,Jakarta,A13,7.0,Resolved,5
101361,2026-02-21,Call Center,Refund Request,Corporate,Medan,A06,8.2,Resolved,5
101362,2026-02-21,Call Center,Flight Delay,First-time,Jakarta,A11,14.3,Resolved,3
101363,2026-02-21,Web,Booking Change,First-time,Surabaya,A06,4.2,Resolved,2
101364,2026-02-21,Email,Refund Request,Leisure,Surabaya,A11,30.1,Resolved,5
101365,2026-02-21,Web,Baggage Issue,First-time,Makassar,A05,23.6,Resolved,3
101366,2026-02-21,Web,Loyalty/Account,Corporate,Bali,A01,3.2,Resolved,4
101367,2026-02-21,Email,Complaint,Leisure,Medan,A10,40.7,Resolved,1
101368,2026-02-21,Web,Flight Delay,Business,Medan,A09,10.3,Resolved,4
101369,2026-02-21,Call Center,Baggage Issue,Corporate,Medan,A02,18.4,Open,
101370,2026-02-21,Email,Refund Request,Leisure,Jakarta,A05,28.0,Open,
101371,2026-02-21,Call Center,Refund Request,Leisure,Jakarta,A03,24.2,Resolved,4
101372,2026-02-21,Call Center,Cancellation,Business,Jakarta,A03,12.6,Resolved,5
101373,2026-02-21,Web,Baggage Issue,Leisure,Bali,A01,11.4,Resolved,4
101374,2026-02-21,Call Center,Flight Delay,Leisure,Bali,A10,12.8,Resolved,4
101375,2026-02-21,Web,Baggage Issue,Corporate,Makassar,A11,18.6,Resolved,5
101376,2026-02-21,Email,Refund Request,Corporate,Makassar,A09,21.0,Resolved,3
101377,2026-02-21,WhatsApp,Complaint,Leisure,Surabaya,A08,20.1,Resolved,5
101378,2026-02-21,Email,Refund Request,First-time,Medan,A08,16.7,Open,
101379,2026-02-21,Web,Flight Delay,First-time,Jakarta,A10,19.0,Resolved,4
101380,2026-02-21,Email,Baggage Issue,Corporate,Jakarta,A03,11.0,Resolved,5
101381,2026-02-21,App,Complaint,First-time,Jakarta,A01,20.4,Resolved,4
101382,2026-02-21,App,Complaint,First-time,Bali,A02,51.9,Resolved,1
101383,2026-02-21,WhatsApp,Cancellation,Leisure,Surabaya,A03,0.5,Resolved,4
101384,2026-02-21,Call Center,Baggage Issue,Business,Bali,A12,10.8,Resolved,5
101385,2026-02-21,App,Flight Delay,Business,Jakarta,A01,17.7,Resolved,5
101386,2026-02-21,Email,Booking Change,Leisure,Makassar,A07,10.1,Open,
101387,2026-02-21,Web,Booking Change,First-time,Medan,A14,6.4,Resolved,4
101388,2026-02-21,Web,Flight Delay,Leisure,Medan,A11,21.3,Open,
101389,2026-02-21,WhatsApp,Booking Change,Business,Surabaya,A12,5.5,Resolved,5
101390,2026-02-21,Call Center,Booking Change,First-time,Bali,A07,4.5,Resolved,3
101391,2026-02-21,App,Flight Delay,First-time,Surabaya,A05,6.0,Open,
101392,2026-02-21,Call Center,Refund Request,First-time,Jakarta,A03,34.1,Resolved,3
101393,2026-02-21,WhatsApp,Refund Request,Business,Bali,A14,35.3,Resolved,4
101394,2026-02-21,Call Center,Flight Delay,Business,Surabaya,A11,9.5,Resolved,5
101395,2026-02-21,Call Center,Cancellation,Business,Bali,A15,3.0,Resolved,5
101396,2026-02-21,WhatsApp,Flight Delay,Business,Makassar,A13,18.6,Resolved,5
101397,2026-02-22,WhatsApp,Refund Request,Corporate,Makassar,A14,27.0,Resolved,5
101398,2026-02-22,Email,Booking Change,Leisure,Medan,A06,6.4,Resolved,1
101399,2026-02-22,Web,Complaint,Business,Jakarta,A12,36.6,Resolved,5
101400,2026-02-22,App,Baggage Issue,Leisure,Jakarta,A08,10.4,Resolved,5
101401,2026-02-22,App,Complaint,Business,Bali,A12,19.1,Resolved,4
101402,2026-02-22,Call Center,Booking Change,First-time,Medan,A04,6.4,Resolved,5
101403,2026-02-22,WhatsApp,Complaint,Business,Jakarta,A01,14.2,Resolved,3
101404,2026-02-22,WhatsApp,Loyalty/Account,Corporate,Medan,A09,2.3,Resolved,5
101405,2026-02-22,Web,Cancellation,First-time,Surabaya,A10,12.2,Resolved,1
101406,2026-02-22,Email,Complaint,Leisure,Medan,A11,14.0,Resolved,5
101407,2026-02-22,App,Booking Change,Corporate,Jakarta,A08,6.4,Resolved,5
101408,2026-02-22,Call Center,Loyalty/Account,Corporate,Medan,A02,6.2,Resolved,5
101409,2026-02-22,WhatsApp,Refund Request,Business,Makassar,A09,23.6,Resolved,2
101410,2026-02-22,App,Baggage Issue,Corporate,Jakarta,A06,27.2,Resolved,5
101411,2026-02-22,Web,Loyalty/Account,Leisure,Surabaya,A09,4.6,Resolved,1
101412,2026-02-22,WhatsApp,Booking Change,First-time,Jakarta,A15,4.0,Resolved,3
101413,2026-02-22,Email,Complaint,Corporate,Jakarta,A10,22.5,Resolved,5
101414,2026-02-22,App,Booking Change,Leisure,Jakarta,A08,0.5,Resolved,5
101415,2026-02-22,App,Flight Delay,Corporate,Surabaya,A15,19.8,Resolved,3
101416,2026-02-22,Email,Complaint,Leisure,Makassar,A01,29.6,Resolved,5
101417,2026-02-22,Web,Booking Change,First-time,Makassar,A02,1.3,Resolved,5
101418,2026-02-22,Web,Booking Change,First-time,Jakarta,A04,7.9,Resolved,5
101419,2026-02-22,Web,Flight Delay,Leisure,Jakarta,A14,13.5,Resolved,5
101420,2026-02-22,Web,Refund Request,Business,Bali,A10,31.4,Resolved,3
101421,2026-02-22,WhatsApp,Baggage Issue,Leisure,Bali,A04,6.3,Resolved,3
101422,2026-02-22,WhatsApp,Refund Request,Corporate,Bali,A05,30.6,Resolved,5
101423,2026-02-22,WhatsApp,Loyalty/Account,Corporate,Makassar,A02,7.2,Resolved,1
101424,2026-02-22,WhatsApp,Refund Request,Business,Surabaya,A04,38.6,Resolved,4
101425,2026-02-22,Web,Booking Change,Business,Jakarta,A12,2.2,Resolved,5
101426,2026-02-22,WhatsApp,Complaint,Corporate,Bali,A07,30.0,Resolved,1
101427,2026-02-22,App,Booking Change,First-time,Medan,A14,4.1,Resolved,5
101428,2026-02-22,App,Baggage Issue,Leisure,Bali,A09,23.2,Resolved,1
101429,2026-02-22,WhatsApp,Loyalty/Account,Corporate,Bali,A04,4.1,Resolved,5
101430,2026-02-22,WhatsApp,Flight Delay,Leisure,Jakarta,A07,7.6,Resolved,2
101431,2026-02-22,WhatsApp,Refund Request,First-time,Medan,A12,16.8,Resolved,5
101432,2026-02-22,App,Cancellation,Business,Surabaya,A05,8.0,Resolved,2
101433,2026-02-23,WhatsApp,Loyalty/Account,Corporate,Bali,A07,5.2,Resolved,5
101434,2026-02-23,Call Center,Baggage Issue,Leisure,Jakarta,A10,19.4,Resolved,2
101435,2026-02-23,App,Complaint,First-time,Medan,A08,26.6,Resolved,3
101436,2026-02-23,WhatsApp,Flight Delay,First-time,Jakarta,A02,12.1,Resolved,4
101437,2026-02-23,Web,Refund Request,Leisure,Medan,A05,31.0,Resolved,5
101438,2026-02-23,App,Baggage Issue,Business,Makassar,A04,12.2,Resolved,5
101439,2026-02-23,Call Center,Cancellation,First-time,Makassar,A01,7.3,Resolved,1
101440,2026-02-23,WhatsApp,Loyalty/Account,Leisure,Bali,A12,3.6,Open,
101441,2026-02-23,WhatsApp,Refund Request,Leisure,Jakarta,A08,33.7,Resolved,4
101442,2026-02-23,Email,Complaint,First-time,Jakarta,A15,26.5,Resolved,5
101443,2026-02-23,Email,Baggage Issue,Corporate,Bali,A15,13.3,Resolved,4
101444,2026-02-23,Web,Booking Change,Leisure,Bali,A15,3.8,Resolved,5
101445,2026-02-23,WhatsApp,Booking Change,Corporate,Makassar,A13,4.1,Resolved,3
101446,2026-02-23,App,Booking Change,Business,Medan,A02,4.9,Resolved,1
101447,2026-02-23,App,Baggage Issue,First-time,Makassar,A14,27.3,Resolved,2
101448,2026-02-23,Web,Flight Delay,Corporate,Bali,A14,6.1,Resolved,3
101449,2026-02-23,Email,Refund Request,Corporate,Surabaya,A06,29.9,Resolved,3
101450,2026-02-23,Call Center,Loyalty/Account,Corporate,Jakarta,A09,3.2,Resolved,2
101451,2026-02-23,Email,Baggage Issue,Business,Medan,A04,5.8,Resolved,5
101452,2026-02-23,Web,Cancellation,First-time,Makassar,A10,6.8,Resolved,5
101453,2026-02-24,WhatsApp,Booking Change,First-time,Medan,A03,3.0,Resolved,3
101454,2026-02-24,App,Complaint,Leisure,Surabaya,A07,17.8,Resolved,5
101455,2026-02-24,App,Loyalty/Account,Leisure,Surabaya,A14,1.8,Resolved,5
101456,2026-02-24,Call Center,Complaint,First-time,Medan,A03,30.1,Resolved,4
101457,2026-02-24,Call Center,Cancellation,Leisure,Bali,A10,8.5,Resolved,5
101458,2026-02-24,Email,Loyalty/Account,First-time,Medan,A12,3.5,Resolved,5
101459,2026-02-24,WhatsApp,Flight Delay,Business,Surabaya,A15,14.4,Resolved,5
101460,2026-02-24,Call Center,Baggage Issue,First-time,Medan,A08,10.2,Resolved,4
101461,2026-02-24,Call Center,Refund Request,Leisure,Surabaya,A08,21.6,Resolved,5
101462,2026-02-24,Call Center,Complaint,First-time,Bali,A07,34.4,Resolved,5
101463,2026-02-24,WhatsApp,Booking Change,Business,Medan,A05,3.0,Resolved,5
101464,2026-02-24,Email,Booking Change,Corporate,Medan,A04,4.5,Resolved,5
101465,2026-02-24,Call Center,Loyalty/Account,Leisure,Surabaya,A03,5.7,Resolved,5
101466,2026-02-24,WhatsApp,Baggage Issue,Leisure,Makassar,A13,23.2,Resolved,4
101467,2026-02-24,Call Center,Complaint,Corporate,Surabaya,A10,14.7,Resolved,5
101468,2026-02-24,Email,Loyalty/Account,Leisure,Medan,A08,4.8,Resolved,1
101469,2026-02-24,App,Loyalty/Account,Leisure,Bali,A12,4.7,Resolved,4
101470,2026-02-24,App,Refund Request,Leisure,Bali,A07,11.4,Resolved,4
101471,2026-02-24,App,Flight Delay,Business,Makassar,A11,9.5,Resolved,2
101472,2026-02-24,Email,Refund Request,Business,Bali,A03,23.5,Resolved,5
101473,2026-02-24,App,Flight Delay,Business,Surabaya,A09,17.0,Open,
101474,2026-02-24,App,Booking Change,Business,Surabaya,A07,2.9,Resolved,5
101475,2026-02-24,Email,Baggage Issue,Business,Bali,A09,15.5,Resolved,5
101476,2026-02-24,Email,Refund Request,First-time,Medan,A10,23.7,Resolved,5
101477,2026-02-25,Email,Booking Change,Corporate,Medan,A06,6.0,Resolved,1
101478,2026-02-25,Web,Baggage Issue,Corporate,Medan,A13,25.6,Resolved,1
101479,2026-02-25,App,Complaint,First-time,Surabaya,A05,23.2,Resolved,5
101480,2026-02-25,Call Center,Baggage Issue,Corporate,Bali,A07,23.0,Resolved,4
101481,2026-02-25,Email,Refund Request,Leisure,Bali,A12,33.3,Open,
101482,2026-02-25,Web,Flight Delay,Business,Makassar,A09,18.7,Resolved,2
101483,2026-02-25,WhatsApp,Loyalty/Account,Corporate,Surabaya,A09,6.5,Resolved,5
101484,2026-02-25,App,Cancellation,Corporate,Makassar,A11,10.8,Open,
101485,2026-02-25,WhatsApp,Booking Change,Business,Surabaya,A07,7.1,Resolved,1
101486,2026-02-25,Web,Refund Request,Business,Makassar,A01,23.3,Open,
101487,2026-02-25,Email,Booking Change,Leisure,Makassar,A13,4.6,Resolved,5
101488,2026-02-25,Call Center,Cancellation,Business,Jakarta,A12,10.2,Resolved,2
101489,2026-02-25,App,Baggage Issue,Business,Bali,A02,28.3,Resolved,4
101490,2026-02-25,WhatsApp,Booking Change,Business,Jakarta,A13,7.7,Resolved,1
101491,2026-02-25,WhatsApp,Complaint,Corporate,Medan,A12,31.6,Resolved,5
101492,2026-02-25,Call Center,Baggage Issue,First-time,Medan,A07,18.8,Resolved,1
101493,2026-02-25,WhatsApp,Baggage Issue,First-time,Bali,A09,18.0,Resolved,5
101494,2026-02-25,Web,Refund Request,Leisure,Medan,A10,32.2,Resolved,5
101495,2026-02-25,WhatsApp,Refund Request,Corporate,Medan,A02,23.3,Resolved,1
101496,2026-02-25,Email,Booking Change,Business,Surabaya,A10,4.3,Resolved,5
101497,2026-02-26,Email,Complaint,Business,Jakarta,A05,10.6,Resolved,5
101498,2026-02-26,Call Center,Cancellation,First-time,Jakarta,A12,13.5,Resolved,3
101499,2026-02-26,Web,Flight Delay,First-time,Bali,A06,6.6,Resolved,4
101500,2026-02-26,App,Cancellation,Leisure,Medan,A07,11.1,Resolved,5
101501,2026-02-26,Web,Flight Delay,Leisure,Surabaya,A08,13.6,Resolved,4
101502,2026-02-26,WhatsApp,Baggage Issue,First-time,Surabaya,A07,15.4,Resolved,5
101503,2026-02-26,WhatsApp,Flight Delay,Corporate,Bali,A06,8.5,Resolved,5
101504,2026-02-26,Call Center,Flight Delay,Business,Makassar,A09,8.9,Resolved,5
101505,2026-02-26,Web,Booking Change,Corporate,Surabaya,A09,5.4,Resolved,5
101506,2026-02-26,Web,Flight Delay,Leisure,Bali,A04,6.7,Resolved,5
101507,2026-02-26,Email,Refund Request,Leisure,Makassar,A10,36.2,Resolved,5
101508,2026-02-26,Call Center,Baggage Issue,Business,Bali,A14,23.6,Resolved,4
101509,2026-02-26,Email,Cancellation,Corporate,Makassar,A15,9.9,Resolved,5
101510,2026-02-26,Web,Booking Change,Business,Bali,A05,9.0,Resolved,5
101511,2026-02-26,WhatsApp,Flight Delay,First-time,Bali,A13,16.0,Resolved,2
101512,2026-02-26,Web,Baggage Issue,First-time,Surabaya,A01,10.2,Resolved,2
101513,2026-02-26,Web,Booking Change,Business,Surabaya,A08,7.5,Resolved,5
101514,2026-02-26,Email,Flight Delay,First-time,Medan,A06,9.0,Resolved,3
101515,2026-02-26,Email,Refund Request,First-time,Medan,A12,19.8,Resolved,5
101516,2026-02-26,Call Center,Loyalty/Account,Business,Surabaya,A12,4.2,Resolved,5
101517,2026-02-26,WhatsApp,Flight Delay,Corporate,Jakarta,A15,7.9,Open,
101518,2026-02-26,Email,Refund Request,First-time,Bali,A04,34.4,Resolved,1
101519,2026-02-26,Call Center,Loyalty/Account,Business,Medan,A03,8.8,Resolved,3
101520,2026-02-26,App,Booking Change,Corporate,Bali,A15,2.8,Resolved,5
101521,2026-02-26,Call Center,Loyalty/Account,Corporate,Jakarta,A11,3.5,Resolved,5
101522,2026-02-26,WhatsApp,Baggage Issue,Leisure,Medan,A11,18.3,Resolved,5
101523,2026-02-26,Call Center,Cancellation,Leisure,Jakarta,A01,5.2,Resolved,5
101524,2026-02-26,App,Complaint,Leisure,Medan,A01,14.1,Resolved,4
101525,2026-02-27,WhatsApp,Booking Change,Corporate,Surabaya,A12,10.5,Resolved,4
101526,2026-02-27,App,Cancellation,Corporate,Makassar,A11,10.8,Resolved,2
101527,2026-02-27,WhatsApp,Baggage Issue,Leisure,Surabaya,A03,17.6,Resolved,5
101528,2026-02-27,App,Booking Change,First-time,Surabaya,A05,5.0,Resolved,5
101529,2026-02-27,Email,Refund Request,Leisure,Makassar,A02,33.9,Resolved,5
101530,2026-02-27,App,Baggage Issue,Leisure,Surabaya,A04,20.1,Resolved,4
101531,2026-02-27,Web,Complaint,Business,Bali,A12,24.2,Open,
101532,2026-02-27,Web,Cancellation,Business,Bali,A10,7.9,Resolved,5
101533,2026-02-27,Call Center,Booking Change,Business,Surabaya,A05,5.4,Resolved,4
101534,2026-02-27,App,Refund Request,First-time,Surabaya,A14,21.1,Resolved,5
101535,2026-02-27,Call Center,Baggage Issue,First-time,Bali,A04,7.6,Resolved,4
101536,2026-02-27,Web,Refund Request,Business,Bali,A08,56.4,Resolved,1
101537,2026-02-27,Web,Flight Delay,Business,Medan,A08,8.0,Resolved,5
101538,2026-02-27,App,Booking Change,Leisure,Bali,A03,4.8,Resolved,5
101539,2026-02-27,Call Center,Baggage Issue,Leisure,Surabaya,A05,22.7,Resolved,4
101540,2026-02-27,Email,Baggage Issue,First-time,Medan,A14,25.7,Resolved,2
101541,2026-02-27,Call Center,Baggage Issue,First-time,Medan,A01,32.5,Resolved,1
101542,2026-02-27,Call Center,Flight Delay,First-time,Medan,A10,10.2,Resolved,5
101543,2026-02-27,WhatsApp,Flight Delay,Corporate,Makassar,A04,17.9,Resolved,2
101544,2026-02-27,Call Center,Complaint,Leisure,Jakarta,A13,20.3,Resolved,3
101545,2026-02-27,App,Flight Delay,Business,Medan,A11,18.0,Resolved,5
101546,2026-02-27,App,Refund Request,Business,Medan,A12,49.9,Resolved,1
101547,2026-02-27,Email,Complaint,Corporate,Jakarta,A03,17.9,Resolved,4
101548,2026-02-27,Web,Loyalty/Account,First-time,Medan,A13,5.5,Resolved,4
101549,2026-02-27,Call Center,Refund Request,Business,Medan,A15,26.3,Resolved,4
101550,2026-02-27,WhatsApp,Flight Delay,Corporate,Medan,A01,19.0,Resolved,2
101551,2026-02-27,Call Center,Cancellation,Corporate,Bali,A09,12.4,Resolved,1
101552,2026-02-27,Web,Baggage Issue,Business,Medan,A01,9.1,Resolved,5
101553,2026-02-27,Web,Refund Request,Business,Medan,A05,23.3,Resolved,5
101554,2026-02-27,Email,Loyalty/Account,Business,Surabaya,A11,6.2,Resolved,5
101555,2026-02-28,App,Booking Change,Leisure,Medan,A03,4.7,Resolved,5
101556,2026-02-28,App,Flight Delay,First-time,Medan,A05,17.7,Resolved,1
101557,2026-02-28,Call Center,Booking Change,First-time,Makassar,A13,3.9,Resolved,5
101558,2026-02-28,Email,Complaint,First-time,Makassar,A14,25.4,Resolved,5
101559,2026-02-28,WhatsApp,Refund Request,Corporate,Surabaya,A14,11.7,Resolved,5
101560,2026-02-28,Call Center,Booking Change,First-time,Medan,A01,2.8,Resolved,4
101561,2026-02-28,App,Refund Request,Corporate,Bali,A09,28.9,Resolved,5
101562,2026-02-28,App,Refund Request,Leisure,Makassar,A06,39.9,Resolved,4
101563,2026-02-28,WhatsApp,Refund Request,Business,Jakarta,A02,34.7,Resolved,1
101564,2026-02-28,Web,Refund Request,First-time,Makassar,A15,34.8,Resolved,1
101565,2026-02-28,App,Cancellation,First-time,Jakarta,A06,8.4,Resolved,4
101566,2026-02-28,App,Loyalty/Account,First-time,Makassar,A06,4.6,Resolved,2
101567,2026-02-28,Call Center,Flight Delay,Leisure,Surabaya,A12,6.3,Resolved,5
101568,2026-02-28,Call Center,Booking Change,Business,Makassar,A05,1.9,Resolved,5
101569,2026-02-28,WhatsApp,Complaint,Leisure,Bali,A08,28.9,Resolved,3
101570,2026-02-28,Email,Booking Change,Leisure,Makassar,A15,11.5,Resolved,4
101571,2026-02-28,Email,Booking Change,Business,Jakarta,A11,7.3,Resolved,1
101572,2026-02-28,App,Refund Request,Business,Surabaya,A12,36.9,Resolved,5
101573,2026-02-28,Email,Refund Request,First-time,Makassar,A11,17.6,Resolved,5
101574,2026-02-28,Email,Refund Request,Corporate,Bali,A03,21.6,Resolved,4
101575,2026-02-28,Call Center,Booking Change,Business,Medan,A07,10.6,Resolved,1
101576,2026-02-28,Web,Baggage Issue,Corporate,Jakarta,A12,20.8,Resolved,5
101577,2026-02-28,Email,Refund Request,Corporate,Medan,A01,38.9,Resolved,4
101578,2026-02-28,WhatsApp,Flight Delay,Leisure,Bali,A12,17.3,Resolved,5
101579,2026-02-28,WhatsApp,Loyalty/Account,Business,Medan,A14,5.1,Resolved,5
101580,2026-02-28,WhatsApp,Refund Request,Business,Medan,A07,38.4,Resolved,5
101581,2026-02-28,Call Center,Loyalty/Account,Corporate,Bali,A11,6.6,Resolved,1
101582,2026-02-28,Email,Refund Request,First-time,Surabaya,A08,45.4,Resolved,5
101583,2026-02-28,Email,Loyalty/Account,Business,Surabaya,A05,7.0,Resolved,1
101584,2026-02-28,WhatsApp,Cancellation,Leisure,Medan,A11,10.2,Resolved,5
101585,2026-02-28,Web,Booking Change,Leisure,Makassar,A03,3.8,Resolved,5
101586,2026-02-28,WhatsApp,Flight Delay,Leisure,Bali,A04,8.4,Resolved,4
101587,2026-02-28,WhatsApp,Cancellation,Corporate,Jakarta,A15,11.0,Resolved,5
101588,2026-02-28,Web,Loyalty/Account,First-time,Bali,A03,2.5,Resolved,4
101589,2026-02-28,App,Booking Change,Business,Bali,A15,9.1,Resolved,2
101590,2026-02-28,Email,Flight Delay,Business,Surabaya,A09,13.2,Resolved,2
101591,2026-02-28,Email,Complaint,Business,Surabaya,A12,25.1,Open,
101592,2026-03-01,App,Flight Delay,First-time,Medan,A13,11.9,Resolved,5
101593,2026-03-01,WhatsApp,Cancellation,Leisure,Makassar,A12,14.5,Resolved,5
101594,2026-03-01,Email,Refund Request,Leisure,Bali,A12,32.0,Resolved,4
101595,2026-03-01,Web,Flight Delay,Leisure,Jakarta,A14,11.3,Resolved,5
101596,2026-03-01,Web,Booking Change,First-time,Bali,A15,10.5,Resolved,3
101597,2026-03-01,Email,Refund Request,Corporate,Jakarta,A15,24.9,Resolved,5
101598,2026-03-01,Call Center,Cancellation,Corporate,Medan,A10,3.5,Resolved,5
101599,2026-03-01,Web,Booking Change,Corporate,Jakarta,A15,4.4,Resolved,2
101600,2026-03-01,Email,Booking Change,Corporate,Medan,A11,7.7,Resolved,2
101601,2026-03-01,Call Center,Cancellation,Business,Makassar,A14,5.7,Open,
101602,2026-03-01,WhatsApp,Booking Change,Corporate,Surabaya,A01,8.3,Resolved,2
101603,2026-03-01,WhatsApp,Cancellation,First-time,Medan,A15,11.8,Resolved,1
101604,2026-03-01,Email,Refund Request,Corporate,Medan,A11,39.7,Resolved,4
101605,2026-03-01,App,Booking Change,First-time,Jakarta,A06,6.3,Resolved,4
101606,2026-03-01,Call Center,Cancellation,Leisure,Surabaya,A08,12.7,Resolved,1
101607,2026-03-01,Call Center,Loyalty/Account,Business,Surabaya,A11,6.2,Resolved,3
101608,2026-03-01,Email,Refund Request,Leisure,Jakarta,A10,33.5,Resolved,5
101609,2026-03-01,Web,Complaint,Business,Surabaya,A12,22.8,Resolved,5
101610,2026-03-01,Web,Refund Request,Business,Jakarta,A09,22.7,Resolved,5
101611,2026-03-01,App,Refund Request,First-time,Medan,A09,32.9,Resolved,5
101612,2026-03-01,Email,Flight Delay,First-time,Jakarta,A04,10.9,Resolved,4
101613,2026-03-01,App,Baggage Issue,Corporate,Makassar,A10,3.9,Resolved,5
101614,2026-03-01,Call Center,Baggage Issue,First-time,Jakarta,A13,24.7,Resolved,5
101615,2026-03-01,Email,Baggage Issue,Corporate,Makassar,A09,15.8,Resolved,4
101616,2026-03-01,App,Refund Request,Corporate,Medan,A13,46.9,Resolved,3
101617,2026-03-01,Web,Refund Request,First-time,Medan,A03,41.7,Resolved,1
101618,2026-03-01,App,Flight Delay,Business,Surabaya,A13,14.0,Resolved,5
101619,2026-03-01,Call Center,Refund Request,First-time,Jakarta,A15,17.9,Resolved,5
101620,2026-03-01,WhatsApp,Cancellation,Business,Surabaya,A11,6.7,Resolved,2
101621,2026-03-01,Web,Loyalty/Account,First-time,Bali,A15,3.7,Resolved,5
101622,2026-03-01,Email,Refund Request,Corporate,Bali,A05,57.9,Resolved,3
101623,2026-03-01,Email,Flight Delay,First-time,Jakarta,A06,10.4,Resolved,5
101624,2026-03-01,Call Center,Complaint,Business,Surabaya,A05,19.8,Resolved,5
101625,2026-03-01,WhatsApp,Flight Delay,First-time,Bali,A09,11.4,Resolved,5
101626,2026-03-01,Web,Refund Request,Leisure,Surabaya,A06,8.6,Resolved,3
101627,2026-03-02,Email,Flight Delay,Leisure,Medan,A04,10.8,Resolved,5
101628,2026-03-02,Call Center,Baggage Issue,Corporate,Makassar,A08,27.7,Resolved,5
101629,2026-03-02,Email,Booking Change,Leisure,Bali,A14,6.8,Resolved,5
101630,2026-03-02,WhatsApp,Booking Change,Business,Bali,A09,7.1,Resolved,5
101631,2026-03-02,Web,Flight Delay,Corporate,Jakarta,A13,13.2,Resolved,3
101632,2026-03-02,Web,Loyalty/Account,Corporate,Medan,A03,0.8,Resolved,5
101633,2026-03-02,Call Center,Refund Request,Business,Bali,A10,30.0,Resolved,5
101634,2026-03-02,WhatsApp,Refund Request,First-time,Jakarta,A01,27.4,Resolved,5
101635,2026-03-02,WhatsApp,Booking Change,First-time,Jakarta,A14,7.3,Resolved,4
101636,2026-03-02,App,Baggage Issue,Leisure,Makassar,A09,5.9,Resolved,5
101637,2026-03-02,Email,Complaint,Leisure,Makassar,A10,20.3,Resolved,4
101638,2026-03-02,Web,Complaint,First-time,Medan,A11,18.9,Resolved,5
101639,2026-03-02,Email,Baggage Issue,First-time,Makassar,A15,27.3,Open,
101640,2026-03-02,Web,Complaint,Leisure,Jakarta,A06,25.7,Resolved,5
101641,2026-03-02,Email,Refund Request,Corporate,Makassar,A11,19.6,Resolved,5
101642,2026-03-02,Web,Loyalty/Account,Business,Surabaya,A04,1.6,Resolved,5
101643,2026-03-02,WhatsApp,Flight Delay,Leisure,Surabaya,A06,16.1,Resolved,5
101644,2026-03-02,Email,Booking Change,Corporate,Surabaya,A05,5.4,Resolved,2
101645,2026-03-02,Email,Cancellation,Leisure,Surabaya,A02,12.0,Resolved,2
101646,2026-03-02,Email,Cancellation,First-time,Jakarta,A08,6.7,Resolved,5
101647,2026-03-02,Web,Refund Request,Leisure,Jakarta,A09,46.5,Resolved,1
101648,2026-03-02,Call Center,Booking Change,First-time,Makassar,A12,4.0,Resolved,5
101649,2026-03-02,Call Center,Booking Change,Leisure,Makassar,A08,6.0,Resolved,5
101650,2026-03-02,Call Center,Complaint,First-time,Jakarta,A06,28.7,Resolved,1
101651,2026-03-02,App,Flight Delay,Corporate,Surabaya,A11,9.0,Resolved,2
101652,2026-03-02,Web,Refund Request,Corporate,Jakarta,A14,20.6,Resolved,5
101653,2026-03-02,Email,Booking Change,Business,Surabaya,A13,9.1,Resolved,1
101654,2026-03-02,Email,Refund Request,First-time,Surabaya,A03,33.9,Resolved,4
101655,2026-03-03,App,Cancellation,Business,Bali,A13,12.5,Resolved,3
101656,2026-03-03,Call Center,Loyalty/Account,Corporate,Makassar,A01,5.6,Resolved,5
101657,2026-03-03,Email,Loyalty/Account,Leisure,Surabaya,A01,1.4,Resolved,5
101658,2026-03-03,App,Booking Change,Corporate,Surabaya,A07,5.0,Resolved,5
101659,2026-03-03,Email,Flight Delay,First-time,Makassar,A03,17.4,Open,
101660,2026-03-03,Call Center,Flight Delay,Corporate,Surabaya,A11,5.2,Resolved,3
101661,2026-03-03,Email,Baggage Issue,Leisure,Medan,A12,22.6,Resolved,4
101662,2026-03-03,App,Complaint,Business,Surabaya,A12,13.1,Resolved,5
101663,2026-03-03,Web,Loyalty/Account,Leisure,Surabaya,A05,4.9,Resolved,1
101664,2026-03-03,Call Center,Baggage Issue,Corporate,Surabaya,A07,27.7,Resolved,5
101665,2026-03-03,App,Cancellation,Leisure,Medan,A13,10.8,Resolved,5
101666,2026-03-03,Call Center,Complaint,Business,Medan,A01,29.8,Resolved,4
101667,2026-03-03,Web,Refund Request,First-time,Medan,A08,19.1,Resolved,5
101668,2026-03-03,Web,Cancellation,Corporate,Bali,A05,6.5,Resolved,3
101669,2026-03-03,Call Center,Cancellation,First-time,Jakarta,A13,8.6,Resolved,4
101670,2026-03-03,Web,Loyalty/Account,Business,Jakarta,A08,3.9,Resolved,5
101671,2026-03-03,Call Center,Cancellation,Business,Bali,A08,0.5,Resolved,4
101672,2026-03-03,Web,Flight Delay,First-time,Makassar,A03,17.4,Resolved,5
101673,2026-03-03,WhatsApp,Booking Change,Corporate,Makassar,A13,8.8,Resolved,1
101674,2026-03-03,Web,Refund Request,Business,Makassar,A06,49.4,Resolved,1
101675,2026-03-03,WhatsApp,Baggage Issue,Business,Surabaya,A10,13.7,Open,
101676,2026-03-04,Email,Refund Request,First-time,Medan,A06,33.7,Resolved,1
101677,2026-03-04,Call Center,Booking Change,Corporate,Makassar,A04,8.9,Resolved,5
101678,2026-03-04,Web,Flight Delay,Business,Medan,A13,8.9,Resolved,1
101679,2026-03-04,Email,Loyalty/Account,First-time,Surabaya,A07,3.0,Resolved,5
101680,2026-03-04,App,Loyalty/Account,Business,Medan,A12,3.3,Resolved,2
101681,2026-03-04,Call Center,Booking Change,First-time,Surabaya,A13,4.4,Resolved,5
101682,2026-03-04,Email,Cancellation,First-time,Surabaya,A05,15.0,Resolved,3
101683,2026-03-04,Call Center,Baggage Issue,Business,Jakarta,A15,15.0,Resolved,2
101684,2026-03-04,WhatsApp,Booking Change,First-time,Medan,A03,13.1,Resolved,1
101685,2026-03-04,WhatsApp,Complaint,Corporate,Surabaya,A02,37.2,Resolved,1
101686,2026-03-04,Email,Refund Request,First-time,Medan,A01,40.3,Resolved,1
101687,2026-03-04,WhatsApp,Refund Request,Corporate,Bali,A06,10.0,Resolved,5
101688,2026-03-04,WhatsApp,Booking Change,First-time,Surabaya,A08,8.2,Resolved,4
101689,2026-03-04,WhatsApp,Refund Request,First-time,Makassar,A14,15.0,Resolved,4
101690,2026-03-04,App,Booking Change,Leisure,Makassar,A10,4.7,Resolved,1
101691,2026-03-04,App,Refund Request,First-time,Medan,A06,22.2,Resolved,3
101692,2026-03-04,App,Booking Change,First-time,Medan,A04,3.9,Resolved,5
101693,2026-03-04,Email,Loyalty/Account,Leisure,Bali,A13,5.7,Resolved,4
101694,2026-03-04,Call Center,Cancellation,Corporate,Surabaya,A08,10.8,Resolved,5
101695,2026-03-04,Web,Cancellation,Corporate,Surabaya,A09,10.7,Resolved,5
101696,2026-03-04,App,Refund Request,Business,Medan,A06,15.0,Resolved,5
101697,2026-03-04,Call Center,Complaint,Business,Bali,A02,27.6,Resolved,3
101698,2026-03-04,Call Center,Baggage Issue,First-time,Surabaya,A14,16.4,Resolved,5
101699,2026-03-04,Web,Complaint,Corporate,Surabaya,A06,30.2,Resolved,4
101700,2026-03-04,WhatsApp,Baggage Issue,Corporate,Makassar,A03,18.5,Resolved,3
101701,2026-03-05,Web,Booking Change,First-time,Bali,A12,4.8,Resolved,5
101702,2026-03-05,WhatsApp,Complaint,Corporate,Makassar,A02,31.6,Resolved,5
101703,2026-03-05,Web,Complaint,Business,Makassar,A11,26.2,Resolved,3
101704,2026-03-05,Web,Booking Change,Business,Medan,A03,6.0,Open,
101705,2026-03-05,Email,Refund Request,Leisure,Makassar,A14,15.8,Resolved,5
101706,2026-03-05,Email,Booking Change,First-time,Makassar,A12,7.1,Resolved,2
101707,2026-03-05,Call Center,Refund Request,Corporate,Medan,A06,52.8,Resolved,4
101708,2026-03-05,Web,Loyalty/Account,Business,Bali,A13,1.8,Resolved,5
101709,2026-03-05,Call Center,Loyalty/Account,First-time,Makassar,A02,4.8,Resolved,3
101710,2026-03-05,Call Center,Baggage Issue,Business,Medan,A10,8.8,Resolved,5
101711,2026-03-05,Web,Flight Delay,First-time,Jakarta,A01,6.3,Open,
101712,2026-03-05,Call Center,Refund Request,Business,Jakarta,A02,24.4,Resolved,5
101713,2026-03-05,Email,Refund Request,Leisure,Makassar,A07,21.9,Resolved,5
101714,2026-03-05,Web,Flight Delay,Corporate,Bali,A10,1.0,Resolved,5
101715,2026-03-05,WhatsApp,Flight Delay,Corporate,Jakarta,A01,10.9,Resolved,1
101716,2026-03-05,Web,Baggage Issue,First-time,Surabaya,A04,11.4,Resolved,4
101717,2026-03-05,Email,Loyalty/Account,Business,Jakarta,A12,4.5,Resolved,4
101718,2026-03-05,Email,Loyalty/Account,First-time,Medan,A12,4.5,Resolved,1
101719,2026-03-05,Web,Booking Change,Corporate,Bali,A12,4.3,Resolved,5
101720,2026-03-05,Call Center,Booking Change,Corporate,Jakarta,A08,6.8,Resolved,4
101721,2026-03-05,App,Booking Change,Leisure,Makassar,A11,5.0,Resolved,5
101722,2026-03-05,App,Booking Change,First-time,Bali,A13,7.0,Resolved,4
101723,2026-03-06,WhatsApp,Booking Change,Business,Surabaya,A08,6.7,Resolved,1
101724,2026-03-06,Web,Loyalty/Account,Corporate,Makassar,A15,5.0,Resolved,1
101725,2026-03-06,App,Cancellation,Business,Medan,A10,14.8,Resolved,1
101726,2026-03-06,App,Complaint,Corporate,Bali,A06,26.9,Resolved,4
101727,2026-03-06,Web,Booking Change,Leisure,Medan,A10,7.9,Resolved,4
101728,2026-03-06,App,Baggage Issue,First-time,Medan,A11,26.2,Resolved,4
101729,2026-03-06,Web,Refund Request,Business,Medan,A13,20.7,Resolved,2
101730,2026-03-06,App,Complaint,Leisure,Makassar,A11,29.1,Resolved,1
101731,2026-03-06,Web,Baggage Issue,First-time,Makassar,A05,14.6,Resolved,2
101732,2026-03-06,App,Flight Delay,First-time,Medan,A08,16.7,Open,
101733,2026-03-06,Email,Booking Change,First-time,Makassar,A05,1.8,Resolved,5
101734,2026-03-06,App,Booking Change,Leisure,Surabaya,A05,6.1,Resolved,3
101735,2026-03-06,App,Baggage Issue,Business,Bali,A09,36.5,Resolved,3
101736,2026-03-06,WhatsApp,Flight Delay,First-time,Makassar,A14,14.2,Resolved,5
101737,2026-03-06,Email,Cancellation,Business,Jakarta,A03,14.9,Resolved,5
101738,2026-03-06,Email,Booking Change,Leisure,Jakarta,A04,3.6,Resolved,5
101739,2026-03-06,Web,Refund Request,Business,Bali,A07,35.4,Resolved,5
101740,2026-03-06,Call Center,Booking Change,Business,Makassar,A15,3.9,Resolved,4
101741,2026-03-06,Call Center,Cancellation,Corporate,Surabaya,A07,8.5,Resolved,5
101742,2026-03-06,WhatsApp,Loyalty/Account,First-time,Bali,A01,2.5,Resolved,5
101743,2026-03-06,Web,Cancellation,First-time,Surabaya,A02,8.7,Resolved,5
101744,2026-03-06,Call Center,Booking Change,Corporate,Surabaya,A11,5.1,Resolved,4
101745,2026-03-06,WhatsApp,Refund Request,Corporate,Bali,A05,34.7,Resolved,1
101746,2026-03-06,Web,Loyalty/Account,First-time,Surabaya,A09,4.5,Resolved,4
101747,2026-03-06,Email,Booking Change,Business,Jakarta,A03,9.2,Resolved,4
101748,2026-03-06,WhatsApp,Refund Request,Business,Medan,A13,39.3,Open,
101749,2026-03-06,Call Center,Loyalty/Account,Business,Surabaya,A01,0.5,Resolved,4
101750,2026-03-06,Web,Loyalty/Account,Corporate,Medan,A15,2.4,Resolved,5
101751,2026-03-06,App,Booking Change,Corporate,Makassar,A04,6.6,Resolved,5
101752,2026-03-06,WhatsApp,Complaint,Leisure,Surabaya,A09,29.8,Resolved,5
101753,2026-03-06,App,Flight Delay,Corporate,Jakarta,A11,17.3,Open,
101754,2026-03-06,App,Cancellation,Corporate,Bali,A03,11.9,Resolved,3
101755,2026-03-06,App,Booking Change,Leisure,Makassar,A14,3.6,Resolved,4
101756,2026-03-06,Email,Booking Change,Leisure,Jakarta,A15,8.0,Resolved,4
101757,2026-03-06,Web,Cancellation,First-time,Medan,A11,7.0,Resolved,4
101758,2026-03-06,WhatsApp,Flight Delay,Business,Medan,A15,12.2,Resolved,5
101759,2026-03-06,Call Center,Baggage Issue,Business,Medan,A15,24.3,Resolved,5
101760,2026-03-06,Web,Booking Change,First-time,Makassar,A07,9.3,Resolved,2
101761,2026-03-07,Email,Loyalty/Account,First-time,Medan,A12,0.5,Resolved,5
101762,2026-03-07,Web,Baggage Issue,Business,Makassar,A04,23.2,Resolved,5
101763,2026-03-07,WhatsApp,Booking Change,Corporate,Medan,A14,6.2,Resolved,5
101764,2026-03-07,Email,Booking Change,Leisure,Makassar,A05,3.6,Resolved,2
101765,2026-03-07,Web,Complaint,First-time,Jakarta,A04,13.4,Resolved,2
101766,2026-03-07,Web,Flight Delay,First-time,Jakarta,A07,20.6,Resolved,5
101767,2026-03-07,WhatsApp,Loyalty/Account,Business,Medan,A13,4.3,Resolved,5
101768,2026-03-07,WhatsApp,Cancellation,First-time,Bali,A15,7.8,Resolved,5
101769,2026-03-07,App,Baggage Issue,Leisure,Jakarta,A02,34.0,Resolved,4
101770,2026-03-07,Web,Booking Change,Corporate,Surabaya,A04,6.7,Resolved,5
101771,2026-03-07,Email,Baggage Issue,Corporate,Makassar,A08,15.6,Resolved,3
101772,2026-03-07,Email,Booking Change,Business,Surabaya,A02,7.3,Resolved,3
101773,2026-03-07,Web,Booking Change,First-time,Bali,A02,5.3,Resolved,3
101774,2026-03-07,Email,Booking Change,First-time,Medan,A08,4.8,Resolved,5
101775,2026-03-07,WhatsApp,Cancellation,Corporate,Medan,A10,13.5,Resolved,1
101776,2026-03-07,Call Center,Baggage Issue,Corporate,Jakarta,A02,31.9,Resolved,2
101777,2026-03-07,Web,Baggage Issue,Business,Jakarta,A11,13.1,Resolved,5
101778,2026-03-07,WhatsApp,Baggage Issue,First-time,Jakarta,A15,28.2,Resolved,1
101779,2026-03-07,WhatsApp,Refund Request,Corporate,Surabaya,A05,55.8,Open,
101780,2026-03-07,Web,Refund Request,Business,Jakarta,A12,27.1,Resolved,5
101781,2026-03-07,Email,Flight Delay,Leisure,Bali,A11,17.3,Resolved,1
101782,2026-03-07,Email,Baggage Issue,Leisure,Bali,A04,22.4,Resolved,5
101783,2026-03-07,Call Center,Booking Change,Corporate,Medan,A06,7.5,Resolved,4
101784,2026-03-07,WhatsApp,Refund Request,Corporate,Bali,A04,7.8,Resolved,5
101785,2026-03-07,WhatsApp,Loyalty/Account,Leisure,Bali,A15,6.2,Resolved,5
101786,2026-03-07,Web,Booking Change,Corporate,Jakarta,A10,8.9,Resolved,1
101787,2026-03-07,Call Center,Complaint,Leisure,Jakarta,A14,27.1,Resolved,1
101788,2026-03-07,WhatsApp,Loyalty/Account,Corporate,Jakarta,A02,3.7,Open,
101789,2026-03-08,App,Booking Change,Leisure,Surabaya,A12,6.2,Resolved,5
101790,2026-03-08,Call Center,Booking Change,Leisure,Medan,A11,5.9,Resolved,5
101791,2026-03-08,Web,Booking Change,First-time,Makassar,A08,5.1,Resolved,5
101792,2026-03-08,Web,Booking Change,Leisure,Jakarta,A04,9.5,Resolved,1
101793,2026-03-08,App,Baggage Issue,Business,Jakarta,A04,20.4,Resolved,5
101794,2026-03-08,Email,Baggage Issue,Corporate,Makassar,A09,23.9,Resolved,5
101795,2026-03-08,WhatsApp,Refund Request,Corporate,Surabaya,A01,12.3,Resolved,4
101796,2026-03-08,Call Center,Booking Change,Leisure,Medan,A15,0.8,Resolved,5
101797,2026-03-08,App,Complaint,Leisure,Medan,A12,20.2,Resolved,2
101798,2026-03-08,Call Center,Cancellation,Leisure,Makassar,A12,6.9,Resolved,5
101799,2026-03-08,Email,Cancellation,First-time,Bali,A05,10.3,Resolved,5
101800,2026-03-08,Email,Baggage Issue,Leisure,Bali,A08,11.8,Resolved,5
101801,2026-03-08,Email,Complaint,First-time,Medan,A08,33.0,Resolved,1
101802,2026-03-08,Web,Complaint,Corporate,Medan,A07,36.9,Resolved,4
101803,2026-03-08,WhatsApp,Complaint,Business,Surabaya,A03,24.4,Resolved,5
101804,2026-03-08,Web,Booking Change,First-time,Medan,A05,6.4,Resolved,2
101805,2026-03-08,WhatsApp,Refund Request,Business,Medan,A12,17.2,Resolved,5
101806,2026-03-08,App,Baggage Issue,Corporate,Jakarta,A06,18.0,Resolved,4
101807,2026-03-08,Email,Booking Change,First-time,Surabaya,A08,8.1,Resolved,3
101808,2026-03-08,App,Cancellation,First-time,Makassar,A10,10.3,Resolved,5
101809,2026-03-08,WhatsApp,Cancellation,Business,Bali,A08,14.0,Resolved,5
101810,2026-03-08,Email,Refund Request,Business,Bali,A13,35.0,Resolved,5
101811,2026-03-08,Call Center,Complaint,Business,Surabaya,A13,6.8,Resolved,5
101812,2026-03-08,WhatsApp,Refund Request,Business,Medan,A08,6.3,Resolved,5
101813,2026-03-08,WhatsApp,Loyalty/Account,First-time,Surabaya,A06,5.6,Resolved,1
101814,2026-03-08,Email,Loyalty/Account,Corporate,Jakarta,A07,4.9,Resolved,2
101815,2026-03-08,App,Refund Request,Business,Bali,A08,30.4,Resolved,2
101816,2026-03-09,Email,Baggage Issue,Corporate,Bali,A06,28.2,Resolved,3
101817,2026-03-09,WhatsApp,Complaint,Business,Makassar,A02,23.0,Resolved,4
101818,2026-03-09,Email,Flight Delay,Business,Medan,A12,13.6,Resolved,5
101819,2026-03-09,App,Refund Request,Business,Bali,A01,18.2,Resolved,5
101820,2026-03-09,Email,Loyalty/Account,Business,Medan,A09,1.8,Resolved,5
101821,2026-03-09,Call Center,Refund Request,Corporate,Medan,A04,26.4,Resolved,5
101822,2026-03-09,Call Center,Loyalty/Account,Leisure,Jakarta,A09,2.3,Resolved,5
101823,2026-03-09,App,Complaint,First-time,Makassar,A11,16.2,Resolved,4
101824,2026-03-09,WhatsApp,Cancellation,Corporate,Bali,A13,11.4,Resolved,1
101825,2026-03-09,App,Booking Change,Business,Medan,A15,7.3,Resolved,1
101826,2026-03-09,Call Center,Refund Request,Corporate,Bali,A02,32.8,Resolved,3
101827,2026-03-09,Email,Flight Delay,Leisure,Makassar,A11,13.8,Resolved,5
101828,2026-03-09,Call Center,Booking Change,Business,Jakarta,A04,2.4,Resolved,5
101829,2026-03-09,Email,Flight Delay,Leisure,Surabaya,A01,19.8,Resolved,1
101830,2026-03-09,Email,Booking Change,Corporate,Bali,A13,7.1,Resolved,5
101831,2026-03-09,App,Flight Delay,Corporate,Medan,A11,10.9,Resolved,5
101832,2026-03-09,Email,Booking Change,Business,Makassar,A01,3.6,Resolved,5
101833,2026-03-09,Web,Loyalty/Account,Business,Medan,A03,0.5,Resolved,5
101834,2026-03-09,Web,Flight Delay,First-time,Surabaya,A13,9.6,Resolved,5
101835,2026-03-09,App,Refund Request,Corporate,Medan,A11,29.4,Resolved,4
101836,2026-03-09,Web,Flight Delay,First-time,Surabaya,A02,13.1,Open,
101837,2026-03-09,WhatsApp,Complaint,Business,Surabaya,A12,23.7,Resolved,2
101838,2026-03-09,App,Complaint,Corporate,Medan,A11,5.8,Resolved,5
101839,2026-03-09,WhatsApp,Loyalty/Account,Corporate,Surabaya,A01,3.6,Resolved,5
101840,2026-03-09,Email,Flight Delay,First-time,Bali,A07,15.1,Resolved,5
101841,2026-03-09,App,Flight Delay,Corporate,Surabaya,A10,12.1,Open,
101842,2026-03-10,Call Center,Complaint,Corporate,Jakarta,A08,24.1,Resolved,4
101843,2026-03-10,Web,Booking Change,Leisure,Bali,A11,6.9,Resolved,5
101844,2026-03-10,App,Flight Delay,Leisure,Bali,A15,16.7,Resolved,5
101845,2026-03-10,App,Flight Delay,Business,Jakarta,A15,17.0,Open,
101846,2026-03-10,WhatsApp,Booking Change,Business,Medan,A12,4.9,Resolved,5
101847,2026-03-10,Web,Cancellation,First-time,Jakarta,A04,15.5,Open,
101848,2026-03-10,Web,Flight Delay,First-time,Medan,A01,14.9,Resolved,5
101849,2026-03-10,Email,Booking Change,Corporate,Bali,A04,6.2,Resolved,2
101850,2026-03-10,App,Refund Request,First-time,Jakarta,A14,27.5,Resolved,2
101851,2026-03-10,App,Flight Delay,First-time,Surabaya,A05,7.7,Resolved,5
101852,2026-03-10,WhatsApp,Booking Change,Corporate,Makassar,A03,8.4,Resolved,3
101853,2026-03-10,Email,Flight Delay,First-time,Bali,A06,12.3,Resolved,1
101854,2026-03-10,Email,Baggage Issue,First-time,Bali,A02,14.0,Resolved,2
101855,2026-03-10,Email,Refund Request,Corporate,Medan,A13,12.4,Resolved,5
101856,2026-03-10,Call Center,Loyalty/Account,Business,Makassar,A09,3.4,Resolved,3
101857,2026-03-10,Email,Complaint,Business,Surabaya,A02,32.8,Resolved,4
101858,2026-03-10,WhatsApp,Flight Delay,Leisure,Bali,A11,3.1,Resolved,4
101859,2026-03-10,App,Cancellation,Corporate,Medan,A06,9.2,Resolved,5
101860,2026-03-10,WhatsApp,Baggage Issue,First-time,Surabaya,A06,5.2,Resolved,5
101861,2026-03-11,Web,Refund Request,First-time,Surabaya,A12,51.3,Resolved,5
101862,2026-03-11,Web,Booking Change,Leisure,Bali,A13,6.0,Resolved,2
101863,2026-03-11,App,Flight Delay,Leisure,Surabaya,A01,14.4,Resolved,2
101864,2026-03-11,App,Booking Change,Corporate,Medan,A07,6.2,Resolved,3
101865,2026-03-11,Email,Booking Change,Corporate,Bali,A06,6.7,Resolved,4
101866,2026-03-11,App,Baggage Issue,Leisure,Medan,A08,25.4,Resolved,5
101867,2026-03-11,App,Cancellation,First-time,Makassar,A07,7.9,Resolved,1
101868,2026-03-11,App,Flight Delay,Leisure,Medan,A08,5.8,Resolved,5
101869,2026-03-11,Web,Refund Request,Leisure,Jakarta,A12,38.2,Resolved,5
101870,2026-03-11,Call Center,Refund Request,First-time,Jakarta,A05,15.2,Resolved,4
101871,2026-03-11,App,Flight Delay,First-time,Jakarta,A11,18.6,Resolved,1
101872,2026-03-11,Call Center,Flight Delay,Business,Medan,A12,18.9,Resolved,1
101873,2026-03-11,WhatsApp,Flight Delay,Leisure,Bali,A02,10.2,Resolved,5
101874,2026-03-11,Call Center,Booking Change,Corporate,Makassar,A07,3.4,Resolved,5
101875,2026-03-11,Email,Complaint,Business,Medan,A04,40.6,Resolved,1
101876,2026-03-11,Web,Cancellation,Leisure,Bali,A04,10.2,Resolved,3
101877,2026-03-11,App,Complaint,Business,Medan,A02,26.6,Resolved,4
101878,2026-03-11,Email,Booking Change,First-time,Bali,A01,7.1,Resolved,1
101879,2026-03-11,Email,Refund Request,Leisure,Medan,A01,27.2,Resolved,5
101880,2026-03-11,Email,Refund Request,Corporate,Medan,A09,45.1,Resolved,1
101881,2026-03-11,Web,Complaint,Leisure,Jakarta,A02,11.2,Resolved,2
101882,2026-03-12,Web,Flight Delay,First-time,Jakarta,A10,9.0,Resolved,5
101883,2026-03-12,Web,Refund Request,Business,Bali,A12,29.5,Open,
101884,2026-03-12,Call Center,Complaint,Leisure,Makassar,A10,22.6,Resolved,5
101885,2026-03-12,Email,Complaint,Corporate,Surabaya,A13,27.2,Resolved,5
101886,2026-03-12,Web,Booking Change,Leisure,Surabaya,A14,9.5,Resolved,1
101887,2026-03-12,Web,Booking Change,Leisure,Makassar,A04,4.3,Resolved,2
101888,2026-03-12,Email,Complaint,First-time,Jakarta,A01,16.9,Resolved,3
101889,2026-03-12,Email,Booking Change,Corporate,Medan,A10,6.9,Resolved,4
101890,2026-03-12,Web,Loyalty/Account,First-time,Surabaya,A10,3.0,Resolved,5
101891,2026-03-12,App,Booking Change,Leisure,Medan,A09,10.4,Resolved,2
101892,2026-03-12,Email,Refund Request,First-time,Bali,A11,42.9,Resolved,1
101893,2026-03-12,Email,Refund Request,Corporate,Bali,A09,9.9,Resolved,5
101894,2026-03-12,Call Center,Baggage Issue,Business,Medan,A02,18.9,Resolved,1
101895,2026-03-12,Call Center,Flight Delay,Leisure,Bali,A15,11.5,Resolved,5
101896,2026-03-12,Web,Loyalty/Account,Business,Makassar,A06,5.3,Resolved,5
101897,2026-03-12,Call Center,Refund Request,First-time,Bali,A10,14.4,Resolved,3
101898,2026-03-12,Call Center,Booking Change,Corporate,Surabaya,A12,7.6,Resolved,5
101899,2026-03-12,Call Center,Complaint,Business,Jakarta,A11,24.2,Resolved,5
101900,2026-03-12,Web,Loyalty/Account,First-time,Bali,A07,6.2,Resolved,5
101901,2026-03-12,Call Center,Baggage Issue,Corporate,Surabaya,A10,21.3,Resolved,4
101902,2026-03-12,Call Center,Refund Request,Leisure,Surabaya,A15,32.7,Resolved,1
101903,2026-03-12,WhatsApp,Flight Delay,Corporate,Makassar,A07,12.5,Resolved,1
101904,2026-03-12,Email,Baggage Issue,First-time,Medan,A06,20.2,Resolved,5
101905,2026-03-12,App,Refund Request,Leisure,Jakarta,A05,41.6,Resolved,5
101906,2026-03-12,App,Cancellation,First-time,Surabaya,A15,13.1,Resolved,5
101907,2026-03-13,Email,Refund Request,Corporate,Bali,A04,32.0,Resolved,5
101908,2026-03-13,App,Flight Delay,Business,Surabaya,A09,18.6,Resolved,1
101909,2026-03-13,WhatsApp,Booking Change,First-time,Surabaya,A10,7.4,Resolved,3
101910,2026-03-13,App,Loyalty/Account,First-time,Jakarta,A04,4.1,Resolved,5
101911,2026-03-13,Web,Flight Delay,Business,Surabaya,A05,14.8,Resolved,4
101912,2026-03-13,Web,Baggage Issue,First-time,Medan,A04,21.3,Resolved,5
101913,2026-03-13,Email,Cancellation,First-time,Surabaya,A14,7.1,Resolved,5
101914,2026-03-13,WhatsApp,Loyalty/Account,First-time,Medan,A06,3.0,Resolved,5
101915,2026-03-13,Web,Baggage Issue,First-time,Makassar,A06,19.8,Resolved,3
101916,2026-03-13,Web,Booking Change,First-time,Surabaya,A06,6.8,Resolved,5
101917,2026-03-13,WhatsApp,Cancellation,Business,Medan,A15,9.1,Resolved,5
101918,2026-03-13,Email,Cancellation,First-time,Jakarta,A10,10.2,Resolved,5
101919,2026-03-13,App,Flight Delay,First-time,Medan,A07,11.9,Resolved,1
101920,2026-03-13,WhatsApp,Flight Delay,Business,Surabaya,A11,15.5,Resolved,4
101921,2026-03-13,Call Center,Booking Change,Leisure,Medan,A01,6.1,Resolved,5
101922,2026-03-13,App,Cancellation,Leisure,Bali,A09,8.3,Resolved,5
101923,2026-03-13,Web,Refund Request,First-time,Bali,A04,23.9,Resolved,2
101924,2026-03-13,WhatsApp,Baggage Issue,Business,Bali,A08,20.3,Resolved,1
101925,2026-03-13,App,Refund Request,Business,Makassar,A02,31.4,Resolved,4
101926,2026-03-13,Web,Cancellation,Corporate,Surabaya,A09,6.9,Resolved,5
101927,2026-03-13,WhatsApp,Booking Change,Business,Bali,A14,8.8,Open,
101928,2026-03-13,Web,Booking Change,Leisure,Medan,A14,6.4,Resolved,2
101929,2026-03-13,Web,Complaint,Corporate,Medan,A08,26.1,Resolved,3
101930,2026-03-13,Web,Cancellation,Leisure,Medan,A01,11.7,Resolved,4
101931,2026-03-13,WhatsApp,Flight Delay,First-time,Makassar,A12,7.2,Resolved,2
101932,2026-03-13,WhatsApp,Refund Request,First-time,Bali,A15,38.3,Resolved,4
101933,2026-03-13,App,Flight Delay,Leisure,Surabaya,A10,21.2,Resolved,1
101934,2026-03-14,Call Center,Refund Request,Corporate,Jakarta,A08,29.2,Resolved,5
101935,2026-03-14,WhatsApp,Flight Delay,Business,Medan,A13,12.1,Resolved,5
101936,2026-03-14,Call Center,Booking Change,Business,Medan,A08,4.7,Resolved,4
101937,2026-03-14,Web,Refund Request,Business,Medan,A07,38.7,Resolved,3
101938,2026-03-14,Call Center,Booking Change,Corporate,Jakarta,A08,5.5,Resolved,2
101939,2026-03-14,Call Center,Complaint,Leisure,Makassar,A06,29.3,Open,
101940,2026-03-14,Call Center,Loyalty/Account,First-time,Jakarta,A06,2.2,Resolved,3
101941,2026-03-14,WhatsApp,Booking Change,Leisure,Surabaya,A05,8.7,Resolved,4
101942,2026-03-14,Email,Flight Delay,Corporate,Makassar,A06,14.1,Resolved,5
101943,2026-03-14,Email,Booking Change,Leisure,Medan,A07,6.1,Resolved,3
101944,2026-03-14,Email,Baggage Issue,Leisure,Surabaya,A06,16.1,Resolved,5
101945,2026-03-14,Web,Cancellation,Corporate,Surabaya,A13,11.5,Resolved,5
101946,2026-03-14,Web,Booking Change,Corporate,Jakarta,A04,5.5,Resolved,5
101947,2026-03-14,WhatsApp,Complaint,Business,Medan,A10,23.3,Open,
101948,2026-03-14,Email,Booking Change,Leisure,Bali,A13,11.3,Resolved,3
101949,2026-03-14,App,Loyalty/Account,First-time,Jakarta,A11,0.7,Resolved,3
101950,2026-03-14,WhatsApp,Complaint,Corporate,Makassar,A09,29.2,Resolved,2
101951,2026-03-14,Web,Refund Request,Corporate,Makassar,A11,22.1,Resolved,5
101952,2026-03-14,App,Baggage Issue,Business,Surabaya,A07,7.6,Resolved,5
101953,2026-03-14,App,Flight Delay,First-time,Medan,A10,9.0,Resolved,5
101954,2026-03-14,Email,Refund Request,Business,Surabaya,A15,52.7,Resolved,5
101955,2026-03-14,Email,Flight Delay,Corporate,Medan,A07,8.3,Resolved,4
101956,2026-03-14,App,Loyalty/Account,Leisure,Bali,A07,3.5,Resolved,5
101957,2026-03-14,Call Center,Flight Delay,Leisure,Bali,A02,10.0,Resolved,2
101958,2026-03-14,Email,Refund Request,Business,Medan,A14,42.9,Resolved,5
101959,2026-03-14,WhatsApp,Complaint,Corporate,Surabaya,A06,8.3,Resolved,5
101960,2026-03-14,Email,Cancellation,Business,Makassar,A08,5.7,Resolved,2
101961,2026-03-14,App,Complaint,Business,Jakarta,A08,26.3,Resolved,5
101962,2026-03-14,App,Cancellation,Corporate,Makassar,A01,11.9,Resolved,5
101963,2026-03-14,WhatsApp,Booking Change,Leisure,Jakarta,A01,6.7,Resolved,5
101964,2026-03-14,WhatsApp,Loyalty/Account,Leisure,Bali,A05,3.1,Resolved,5
101965,2026-03-14,App,Complaint,Corporate,Surabaya,A08,18.1,Resolved,4
101966,2026-03-15,App,Flight Delay,Business,Bali,A07,9.7,Resolved,4
101967,2026-03-15,WhatsApp,Cancellation,First-time,Bali,A05,8.3,Resolved,3
101968,2026-03-15,Web,Refund Request,Corporate,Bali,A04,48.1,Resolved,1
101969,2026-03-15,App,Booking Change,Leisure,Makassar,A03,8.0,Resolved,5
101970,2026-03-15,Web,Cancellation,Corporate,Makassar,A12,12.7,Resolved,4
101971,2026-03-15,Email,Loyalty/Account,Corporate,Surabaya,A11,4.9,Resolved,5
101972,2026-03-15,Web,Booking Change,Corporate,Medan,A14,6.3,Resolved,3
101973,2026-03-15,Web,Refund Request,Corporate,Medan,A14,15.5,Resolved,5
101974,2026-03-15,Web,Loyalty/Account,Business,Jakarta,A05,7.7,Resolved,2
101975,2026-03-15,Web,Loyalty/Account,Business,Jakarta,A04,2.1,Resolved,5
101976,2026-03-15,Call Center,Booking Change,Leisure,Jakarta,A12,5.8,Resolved,4
101977,2026-03-15,WhatsApp,Refund Request,Leisure,Medan,A04,32.6,Resolved,3
101978,2026-03-15,WhatsApp,Flight Delay,First-time,Makassar,A10,16.2,Resolved,5
101979,2026-03-15,WhatsApp,Cancellation,Leisure,Medan,A09,6.6,Resolved,5
101980,2026-03-15,Email,Booking Change,Leisure,Medan,A15,13.9,Resolved,1
101981,2026-03-15,Web,Baggage Issue,Corporate,Makassar,A08,16.6,Resolved,2
101982,2026-03-15,Call Center,Baggage Issue,Corporate,Medan,A01,33.1,Resolved,5
101983,2026-03-15,Email,Loyalty/Account,First-time,Surabaya,A01,0.5,Resolved,5
101984,2026-03-15,WhatsApp,Complaint,First-time,Jakarta,A14,34.3,Resolved,1
101985,2026-03-15,App,Baggage Issue,Corporate,Makassar,A08,23.0,Resolved,5
101986,2026-03-15,WhatsApp,Booking Change,Business,Medan,A12,5.9,Resolved,4
101987,2026-03-15,Call Center,Booking Change,First-time,Jakarta,A11,6.1,Resolved,1
101988,2026-03-15,Call Center,Cancellation,Business,Bali,A07,14.6,Resolved,4
101989,2026-03-15,Call Center,Cancellation,Corporate,Jakarta,A05,16.1,Resolved,5
101990,2026-03-15,Web,Booking Change,Leisure,Jakarta,A02,6.0,Resolved,2
101991,2026-03-15,Email,Loyalty/Account,Business,Jakarta,A06,6.0,Resolved,4
101992,2026-03-15,Call Center,Booking Change,Corporate,Jakarta,A13,8.8,Resolved,5
101993,2026-03-16,WhatsApp,Booking Change,Corporate,Jakarta,A13,10.0,Resolved,5
101994,2026-03-16,Call Center,Refund Request,Business,Medan,A01,26.1,Resolved,5
101995,2026-03-16,Email,Cancellation,Leisure,Makassar,A04,12.8,Resolved,3
101996,2026-03-16,WhatsApp,Cancellation,Business,Medan,A13,14.8,Resolved,5
101997,2026-03-16,Email,Refund Request,Leisure,Jakarta,A04,41.2,Resolved,1
101998,2026-03-16,Call Center,Baggage Issue,First-time,Jakarta,A14,18.2,Resolved,5
101999,2026-03-16,Web,Booking Change,Leisure,Makassar,A08,0.5,Resolved,5
102000,2026-03-16,Web,Baggage Issue,Leisure,Bali,A05,18.9,Resolved,5
102001,2026-03-16,Call Center,Booking Change,Leisure,Jakarta,A11,7.3,Resolved,5
102002,2026-03-16,App,Booking Change,Corporate,Medan,A09,5.7,Resolved,5
102003,2026-03-16,App,Cancellation,First-time,Jakarta,A05,7.0,Resolved,2
102004,2026-03-16,App,Baggage Issue,Leisure,Bali,A02,28.0,Resolved,1
102005,2026-03-16,WhatsApp,Refund Request,Leisure,Surabaya,A04,25.8,Open,
102006,2026-03-16,WhatsApp,Refund Request,Leisure,Makassar,A14,27.6,Resolved,5
102007,2026-03-16,Email,Flight Delay,Corporate,Jakarta,A13,15.8,Resolved,5
102008,2026-03-16,App,Refund Request,Leisure,Surabaya,A02,25.6,Resolved,4
102009,2026-03-16,Email,Booking Change,First-time,Jakarta,A13,4.1,Resolved,5
102010,2026-03-16,Call Center,Baggage Issue,Business,Jakarta,A03,24.9,Resolved,1
102011,2026-03-16,Email,Cancellation,Leisure,Jakarta,A04,9.7,Resolved,2
102012,2026-03-16,App,Cancellation,Business,Medan,A11,7.9,Resolved,5
102013,2026-03-16,WhatsApp,Complaint,Business,Medan,A04,30.2,Resolved,5
102014,2026-03-16,Email,Flight Delay,Corporate,Surabaya,A10,13.2,Resolved,4
102015,2026-03-16,Call Center,Refund Request,Leisure,Medan,A11,29.5,Resolved,4
102016,2026-03-16,Web,Cancellation,Business,Makassar,A14,9.9,Resolved,5
102017,2026-03-16,Web,Baggage Issue,Business,Jakarta,A04,17.6,Resolved,5
102018,2026-03-16,App,Booking Change,Leisure,Makassar,A11,2.1,Resolved,5
102019,2026-03-16,Call Center,Cancellation,First-time,Jakarta,A04,7.9,Resolved,5
102020,2026-03-16,WhatsApp,Refund Request,First-time,Medan,A11,32.2,Resolved,3
102021,2026-03-16,Email,Complaint,Business,Surabaya,A06,29.4,Resolved,5
102022,2026-03-16,App,Flight Delay,Corporate,Medan,A05,18.6,Open,
102023,2026-03-16,Email,Flight Delay,Leisure,Jakarta,A09,10.8,Resolved,5
102024,2026-03-16,Email,Refund Request,First-time,Jakarta,A13,42.0,Resolved,5
102025,2026-03-17,Web,Refund Request,Business,Medan,A12,45.1,Resolved,5
102026,2026-03-17,App,Flight Delay,First-time,Surabaya,A13,5.1,Resolved,5
102027,2026-03-17,Call Center,Booking Change,Business,Jakarta,A12,4.7,Resolved,2
102028,2026-03-17,App,Flight Delay,Corporate,Medan,A02,14.7,Resolved,1
102029,2026-03-17,Web,Refund Request,Corporate,Bali,A13,56.8,Resolved,2
102030,2026-03-17,WhatsApp,Loyalty/Account,Business,Medan,A01,3.0,Resolved,5
102031,2026-03-17,Call Center,Cancellation,First-time,Makassar,A01,7.4,Resolved,4
102032,2026-03-17,Web,Flight Delay,Corporate,Makassar,A11,12.4,Resolved,2
102033,2026-03-17,Email,Baggage Issue,Corporate,Jakarta,A08,7.3,Resolved,4
102034,2026-03-17,Call Center,Refund Request,Business,Makassar,A08,12.2,Resolved,3
102035,2026-03-17,WhatsApp,Booking Change,Leisure,Jakarta,A15,7.6,Open,
102036,2026-03-17,WhatsApp,Flight Delay,Leisure,Jakarta,A08,15.7,Resolved,5
102037,2026-03-17,App,Booking Change,Corporate,Jakarta,A05,9.2,Resolved,5
102038,2026-03-17,App,Baggage Issue,First-time,Surabaya,A06,18.7,Resolved,4
102039,2026-03-17,WhatsApp,Booking Change,Corporate,Makassar,A12,3.2,Open,
102040,2026-03-17,Email,Cancellation,Business,Jakarta,A14,5.1,Resolved,4
102041,2026-03-17,WhatsApp,Loyalty/Account,Leisure,Jakarta,A10,4.3,Open,
102042,2026-03-17,WhatsApp,Cancellation,Corporate,Medan,A12,15.2,Resolved,1
102043,2026-03-17,Web,Loyalty/Account,Leisure,Bali,A03,4.5,Open,
102044,2026-03-17,Web,Booking Change,Business,Surabaya,A05,4.4,Resolved,4
102045,2026-03-17,App,Refund Request,Business,Jakarta,A12,36.9,Resolved,1
102046,2026-03-17,App,Refund Request,First-time,Surabaya,A14,25.8,Resolved,5
102047,2026-03-17,WhatsApp,Booking Change,Corporate,Jakarta,A03,4.0,Resolved,4
102048,2026-03-17,App,Booking Change,Business,Medan,A07,1.4,Resolved,4
102049,2026-03-17,Web,Refund Request,Corporate,Medan,A14,44.8,Resolved,1
102050,2026-03-17,Call Center,Flight Delay,First-time,Bali,A05,11.9,Resolved,1
102051,2026-03-17,Email,Complaint,Leisure,Surabaya,A05,15.6,Resolved,3
102052,2026-03-18,Web,Complaint,Business,Jakarta,A12,32.4,Resolved,1
102053,2026-03-18,WhatsApp,Booking Change,First-time,Medan,A12,5.9,Resolved,4
102054,2026-03-18,App,Refund Request,Business,Surabaya,A09,23.6,Resolved,5
102055,2026-03-18,WhatsApp,Booking Change,Leisure,Bali,A09,7.6,Resolved,1
102056,2026-03-18,Web,Booking Change,First-time,Surabaya,A13,7.0,Resolved,3
102057,2026-03-18,Email,Booking Change,Business,Makassar,A02,3.0,Resolved,4
102058,2026-03-18,App,Flight Delay,Corporate,Bali,A01,15.2,Resolved,2
102059,2026-03-18,App,Cancellation,Leisure,Jakarta,A06,13.4,Resolved,5
102060,2026-03-18,Email,Cancellation,First-time,Jakarta,A13,15.7,Resolved,2
102061,2026-03-18,Call Center,Booking Change,Leisure,Surabaya,A06,5.1,Resolved,4
102062,2026-03-18,App,Cancellation,Corporate,Surabaya,A09,11.4,Resolved,4
102063,2026-03-18,Email,Baggage Issue,First-time,Bali,A09,20.4,Resolved,2
102064,2026-03-18,Email,Flight Delay,Leisure,Bali,A08,11.0,Open,
102065,2026-03-18,WhatsApp,Flight Delay,Leisure,Jakarta,A01,15.7,Resolved,5
102066,2026-03-18,Call Center,Refund Request,Corporate,Makassar,A09,30.2,Resolved,5
102067,2026-03-18,Call Center,Booking Change,First-time,Surabaya,A09,6.3,Resolved,5
102068,2026-03-18,WhatsApp,Complaint,First-time,Jakarta,A12,32.4,Open,
102069,2026-03-18,Web,Flight Delay,First-time,Surabaya,A07,6.7,Resolved,5
102070,2026-03-18,App,Loyalty/Account,Business,Surabaya,A01,2.7,Resolved,5
102071,2026-03-18,WhatsApp,Booking Change,First-time,Bali,A02,10.1,Resolved,4
102072,2026-03-18,Email,Cancellation,Business,Makassar,A08,4.3,Resolved,5
102073,2026-03-19,App,Refund Request,Business,Makassar,A07,29.2,Resolved,3
102074,2026-03-19,WhatsApp,Baggage Issue,Corporate,Surabaya,A10,22.2,Resolved,3
102075,2026-03-19,App,Refund Request,Corporate,Surabaya,A04,44.7,Resolved,2
102076,2026-03-19,App,Complaint,First-time,Surabaya,A05,12.9,Resolved,5
102077,2026-03-19,Call Center,Flight Delay,Leisure,Medan,A11,8.5,Resolved,4
102078,2026-03-19,Email,Complaint,Leisure,Surabaya,A13,29.7,Resolved,3
102079,2026-03-19,Web,Refund Request,Business,Bali,A14,32.2,Resolved,5
102080,2026-03-19,WhatsApp,Flight Delay,Corporate,Bali,A10,11.4,Resolved,4
102081,2026-03-19,App,Loyalty/Account,Leisure,Surabaya,A06,4.1,Resolved,2
102082,2026-03-19,WhatsApp,Refund Request,Business,Medan,A14,48.5,Resolved,2
102083,2026-03-19,Call Center,Refund Request,Corporate,Jakarta,A04,32.4,Resolved,2
102084,2026-03-19,Call Center,Booking Change,Corporate,Makassar,A15,7.6,Resolved,5
102085,2026-03-19,App,Refund Request,Business,Jakarta,A02,26.8,Resolved,2
102086,2026-03-19,Web,Booking Change,Leisure,Makassar,A04,3.4,Resolved,5
102087,2026-03-19,Email,Booking Change,Business,Surabaya,A11,5.2,Resolved,2
102088,2026-03-19,WhatsApp,Cancellation,Leisure,Makassar,A08,12.6,Resolved,5
102089,2026-03-19,Email,Refund Request,First-time,Makassar,A13,7.3,Resolved,5
102090,2026-03-19,WhatsApp,Booking Change,Leisure,Jakarta,A02,4.4,Resolved,5
102091,2026-03-19,Email,Flight Delay,Leisure,Surabaya,A06,4.6,Resolved,5
102092,2026-03-19,App,Loyalty/Account,Leisure,Medan,A15,4.4,Resolved,5
102093,2026-03-19,App,Refund Request,Corporate,Surabaya,A02,28.3,Resolved,4
102094,2026-03-19,WhatsApp,Cancellation,Corporate,Jakarta,A05,11.4,Resolved,5
102095,2026-03-19,Web,Flight Delay,Leisure,Makassar,A13,15.2,Resolved,5
102096,2026-03-20,Web,Baggage Issue,Business,Jakarta,A08,17.9,Resolved,5
102097,2026-03-20,Call Center,Booking Change,Corporate,Jakarta,A03,3.6,Resolved,3
102098,2026-03-20,Email,Baggage Issue,Corporate,Surabaya,A15,17.1,Resolved,5
102099,2026-03-20,App,Complaint,Leisure,Makassar,A02,23.8,Resolved,1
102100,2026-03-20,Web,Loyalty/Account,Leisure,Makassar,A06,2.3,Resolved,3
102101,2026-03-20,Web,Booking Change,Leisure,Medan,A11,4.0,Resolved,5
102102,2026-03-20,Call Center,Booking Change,Business,Bali,A06,6.6,Open,
102103,2026-03-20,WhatsApp,Flight Delay,Business,Medan,A02,2.7,Resolved,5
102104,2026-03-20,Call Center,Loyalty/Account,Business,Makassar,A05,4.3,Resolved,5
102105,2026-03-20,Email,Refund Request,Leisure,Makassar,A13,33.5,Resolved,3
102106,2026-03-20,App,Flight Delay,Business,Medan,A04,15.8,Resolved,5
102107,2026-03-20,Call Center,Cancellation,Leisure,Jakarta,A08,9.7,Resolved,4
102108,2026-03-20,Call Center,Loyalty/Account,Leisure,Bali,A10,3.7,Resolved,5
102109,2026-03-20,Web,Loyalty/Account,Corporate,Makassar,A07,4.1,Resolved,4
102110,2026-03-20,WhatsApp,Cancellation,First-time,Bali,A11,3.7,Resolved,5
102111,2026-03-20,WhatsApp,Cancellation,First-time,Jakarta,A05,14.3,Resolved,3
102112,2026-03-20,WhatsApp,Baggage Issue,Business,Bali,A02,28.0,Resolved,1
102113,2026-03-20,Web,Loyalty/Account,Business,Surabaya,A02,5.1,Resolved,5
102114,2026-03-20,WhatsApp,Booking Change,First-time,Medan,A09,9.8,Resolved,5
102115,2026-03-20,Email,Baggage Issue,Leisure,Makassar,A03,15.1,Resolved,1
102116,2026-03-20,Web,Booking Change,First-time,Surabaya,A05,6.7,Resolved,1
102117,2026-03-20,WhatsApp,Refund Request,Business,Bali,A15,24.2,Resolved,5
102118,2026-03-20,App,Loyalty/Account,Leisure,Bali,A15,4.9,Resolved,5
102119,2026-03-20,WhatsApp,Baggage Issue,Business,Makassar,A07,13.1,Resolved,5
102120,2026-03-20,Web,Baggage Issue,Corporate,Makassar,A07,25.6,Resolved,5
102121,2026-03-20,Email,Flight Delay,First-time,Bali,A11,20.1,Open,
102122,2026-03-20,Web,Flight Delay,First-time,Jakarta,A13,16.0,Resolved,4
102123,2026-03-20,Web,Baggage Issue,Leisure,Bali,A13,17.0,Resolved,3
102124,2026-03-20,App,Refund Request,Corporate,Jakarta,A14,44.9,Resolved,4
102125,2026-03-21,Email,Booking Change,First-time,Makassar,A15,6.6,Open,
102126,2026-03-21,Web,Complaint,First-time,Makassar,A02,21.7,Resolved,5
102127,2026-03-21,App,Baggage Issue,Leisure,Jakarta,A07,8.2,Resolved,5
102128,2026-03-21,Email,Baggage Issue,Corporate,Jakarta,A07,16.3,Resolved,2
102129,2026-03-21,Web,Flight Delay,First-time,Medan,A01,11.6,Resolved,5
102130,2026-03-21,Call Center,Flight Delay,First-time,Makassar,A07,8.6,Resolved,4
102131,2026-03-21,Email,Flight Delay,Business,Medan,A11,13.8,Open,
102132,2026-03-21,Email,Complaint,First-time,Medan,A15,27.8,Open,
102133,2026-03-21,App,Booking Change,Leisure,Bali,A07,9.3,Resolved,1
102134,2026-03-21,App,Booking Change,First-time,Surabaya,A15,4.6,Resolved,2
102135,2026-03-21,Call Center,Refund Request,Business,Surabaya,A15,35.6,Resolved,5
102136,2026-03-21,App,Booking Change,Business,Jakarta,A10,5.7,Resolved,5
102137,2026-03-21,WhatsApp,Booking Change,First-time,Surabaya,A11,4.9,Resolved,1
102138,2026-03-21,Email,Refund Request,Business,Surabaya,A02,42.3,Resolved,3
102139,2026-03-21,WhatsApp,Refund Request,Leisure,Surabaya,A06,52.9,Resolved,5
102140,2026-03-21,Call Center,Complaint,First-time,Bali,A01,29.7,Resolved,5
102141,2026-03-21,Email,Refund Request,Leisure,Medan,A09,35.2,Resolved,2
102142,2026-03-21,App,Baggage Issue,Business,Surabaya,A01,20.5,Resolved,3
102143,2026-03-21,Web,Complaint,Business,Jakarta,A05,0.5,Resolved,5
102144,2026-03-21,Email,Cancellation,First-time,Makassar,A04,8.7,Resolved,2
102145,2026-03-21,WhatsApp,Refund Request,Business,Jakarta,A03,0.5,Resolved,5
102146,2026-03-21,Email,Baggage Issue,First-time,Jakarta,A13,11.6,Resolved,5
102147,2026-03-21,Email,Baggage Issue,First-time,Jakarta,A08,15.7,Resolved,5
102148,2026-03-21,Call Center,Flight Delay,Business,Jakarta,A13,7.4,Open,
102149,2026-03-21,Web,Flight Delay,Leisure,Surabaya,A04,9.1,Resolved,1
102150,2026-03-21,Call Center,Baggage Issue,Corporate,Jakarta,A09,13.3,Resolved,2
102151,2026-03-21,Web,Cancellation,First-time,Makassar,A12,15.2,Resolved,5
102152,2026-03-21,Email,Baggage Issue,Corporate,Makassar,A08,22.6,Resolved,1
102153,2026-03-21,Email,Flight Delay,Corporate,Surabaya,A10,8.9,Resolved,5
102154,2026-03-22,App,Booking Change,Leisure,Bali,A10,4.7,Resolved,5
102155,2026-03-22,Call Center,Complaint,First-time,Makassar,A09,37.6,Resolved,2
102156,2026-03-22,Call Center,Complaint,Leisure,Jakarta,A06,21.3,Resolved,4
102157,2026-03-22,App,Flight Delay,Leisure,Medan,A06,15.1,Resolved,4
102158,2026-03-22,WhatsApp,Flight Delay,Business,Jakarta,A08,10.4,Resolved,3
102159,2026-03-22,Email,Loyalty/Account,Leisure,Medan,A10,2.5,Resolved,4
102160,2026-03-22,Web,Loyalty/Account,First-time,Surabaya,A06,3.7,Resolved,5
102161,2026-03-22,Call Center,Loyalty/Account,Leisure,Makassar,A11,2.4,Resolved,4
102162,2026-03-22,App,Refund Request,Leisure,Bali,A11,28.2,Resolved,5
102163,2026-03-22,Call Center,Loyalty/Account,First-time,Makassar,A11,3.6,Resolved,5
102164,2026-03-22,Call Center,Loyalty/Account,Business,Bali,A05,4.1,Resolved,1
102165,2026-03-22,Web,Refund Request,First-time,Surabaya,A06,37.6,Resolved,5
102166,2026-03-22,Web,Loyalty/Account,Corporate,Medan,A14,2.0,Resolved,5
102167,2026-03-22,Email,Loyalty/Account,Leisure,Bali,A03,3.8,Resolved,5
102168,2026-03-22,Call Center,Cancellation,First-time,Surabaya,A07,16.1,Resolved,3
102169,2026-03-22,Call Center,Flight Delay,Business,Surabaya,A09,6.3,Resolved,3
102170,2026-03-22,Email,Loyalty/Account,Leisure,Makassar,A06,2.5,Resolved,2
102171,2026-03-22,WhatsApp,Flight Delay,Corporate,Medan,A06,16.2,Resolved,2
102172,2026-03-22,Web,Complaint,Business,Jakarta,A05,24.8,Resolved,5
102173,2026-03-22,Email,Baggage Issue,Leisure,Jakarta,A10,15.8,Resolved,4
102174,2026-03-22,App,Baggage Issue,Corporate,Jakarta,A14,18.2,Resolved,5
102175,2026-03-22,App,Booking Change,Corporate,Medan,A06,6.8,Resolved,5
102176,2026-03-22,Email,Baggage Issue,Business,Medan,A12,13.7,Resolved,5
102177,2026-03-22,Call Center,Refund Request,First-time,Medan,A01,46.6,Resolved,5
102178,2026-03-22,App,Complaint,Leisure,Bali,A01,25.3,Resolved,5
102179,2026-03-22,WhatsApp,Refund Request,Leisure,Makassar,A08,14.8,Resolved,4
102180,2026-03-22,Web,Booking Change,Corporate,Surabaya,A14,4.8,Resolved,4
102181,2026-03-22,Web,Cancellation,First-time,Surabaya,A15,6.5,Resolved,5
102182,2026-03-23,WhatsApp,Loyalty/Account,First-time,Medan,A08,6.5,Resolved,1
102183,2026-03-23,Call Center,Booking Change,Corporate,Makassar,A12,7.5,Resolved,2
102184,2026-03-23,WhatsApp,Flight Delay,Corporate,Bali,A05,9.6,Resolved,5
102185,2026-03-23,Email,Loyalty/Account,Leisure,Jakarta,A06,7.7,Open,
102186,2026-03-23,Call Center,Booking Change,Business,Bali,A11,6.9,Resolved,3
102187,2026-03-23,App,Refund Request,Business,Surabaya,A13,25.2,Resolved,5
102188,2026-03-23,WhatsApp,Flight Delay,Business,Medan,A12,15.7,Resolved,5
102189,2026-03-23,WhatsApp,Refund Request,First-time,Medan,A10,43.9,Resolved,1
102190,2026-03-23,Email,Loyalty/Account,Business,Medan,A15,3.9,Resolved,5
102191,2026-03-23,App,Loyalty/Account,First-time,Surabaya,A03,2.7,Resolved,5
102192,2026-03-23,WhatsApp,Refund Request,Business,Jakarta,A04,40.8,Resolved,5
102193,2026-03-23,Web,Flight Delay,Leisure,Surabaya,A14,15.0,Resolved,1
102194,2026-03-23,App,Booking Change,Corporate,Makassar,A01,6.6,Resolved,5
102195,2026-03-23,Call Center,Booking Change,Business,Medan,A08,8.0,Resolved,5
102196,2026-03-23,WhatsApp,Booking Change,First-time,Medan,A12,9.2,Resolved,4
102197,2026-03-23,Email,Complaint,Corporate,Medan,A06,22.3,Resolved,5
102198,2026-03-23,App,Booking Change,Business,Makassar,A06,12.4,Resolved,5
102199,2026-03-23,WhatsApp,Complaint,First-time,Medan,A04,22.8,Resolved,5
102200,2026-03-23,Web,Flight Delay,Leisure,Medan,A02,7.2,Resolved,5
102201,2026-03-23,WhatsApp,Flight Delay,Business,Makassar,A03,22.6,Resolved,5
102202,2026-03-24,Web,Loyalty/Account,Business,Medan,A02,3.0,Resolved,3
102203,2026-03-24,Web,Baggage Issue,Leisure,Bali,A09,13.0,Resolved,4
102204,2026-03-24,WhatsApp,Cancellation,Business,Makassar,A04,9.1,Resolved,1
102205,2026-03-24,Email,Refund Request,Leisure,Medan,A12,29.4,Resolved,5
102206,2026-03-24,Call Center,Refund Request,Leisure,Makassar,A05,16.0,Resolved,5
102207,2026-03-24,App,Loyalty/Account,First-time,Makassar,A03,5.7,Resolved,3
102208,2026-03-24,App,Booking Change,Business,Medan,A03,4.0,Open,
102209,2026-03-24,Email,Refund Request,First-time,Makassar,A12,40.6,Resolved,5
102210,2026-03-24,Web,Baggage Issue,Business,Surabaya,A01,23.4,Resolved,2
102211,2026-03-24,App,Booking Change,Corporate,Medan,A09,6.3,Open,
102212,2026-03-24,Email,Cancellation,First-time,Makassar,A09,11.0,Resolved,1
102213,2026-03-24,WhatsApp,Flight Delay,Business,Bali,A06,14.7,Resolved,5
102214,2026-03-24,App,Complaint,Leisure,Surabaya,A05,36.5,Resolved,5
102215,2026-03-24,WhatsApp,Refund Request,Leisure,Makassar,A06,33.4,Resolved,5
102216,2026-03-24,Web,Booking Change,Leisure,Jakarta,A11,6.6,Resolved,2
102217,2026-03-24,App,Cancellation,Corporate,Jakarta,A05,11.0,Resolved,4
102218,2026-03-24,WhatsApp,Booking Change,Business,Jakarta,A07,7.8,Resolved,5
102219,2026-03-24,WhatsApp,Cancellation,First-time,Jakarta,A02,10.8,Resolved,5
102220,2026-03-24,Email,Booking Change,Leisure,Medan,A08,6.6,Resolved,5
102221,2026-03-24,App,Booking Change,Leisure,Jakarta,A07,5.0,Resolved,5
102222,2026-03-24,Call Center,Cancellation,First-time,Surabaya,A11,11.2,Resolved,4
102223,2026-03-24,WhatsApp,Flight Delay,Business,Surabaya,A12,11.8,Resolved,5
102224,2026-03-24,Email,Refund Request,Leisure,Surabaya,A11,26.7,Resolved,3
102225,2026-03-24,Call Center,Cancellation,Leisure,Surabaya,A03,12.6,Resolved,3
102226,2026-03-24,App,Baggage Issue,Business,Bali,A10,21.5,Resolved,1
102227,2026-03-24,Web,Booking Change,Corporate,Medan,A01,7.7,Resolved,5
102228,2026-03-24,App,Loyalty/Account,First-time,Jakarta,A13,2.2,Resolved,4
102229,2026-03-24,WhatsApp,Baggage Issue,Corporate,Surabaya,A08,23.6,Resolved,4
102230,2026-03-24,Call Center,Booking Change,Business,Medan,A09,2.3,Resolved,5
102231,2026-03-25,App,Cancellation,Business,Surabaya,A05,17.8,Resolved,5
102232,2026-03-25,App,Loyalty/Account,Leisure,Medan,A06,2.8,Resolved,5
102233,2026-03-25,Web,Flight Delay,Corporate,Jakarta,A10,8.2,Resolved,5
102234,2026-03-25,Web,Flight Delay,Leisure,Medan,A03,8.5,Resolved,5
102235,2026-03-25,Call Center,Baggage Issue,Leisure,Bali,A05,22.0,Resolved,3
102236,2026-03-25,Web,Booking Change,Corporate,Jakarta,A01,5.6,Resolved,4
102237,2026-03-25,WhatsApp,Loyalty/Account,First-time,Medan,A15,4.2,Resolved,2
102238,2026-03-25,WhatsApp,Baggage Issue,Corporate,Medan,A11,10.2,Resolved,5
102239,2026-03-25,Call Center,Refund Request,Business,Surabaya,A08,33.5,Resolved,4
102240,2026-03-25,App,Booking Change,Leisure,Makassar,A13,4.9,Resolved,3
102241,2026-03-25,Email,Booking Change,Business,Jakarta,A09,6.3,Resolved,1
102242,2026-03-25,App,Flight Delay,First-time,Makassar,A09,17.2,Open,
102243,2026-03-25,App,Booking Change,Corporate,Medan,A03,2.0,Resolved,5
102244,2026-03-25,WhatsApp,Booking Change,Leisure,Surabaya,A01,3.3,Resolved,5
102245,2026-03-25,App,Booking Change,Business,Bali,A01,6.8,Resolved,1
102246,2026-03-25,Web,Flight Delay,Business,Medan,A02,8.4,Resolved,5
102247,2026-03-25,WhatsApp,Baggage Issue,Business,Bali,A14,11.4,Resolved,5
102248,2026-03-25,App,Refund Request,Leisure,Surabaya,A09,28.0,Open,
102249,2026-03-25,Email,Booking Change,Business,Makassar,A03,8.4,Resolved,5
102250,2026-03-25,Web,Flight Delay,First-time,Medan,A02,2.3,Resolved,5
102251,2026-03-25,App,Refund Request,Business,Medan,A01,38.8,Resolved,5
102252,2026-03-25,App,Loyalty/Account,Leisure,Jakarta,A01,4.4,Resolved,4
102253,2026-03-25,App,Flight Delay,Corporate,Jakarta,A12,8.4,Resolved,2
102254,2026-03-25,App,Booking Change,Corporate,Makassar,A06,3.4,Resolved,2
102255,2026-03-26,Call Center,Refund Request,Business,Jakarta,A10,27.4,Resolved,4
102256,2026-03-26,WhatsApp,Baggage Issue,First-time,Medan,A09,16.7,Resolved,4
102257,2026-03-26,WhatsApp,Baggage Issue,Business,Medan,A08,12.8,Resolved,5
102258,2026-03-26,App,Refund Request,First-time,Medan,A03,9.8,Resolved,5
102259,2026-03-26,Call Center,Booking Change,First-time,Makassar,A04,6.2,Resolved,5
102260,2026-03-26,WhatsApp,Cancellation,Corporate,Makassar,A15,12.5,Resolved,3
102261,2026-03-26,Web,Complaint,Leisure,Bali,A15,0.5,Resolved,5
102262,2026-03-26,Web,Flight Delay,First-time,Makassar,A02,18.0,Resolved,5
102263,2026-03-26,App,Booking Change,Leisure,Bali,A14,11.1,Resolved,1
102264,2026-03-26,App,Refund Request,First-time,Surabaya,A02,18.1,Resolved,2
102265,2026-03-26,App,Cancellation,Corporate,Makassar,A14,10.7,Resolved,5
102266,2026-03-26,App,Refund Request,Business,Surabaya,A08,25.8,Resolved,2
102267,2026-03-26,Email,Flight Delay,Business,Makassar,A09,4.2,Resolved,5
102268,2026-03-26,Email,Booking Change,Leisure,Medan,A06,10.0,Resolved,5
102269,2026-03-26,WhatsApp,Complaint,Business,Medan,A02,21.0,Resolved,4
102270,2026-03-26,Call Center,Loyalty/Account,First-time,Makassar,A13,5.5,Resolved,2
102271,2026-03-26,Email,Flight Delay,Business,Medan,A10,18.7,Resolved,2
102272,2026-03-26,Call Center,Booking Change,Leisure,Makassar,A04,4.8,Resolved,5
102273,2026-03-26,Call Center,Complaint,First-time,Jakarta,A07,43.8,Resolved,5
102274,2026-03-26,Email,Refund Request,Business,Bali,A06,37.0,Resolved,1
102275,2026-03-26,Call Center,Baggage Issue,First-time,Surabaya,A11,27.4,Resolved,2
102276,2026-03-27,Web,Baggage Issue,First-time,Makassar,A12,20.7,Resolved,4
102277,2026-03-27,Call Center,Booking Change,First-time,Makassar,A03,6.3,Resolved,5
102278,2026-03-27,Web,Booking Change,Corporate,Makassar,A14,6.1,Resolved,5
102279,2026-03-27,WhatsApp,Flight Delay,Leisure,Makassar,A13,12.7,Resolved,3
102280,2026-03-27,Web,Refund Request,Leisure,Medan,A05,20.7,Resolved,5
102281,2026-03-27,WhatsApp,Loyalty/Account,First-time,Makassar,A02,2.0,Resolved,5
102282,2026-03-27,Web,Booking Change,Leisure,Makassar,A06,7.5,Resolved,1
102283,2026-03-27,Email,Baggage Issue,Business,Surabaya,A02,18.9,Resolved,5
102284,2026-03-27,Call Center,Booking Change,Business,Jakarta,A06,8.7,Resolved,5
102285,2026-03-27,Call Center,Refund Request,Leisure,Surabaya,A15,49.2,Resolved,5
102286,2026-03-27,App,Baggage Issue,First-time,Bali,A14,14.7,Resolved,5
102287,2026-03-27,App,Booking Change,First-time,Medan,A08,6.1,Resolved,3
102288,2026-03-27,WhatsApp,Cancellation,Business,Bali,A09,5.4,Resolved,5
102289,2026-03-27,Email,Booking Change,Leisure,Medan,A14,5.0,Resolved,5
102290,2026-03-27,Call Center,Flight Delay,Leisure,Surabaya,A10,11.3,Resolved,5
102291,2026-03-27,Email,Refund Request,Corporate,Makassar,A10,21.4,Resolved,4
102292,2026-03-27,WhatsApp,Baggage Issue,First-time,Bali,A07,9.5,Resolved,4
102293,2026-03-27,WhatsApp,Complaint,Corporate,Bali,A05,41.2,Open,
102294,2026-03-27,Web,Booking Change,Business,Makassar,A01,5.4,Resolved,3
102295,2026-03-27,App,Loyalty/Account,Business,Medan,A06,5.4,Resolved,2
102296,2026-03-27,Email,Refund Request,First-time,Surabaya,A06,38.9,Resolved,1
102297,2026-03-27,WhatsApp,Baggage Issue,Leisure,Makassar,A05,13.4,Resolved,5
102298,2026-03-27,Call Center,Booking Change,Corporate,Surabaya,A09,8.9,Resolved,5
102299,2026-03-27,Call Center,Booking Change,First-time,Medan,A13,9.9,Resolved,4
102300,2026-03-27,Call Center,Flight Delay,Corporate,Medan,A03,6.5,Open,
102301,2026-03-27,Email,Complaint,Corporate,Bali,A14,13.4,Resolved,3
102302,2026-03-27,Web,Baggage Issue,Corporate,Bali,A04,27.1,Resolved,1
102303,2026-03-27,Call Center,Booking Change,Business,Surabaya,A05,7.5,Resolved,1
102304,2026-03-27,Call Center,Booking Change,First-time,Bali,A01,1.3,Resolved,5
102305,2026-03-27,App,Baggage Issue,Corporate,Surabaya,A01,14.3,Resolved,5
102306,2026-03-27,Email,Booking Change,Corporate,Surabaya,A07,2.6,Resolved,5
102307,2026-03-27,Web,Baggage Issue,Corporate,Medan,A13,16.9,Open,
102308,2026-03-27,App,Booking Change,Corporate,Jakarta,A06,6.8,Resolved,1
102309,2026-03-27,WhatsApp,Complaint,Corporate,Makassar,A11,21.4,Resolved,1
102310,2026-03-27,WhatsApp,Booking Change,First-time,Makassar,A07,6.5,Resolved,4
102311,2026-03-27,Web,Flight Delay,Business,Jakarta,A10,2.6,Resolved,4
102312,2026-03-27,Web,Booking Change,Corporate,Medan,A12,2.8,Resolved,5
102313,2026-03-27,Web,Booking Change,First-time,Jakarta,A12,7.1,Resolved,5
102314,2026-03-27,Web,Cancellation,First-time,Bali,A07,11.5,Resolved,4
102315,2026-03-28,WhatsApp,Complaint,Leisure,Medan,A06,37.5,Resolved,5
102316,2026-03-28,App,Flight Delay,Corporate,Surabaya,A11,10.9,Resolved,3
102317,2026-03-28,Call Center,Flight Delay,Corporate,Bali,A01,23.3,Resolved,1
102318,2026-03-28,Web,Refund Request,First-time,Bali,A14,35.7,Resolved,1
102319,2026-03-28,Email,Booking Change,Business,Surabaya,A05,6.4,Resolved,1
102320,2026-03-28,Email,Cancellation,Leisure,Medan,A15,4.5,Resolved,4
102321,2026-03-28,Email,Refund Request,Corporate,Surabaya,A03,53.7,Resolved,4
102322,2026-03-28,Call Center,Booking Change,Leisure,Medan,A12,6.9,Open,
102323,2026-03-28,Email,Flight Delay,Leisure,Makassar,A04,13.7,Resolved,5
102324,2026-03-28,WhatsApp,Refund Request,Business,Bali,A09,21.8,Resolved,5
102325,2026-03-28,Call Center,Loyalty/Account,Corporate,Surabaya,A01,7.5,Resolved,1
102326,2026-03-28,Email,Booking Change,Leisure,Medan,A08,7.2,Resolved,4
102327,2026-03-28,Web,Booking Change,First-time,Bali,A05,5.9,Resolved,5
102328,2026-03-28,Call Center,Flight Delay,Business,Makassar,A12,22.7,Resolved,1
102329,2026-03-28,Call Center,Booking Change,Leisure,Jakarta,A04,5.2,Resolved,1
102330,2026-03-28,Email,Flight Delay,Corporate,Makassar,A13,10.1,Resolved,4
102331,2026-03-28,App,Loyalty/Account,Business,Makassar,A05,5.4,Resolved,5
102332,2026-03-28,Web,Flight Delay,Corporate,Medan,A05,11.8,Resolved,5
102333,2026-03-28,Web,Booking Change,First-time,Bali,A05,7.1,Resolved,5
102334,2026-03-28,WhatsApp,Flight Delay,Business,Surabaya,A13,14.4,Resolved,1
102335,2026-03-28,Email,Loyalty/Account,First-time,Jakarta,A15,5.6,Resolved,1
102336,2026-03-28,WhatsApp,Flight Delay,Leisure,Makassar,A15,1.5,Resolved,5
102337,2026-03-28,Web,Booking Change,Leisure,Jakarta,A04,6.1,Resolved,4
102338,2026-03-28,App,Flight Delay,First-time,Jakarta,A15,12.3,Open,
102339,2026-03-28,App,Complaint,First-time,Medan,A01,7.1,Resolved,5
102340,2026-03-28,WhatsApp,Booking Change,Leisure,Surabaya,A05,4.7,Resolved,4
102341,2026-03-28,WhatsApp,Baggage Issue,Leisure,Makassar,A13,25.9,Resolved,1
102342,2026-03-28,Call Center,Complaint,Business,Surabaya,A05,27.2,Resolved,1
102343,2026-03-28,App,Refund Request,Leisure,Jakarta,A04,25.9,Resolved,3
102344,2026-03-28,Call Center,Loyalty/Account,Leisure,Bali,A06,0.5,Resolved,5
102345,2026-03-28,App,Flight Delay,Leisure,Bali,A15,10.1,Resolved,4
102346,2026-03-28,App,Flight Delay,Leisure,Jakarta,A15,7.2,Resolved,3
102347,2026-03-29,Call Center,Complaint,Leisure,Surabaya,A01,28.3,Resolved,3
102348,2026-03-29,Email,Loyalty/Account,Corporate,Makassar,A01,2.1,Resolved,5
102349,2026-03-29,Email,Cancellation,Business,Medan,A09,11.5,Resolved,3
102350,2026-03-29,Email,Baggage Issue,First-time,Surabaya,A10,26.7,Resolved,5
102351,2026-03-29,WhatsApp,Refund Request,First-time,Makassar,A09,42.4,Resolved,1
102352,2026-03-29,App,Baggage Issue,First-time,Makassar,A06,12.4,Open,
102353,2026-03-29,Call Center,Complaint,First-time,Surabaya,A08,30.9,Resolved,5
102354,2026-03-29,App,Baggage Issue,Business,Jakarta,A03,10.2,Resolved,4
102355,2026-03-29,WhatsApp,Loyalty/Account,First-time,Makassar,A09,4.5,Open,
102356,2026-03-29,Call Center,Loyalty/Account,Leisure,Makassar,A15,3.1,Resolved,5
102357,2026-03-29,Call Center,Flight Delay,Corporate,Makassar,A02,6.9,Resolved,4
102358,2026-03-29,WhatsApp,Booking Change,Corporate,Medan,A03,6.7,Resolved,5
102359,2026-03-29,App,Baggage Issue,Business,Bali,A10,16.3,Resolved,5
102360,2026-03-29,WhatsApp,Booking Change,First-time,Bali,A10,3.6,Resolved,5
102361,2026-03-29,Call Center,Cancellation,Corporate,Bali,A15,15.0,Resolved,5
102362,2026-03-29,Email,Flight Delay,Leisure,Bali,A13,18.6,Resolved,5
102363,2026-03-29,Email,Baggage Issue,Business,Bali,A14,27.4,Resolved,5
102364,2026-03-29,Email,Baggage Issue,Business,Bali,A05,18.0,Resolved,5
102365,2026-03-29,Email,Booking Change,Business,Bali,A03,0.6,Resolved,4
102366,2026-03-29,App,Loyalty/Account,Corporate,Jakarta,A02,3.9,Resolved,4
102367,2026-03-29,Call Center,Loyalty/Account,Business,Surabaya,A12,3.3,Resolved,5
102368,2026-03-29,Email,Loyalty/Account,Corporate,Jakarta,A02,4.2,Open,
102369,2026-03-29,App,Refund Request,Leisure,Jakarta,A10,29.6,Resolved,5
102370,2026-03-29,Web,Complaint,Leisure,Bali,A07,24.3,Resolved,2
102371,2026-03-29,App,Cancellation,Business,Medan,A14,7.6,Open,
102372,2026-03-29,Call Center,Booking Change,First-time,Makassar,A11,5.3,Open,
102373,2026-03-29,WhatsApp,Loyalty/Account,Corporate,Jakarta,A10,4.5,Resolved,5
102374,2026-03-29,WhatsApp,Complaint,Business,Makassar,A08,12.0,Resolved,5
102375,2026-03-29,Web,Booking Change,First-time,Bali,A10,5.7,Resolved,5
102376,2026-03-29,Web,Cancellation,Business,Medan,A13,20.0,Resolved,2
102377,2026-03-30,Call Center,Loyalty/Account,Leisure,Jakarta,A06,5.4,Resolved,3
102378,2026-03-30,Email,Refund Request,Business,Jakarta,A15,33.1,Resolved,1
102379,2026-03-30,Call Center,Complaint,Corporate,Medan,A09,25.6,Resolved,1
102380,2026-03-30,Call Center,Flight Delay,Leisure,Medan,A09,3.1,Resolved,4
102381,2026-03-30,Call Center,Flight Delay,Business,Bali,A15,8.9,Resolved,5
102382,2026-03-30,Email,Complaint,First-time,Bali,A15,22.4,Resolved,5
102383,2026-03-30,Call Center,Refund Request,First-time,Medan,A12,40.8,Resolved,5
102384,2026-03-30,Web,Refund Request,First-time,Surabaya,A10,33.5,Resolved,2
102385,2026-03-30,App,Baggage Issue,Corporate,Bali,A01,6.8,Resolved,5
102386,2026-03-30,App,Baggage Issue,Business,Jakarta,A02,18.5,Resolved,4
102387,2026-03-30,Call Center,Refund Request,Leisure,Surabaya,A13,22.0,Resolved,5
102388,2026-03-30,Email,Cancellation,Business,Jakarta,A12,19.2,Resolved,1
102389,2026-03-30,Web,Refund Request,Corporate,Jakarta,A01,43.9,Resolved,1
102390,2026-03-30,App,Complaint,Corporate,Jakarta,A03,15.1,Resolved,4
102391,2026-03-30,Call Center,Cancellation,Leisure,Jakarta,A02,5.8,Resolved,3
102392,2026-03-30,WhatsApp,Refund Request,Corporate,Medan,A06,50.4,Open,
102393,2026-03-30,Email,Refund Request,First-time,Jakarta,A12,32.3,Resolved,5
102394,2026-03-30,Web,Refund Request,Corporate,Jakarta,A11,35.9,Resolved,5
102395,2026-03-30,WhatsApp,Booking Change,First-time,Bali,A04,10.1,Open,
102396,2026-03-30,Call Center,Cancellation,Leisure,Jakarta,A06,8.7,Resolved,5
102397,2026-03-30,WhatsApp,Booking Change,Leisure,Makassar,A12,7.9,Resolved,5
102398,2026-03-30,Call Center,Baggage Issue,Leisure,Surabaya,A15,17.0,Resolved,2
102399,2026-03-30,Web,Loyalty/Account,Corporate,Bali,A15,2.5,Resolved,5
102400,2026-03-31,WhatsApp,Booking Change,First-time,Medan,A10,8.2,Open,
102401,2026-03-31,App,Booking Change,First-time,Makassar,A02,2.3,Resolved,5
102402,2026-03-31,WhatsApp,Cancellation,Business,Medan,A05,8.2,Resolved,5
102403,2026-03-31,WhatsApp,Loyalty/Account,Business,Surabaya,A14,3.5,Resolved,5
102404,2026-03-31,Email,Refund Request,Leisure,Medan,A08,45.4,Resolved,1
102405,2026-03-31,Web,Booking Change,Corporate,Jakarta,A03,3.0,Resolved,5
102406,2026-03-31,Email,Refund Request,Corporate,Surabaya,A03,13.3,Resolved,5
102407,2026-03-31,WhatsApp,Refund Request,Leisure,Surabaya,A12,31.5,Resolved,5
102408,2026-03-31,WhatsApp,Booking Change,Leisure,Jakarta,A01,4.3,Resolved,2
102409,2026-03-31,Web,Complaint,Leisure,Bali,A01,8.2,Resolved,5
102410,2026-03-31,App,Refund Request,Leisure,Surabaya,A02,7.0,Resolved,5
102411,2026-03-31,Call Center,Complaint,Leisure,Bali,A15,31.4,Resolved,4
102412,2026-03-31,WhatsApp,Complaint,First-time,Bali,A14,19.5,Resolved,5
102413,2026-03-31,Web,Cancellation,First-time,Bali,A07,19.5,Resolved,1
102414,2026-03-31,Email,Loyalty/Account,Leisure,Surabaya,A06,5.1,Resolved,5
102415,2026-03-31,WhatsApp,Refund Request,First-time,Jakarta,A03,43.0,Resolved,4
102416,2026-03-31,Web,Booking Change,Leisure,Surabaya,A07,6.0,Resolved,5
102417,2026-03-31,Call Center,Baggage Issue,Business,Jakarta,A15,28.7,Resolved,1
102418,2026-03-31,App,Cancellation,Corporate,Makassar,A07,6.3,Resolved,5
102419,2026-03-31,WhatsApp,Flight Delay,Corporate,Bali,A09,17.6,Resolved,1
102420,2026-03-31,App,Cancellation,First-time,Surabaya,A07,12.6,Resolved,5
102421,2026-04-01,Email,Cancellation,Corporate,Surabaya,A09,10.6,Resolved,5
102422,2026-04-01,WhatsApp,Loyalty/Account,Business,Makassar,A08,1.5,Resolved,4
102423,2026-04-01,App,Refund Request,Corporate,Jakarta,A09,42.4,Resolved,5
102424,2026-04-01,Call Center,Booking Change,Business,Makassar,A09,8.9,Resolved,1
102425,2026-04-01,App,Loyalty/Account,Business,Surabaya,A05,5.1,Resolved,3
102426,2026-04-01,Email,Cancellation,Leisure,Jakarta,A06,11.7,Resolved,3
102427,2026-04-01,Web,Cancellation,Business,Jakarta,A01,2.6,Resolved,5
102428,2026-04-01,Email,Booking Change,Business,Surabaya,A08,1.0,Resolved,4
102429,2026-04-01,Call Center,Cancellation,Leisure,Surabaya,A12,13.0,Resolved,4
102430,2026-04-01,Call Center,Flight Delay,Leisure,Medan,A07,21.6,Resolved,1
102431,2026-04-01,Web,Complaint,Corporate,Makassar,A15,29.0,Resolved,1
102432,2026-04-01,App,Booking Change,Business,Surabaya,A11,3.7,Open,
102433,2026-04-01,App,Booking Change,Leisure,Medan,A08,4.6,Open,
102434,2026-04-01,App,Loyalty/Account,Business,Jakarta,A05,7.1,Resolved,1
102435,2026-04-01,WhatsApp,Flight Delay,Corporate,Jakarta,A07,9.9,Resolved,2
102436,2026-04-01,App,Loyalty/Account,First-time,Medan,A09,4.6,Open,
102437,2026-04-01,Email,Flight Delay,Corporate,Medan,A08,21.4,Open,
102438,2026-04-01,App,Refund Request,First-time,Surabaya,A10,23.0,Resolved,5
102439,2026-04-01,Call Center,Refund Request,Corporate,Makassar,A13,30.8,Resolved,5
102440,2026-04-01,WhatsApp,Flight Delay,Business,Bali,A13,8.3,Resolved,5
102441,2026-04-02,Email,Refund Request,Corporate,Makassar,A03,23.9,Resolved,5
102442,2026-04-02,Call Center,Loyalty/Account,Leisure,Jakarta,A03,4.2,Resolved,2
102443,2026-04-02,Call Center,Baggage Issue,Corporate,Makassar,A05,16.5,Resolved,5
102444,2026-04-02,Email,Loyalty/Account,Leisure,Makassar,A10,3.3,Resolved,4
102445,2026-04-02,Web,Cancellation,First-time,Surabaya,A12,7.2,Resolved,4
102446,2026-04-02,Web,Cancellation,Corporate,Surabaya,A09,16.9,Resolved,5
102447,2026-04-02,Web,Booking Change,Corporate,Medan,A15,5.5,Resolved,5
102448,2026-04-02,Web,Refund Request,Business,Jakarta,A02,33.1,Resolved,2
102449,2026-04-02,App,Complaint,First-time,Medan,A06,31.5,Resolved,2
102450,2026-04-02,Call Center,Refund Request,Corporate,Medan,A13,28.8,Resolved,4
102451,2026-04-02,Web,Loyalty/Account,Corporate,Bali,A06,5.7,Resolved,1
102452,2026-04-02,WhatsApp,Refund Request,First-time,Makassar,A07,27.4,Resolved,5
102453,2026-04-02,App,Booking Change,Corporate,Surabaya,A03,4.7,Resolved,2
102454,2026-04-02,App,Baggage Issue,Corporate,Makassar,A14,23.8,Resolved,2
102455,2026-04-02,WhatsApp,Baggage Issue,Corporate,Bali,A07,6.9,Resolved,4
102456,2026-04-02,Web,Refund Request,First-time,Bali,A04,43.9,Resolved,2
102457,2026-04-02,Email,Loyalty/Account,Corporate,Surabaya,A02,5.2,Resolved,1
102458,2026-04-02,Web,Baggage Issue,Business,Surabaya,A07,15.6,Resolved,5
102459,2026-04-02,App,Refund Request,Corporate,Surabaya,A08,22.3,Resolved,5
102460,2026-04-02,WhatsApp,Loyalty/Account,Leisure,Jakarta,A11,3.5,Resolved,5
102461,2026-04-02,Web,Loyalty/Account,Corporate,Surabaya,A15,5.1,Resolved,5
102462,2026-04-02,Web,Loyalty/Account,Corporate,Bali,A04,5.1,Resolved,1
102463,2026-04-02,WhatsApp,Refund Request,Business,Medan,A13,20.8,Resolved,2
102464,2026-04-02,Web,Flight Delay,Leisure,Medan,A11,12.9,Resolved,1
102465,2026-04-02,Email,Loyalty/Account,Leisure,Makassar,A13,2.6,Resolved,2
102466,2026-04-02,Email,Flight Delay,Business,Makassar,A07,18.6,Resolved,4
102467,2026-04-02,Call Center,Booking Change,Leisure,Jakarta,A15,10.2,Resolved,2
102468,2026-04-03,App,Complaint,First-time,Makassar,A01,30.8,Resolved,5
102469,2026-04-03,App,Baggage Issue,Leisure,Jakarta,A15,26.2,Resolved,5
102470,2026-04-03,Web,Refund Request,Corporate,Medan,A02,49.3,Resolved,2
102471,2026-04-03,Email,Refund Request,Leisure,Surabaya,A09,36.4,Resolved,5
102472,2026-04-03,Email,Booking Change,Leisure,Surabaya,A10,2.5,Resolved,4
102473,2026-04-03,App,Flight Delay,First-time,Surabaya,A10,8.1,Resolved,5
102474,2026-04-03,WhatsApp,Refund Request,Business,Bali,A06,17.6,Resolved,3
102475,2026-04-03,Web,Cancellation,Business,Surabaya,A03,5.6,Resolved,4
102476,2026-04-03,Call Center,Booking Change,Business,Jakarta,A06,2.8,Resolved,4
102477,2026-04-03,Web,Complaint,Business,Bali,A03,25.5,Resolved,1
102478,2026-04-03,WhatsApp,Flight Delay,Leisure,Jakarta,A08,17.0,Open,
102479,2026-04-03,WhatsApp,Booking Change,First-time,Jakarta,A13,8.6,Resolved,5
102480,2026-04-03,App,Flight Delay,Business,Medan,A06,19.9,Resolved,1
102481,2026-04-03,WhatsApp,Loyalty/Account,Business,Makassar,A11,6.4,Resolved,3
102482,2026-04-03,WhatsApp,Complaint,First-time,Bali,A14,20.4,Resolved,5
102483,2026-04-03,Web,Booking Change,First-time,Bali,A03,7.6,Resolved,3
102484,2026-04-03,App,Booking Change,Business,Makassar,A11,12.2,Resolved,1
102485,2026-04-03,WhatsApp,Refund Request,Business,Bali,A11,39.7,Resolved,3
102486,2026-04-03,Call Center,Cancellation,Business,Surabaya,A07,6.0,Open,
102487,2026-04-03,Call Center,Booking Change,Corporate,Surabaya,A11,8.3,Resolved,3
102488,2026-04-03,App,Cancellation,Business,Jakarta,A09,11.2,Open,
102489,2026-04-03,App,Refund Request,First-time,Bali,A14,31.2,Resolved,2
102490,2026-04-03,Call Center,Loyalty/Account,Leisure,Makassar,A03,5.8,Open,
102491,2026-04-03,Web,Baggage Issue,Business,Medan,A07,13.5,Resolved,5
102492,2026-04-03,Email,Baggage Issue,First-time,Bali,A02,10.7,Resolved,5
102493,2026-04-03,Call Center,Flight Delay,Corporate,Bali,A10,14.7,Resolved,5
102494,2026-04-03,App,Booking Change,Corporate,Jakarta,A10,6.7,Resolved,3
102495,2026-04-03,WhatsApp,Refund Request,Corporate,Jakarta,A15,22.5,Resolved,1
102496,2026-04-03,Email,Baggage Issue,First-time,Makassar,A06,9.7,Resolved,5
102497,2026-04-03,Call Center,Complaint,Business,Jakarta,A03,18.8,Open,
102498,2026-04-03,Web,Baggage Issue,First-time,Jakarta,A12,19.7,Resolved,5
102499,2026-04-03,Web,Booking Change,Business,Makassar,A13,4.9,Resolved,5
102500,2026-04-04,WhatsApp,Baggage Issue,First-time,Jakarta,A09,2.7,Resolved,5
102501,2026-04-04,App,Flight Delay,First-time,Surabaya,A13,5.4,Resolved,5
102502,2026-04-04,Call Center,Baggage Issue,Leisure,Medan,A12,10.6,Resolved,5
102503,2026-04-04,Web,Baggage Issue,First-time,Bali,A14,14.8,Resolved,4
102504,2026-04-04,App,Loyalty/Account,Corporate,Surabaya,A10,3.2,Resolved,3
102505,2026-04-04,WhatsApp,Refund Request,Business,Jakarta,A11,27.5,Resolved,5
102506,2026-04-04,WhatsApp,Booking Change,Business,Jakarta,A02,2.9,Resolved,5
102507,2026-04-04,Call Center,Refund Request,First-time,Bali,A10,16.3,Resolved,5
102508,2026-04-04,WhatsApp,Booking Change,Business,Medan,A08,2.7,Resolved,5
102509,2026-04-04,Email,Baggage Issue,First-time,Medan,A05,9.3,Resolved,3
102510,2026-04-04,Call Center,Booking Change,Business,Medan,A07,4.6,Resolved,5
102511,2026-04-04,Email,Complaint,Leisure,Jakarta,A04,15.0,Resolved,5
102512,2026-04-04,Email,Cancellation,Corporate,Makassar,A10,14.9,Resolved,4
102513,2026-04-04,WhatsApp,Booking Change,Corporate,Surabaya,A12,4.5,Open,
102514,2026-04-04,Web,Refund Request,First-time,Jakarta,A06,37.2,Resolved,5
102515,2026-04-04,Email,Booking Change,First-time,Surabaya,A05,6.1,Resolved,5
102516,2026-04-04,Email,Flight Delay,Corporate,Makassar,A06,13.9,Resolved,5
102517,2026-04-04,Call Center,Flight Delay,Corporate,Bali,A14,20.8,Resolved,4
102518,2026-04-04,WhatsApp,Refund Request,Leisure,Bali,A02,14.2,Resolved,3
102519,2026-04-04,Call Center,Baggage Issue,Business,Bali,A10,13.1,Resolved,3
102520,2026-04-04,Web,Refund Request,Business,Surabaya,A01,32.6,Resolved,4
102521,2026-04-04,WhatsApp,Booking Change,First-time,Surabaya,A11,7.4,Resolved,4
102522,2026-04-04,Web,Loyalty/Account,Leisure,Surabaya,A02,1.9,Resolved,2
102523,2026-04-04,App,Cancellation,First-time,Surabaya,A12,13.7,Resolved,4
102524,2026-04-04,Call Center,Refund Request,Corporate,Surabaya,A11,51.1,Resolved,4
102525,2026-04-04,App,Refund Request,Business,Surabaya,A04,40.2,Resolved,1
102526,2026-04-04,WhatsApp,Refund Request,Leisure,Surabaya,A04,30.6,Resolved,2
102527,2026-04-04,Web,Booking Change,Corporate,Jakarta,A13,8.9,Resolved,1
102528,2026-04-04,Call Center,Complaint,First-time,Surabaya,A10,34.3,Resolved,2
102529,2026-04-04,Email,Flight Delay,Leisure,Makassar,A13,17.5,Resolved,5
102530,2026-04-04,Call Center,Cancellation,Corporate,Surabaya,A12,12.5,Resolved,5
102531,2026-04-04,WhatsApp,Booking Change,Business,Makassar,A06,7.6,Resolved,5
102532,2026-04-04,Web,Flight Delay,Business,Jakarta,A04,13.0,Resolved,5
102533,2026-04-04,App,Refund Request,Business,Jakarta,A05,31.5,Resolved,4
102534,2026-04-04,App,Cancellation,First-time,Makassar,A01,14.4,Resolved,1
102535,2026-04-04,WhatsApp,Loyalty/Account,Corporate,Surabaya,A14,3.5,Resolved,5
102536,2026-04-05,Call Center,Baggage Issue,First-time,Medan,A02,29.8,Resolved,5
102537,2026-04-05,App,Booking Change,Business,Bali,A03,6.6,Resolved,1
102538,2026-04-05,Email,Booking Change,Corporate,Medan,A06,10.2,Resolved,1
102539,2026-04-05,Web,Cancellation,Business,Surabaya,A03,7.7,Resolved,5
102540,2026-04-05,WhatsApp,Booking Change,Corporate,Medan,A02,5.8,Resolved,2
102541,2026-04-05,Call Center,Refund Request,Business,Surabaya,A07,25.6,Resolved,4
102542,2026-04-05,App,Flight Delay,First-time,Bali,A08,12.4,Resolved,5
102543,2026-04-05,Web,Flight Delay,Corporate,Bali,A15,12.0,Resolved,5
102544,2026-04-05,WhatsApp,Booking Change,Business,Surabaya,A09,4.5,Resolved,3
102545,2026-04-05,Call Center,Booking Change,Leisure,Surabaya,A12,9.7,Open,
102546,2026-04-05,WhatsApp,Flight Delay,First-time,Jakarta,A13,7.8,Resolved,2
102547,2026-04-05,Web,Cancellation,Leisure,Medan,A03,8.9,Open,
102548,2026-04-05,Call Center,Refund Request,First-time,Medan,A11,24.6,Resolved,5
102549,2026-04-05,Email,Cancellation,Leisure,Medan,A06,11.9,Resolved,1
102550,2026-04-05,App,Loyalty/Account,Business,Bali,A07,2.5,Resolved,5
102551,2026-04-05,Email,Flight Delay,First-time,Surabaya,A11,15.4,Resolved,5
102552,2026-04-05,Call Center,Refund Request,Leisure,Makassar,A07,41.4,Resolved,4
102553,2026-04-05,Email,Cancellation,Business,Surabaya,A04,6.9,Resolved,5
102554,2026-04-05,App,Booking Change,Business,Jakarta,A01,4.1,Resolved,5
102555,2026-04-05,WhatsApp,Flight Delay,Business,Bali,A07,14.8,Open,
102556,2026-04-05,App,Loyalty/Account,Leisure,Medan,A14,1.5,Resolved,5
102557,2026-04-05,Web,Booking Change,Business,Makassar,A06,11.1,Resolved,1
102558,2026-04-05,Email,Booking Change,Corporate,Jakarta,A02,9.9,Resolved,5
102559,2026-04-05,Web,Flight Delay,First-time,Bali,A04,9.2,Open,
102560,2026-04-05,App,Complaint,Business,Surabaya,A07,21.8,Resolved,4
102561,2026-04-05,Email,Cancellation,Corporate,Makassar,A14,18.5,Resolved,5
102562,2026-04-05,Call Center,Flight Delay,Business,Surabaya,A05,9.3,Resolved,2
102563,2026-04-05,WhatsApp,Complaint,Corporate,Makassar,A08,11.4,Resolved,5
102564,2026-04-05,Call Center,Booking Change,Business,Jakarta,A10,5.8,Resolved,3
102565,2026-04-05,Call Center,Cancellation,Leisure,Makassar,A04,11.0,Resolved,3
102566,2026-04-05,Web,Booking Change,First-time,Surabaya,A15,3.5,Resolved,5
102567,2026-04-05,Email,Refund Request,Business,Medan,A08,26.9,Resolved,4
102568,2026-04-05,Call Center,Booking Change,Leisure,Medan,A09,7.3,Resolved,2
102569,2026-04-05,Web,Booking Change,Corporate,Makassar,A03,5.0,Resolved,2
102570,2026-04-05,App,Loyalty/Account,First-time,Surabaya,A03,3.6,Resolved,5
102571,2026-04-05,Email,Baggage Issue,First-time,Surabaya,A04,6.8,Resolved,5
102572,2026-04-05,App,Complaint,Corporate,Surabaya,A07,27.5,Resolved,5
102573,2026-04-05,Call Center,Refund Request,Leisure,Makassar,A02,36.6,Resolved,4
102574,2026-04-05,WhatsApp,Complaint,Leisure,Bali,A09,38.5,Resolved,5
102575,2026-04-06,Web,Booking Change,Leisure,Surabaya,A02,7.4,Resolved,2
102576,2026-04-06,WhatsApp,Flight Delay,Leisure,Bali,A03,11.1,Resolved,4
102577,2026-04-06,App,Flight Delay,First-time,Bali,A02,12.2,Resolved,4
102578,2026-04-06,Web,Booking Change,Corporate,Bali,A14,4.8,Resolved,5
102579,2026-04-06,WhatsApp,Complaint,Business,Makassar,A15,33.5,Resolved,5
102580,2026-04-06,Email,Refund Request,Corporate,Medan,A05,24.7,Resolved,5
102581,2026-04-06,Email,Refund Request,Leisure,Makassar,A12,36.9,Resolved,3
102582,2026-04-06,Web,Cancellation,First-time,Surabaya,A02,12.4,Resolved,5
102583,2026-04-06,Web,Cancellation,Leisure,Bali,A10,9.9,Resolved,5
102584,2026-04-06,Email,Flight Delay,Leisure,Jakarta,A14,15.4,Resolved,5
102585,2026-04-06,WhatsApp,Cancellation,Corporate,Makassar,A02,7.2,Resolved,4
102586,2026-04-06,Email,Booking Change,Business,Medan,A07,3.7,Open,
102587,2026-04-06,App,Cancellation,Business,Jakarta,A01,8.5,Resolved,5
102588,2026-04-06,App,Flight Delay,Business,Jakarta,A06,14.6,Resolved,5
102589,2026-04-06,Web,Booking Change,Business,Makassar,A09,4.6,Resolved,5
102590,2026-04-06,WhatsApp,Flight Delay,Business,Makassar,A01,1.1,Open,
102591,2026-04-06,Email,Refund Request,First-time,Surabaya,A13,21.7,Resolved,3
102592,2026-04-06,WhatsApp,Loyalty/Account,Business,Makassar,A15,4.5,Resolved,2
102593,2026-04-06,Email,Loyalty/Account,Business,Medan,A15,4.0,Resolved,2
102594,2026-04-06,Email,Loyalty/Account,First-time,Surabaya,A08,2.1,Resolved,5
102595,2026-04-06,App,Refund Request,Leisure,Jakarta,A04,38.0,Resolved,1
102596,2026-04-06,WhatsApp,Cancellation,Business,Jakarta,A14,13.9,Resolved,1
102597,2026-04-06,WhatsApp,Refund Request,Business,Medan,A12,39.1,Resolved,1
102598,2026-04-06,Email,Cancellation,Leisure,Medan,A08,6.1,Resolved,4
102599,2026-04-06,Web,Flight Delay,Corporate,Makassar,A01,4.6,Resolved,4
102600,2026-04-06,WhatsApp,Complaint,Business,Jakarta,A03,7.2,Resolved,5
102601,2026-04-06,App,Flight Delay,First-time,Makassar,A06,16.9,Resolved,3
102602,2026-04-06,Email,Flight Delay,Corporate,Bali,A03,11.1,Resolved,5
102603,2026-04-06,Email,Cancellation,Business,Medan,A06,7.5,Resolved,3
102604,2026-04-06,App,Baggage Issue,Corporate,Makassar,A03,5.4,Resolved,5
102605,2026-04-06,Call Center,Baggage Issue,Business,Bali,A04,9.4,Resolved,5
102606,2026-04-06,WhatsApp,Flight Delay,Corporate,Surabaya,A14,7.7,Resolved,5
102607,2026-04-06,Email,Baggage Issue,Business,Makassar,A07,0.5,Resolved,5
102608,2026-04-06,WhatsApp,Baggage Issue,First-time,Jakarta,A01,4.8,Resolved,5
102609,2026-04-07,WhatsApp,Cancellation,First-time,Bali,A06,6.9,Resolved,5
102610,2026-04-07,WhatsApp,Loyalty/Account,Business,Makassar,A14,1.1,Resolved,5
102611,2026-04-07,Call Center,Refund Request,First-time,Makassar,A04,17.3,Resolved,5
102612,2026-04-07,Call Center,Refund Request,Leisure,Bali,A06,39.4,Open,
102613,2026-04-07,Call Center,Baggage Issue,First-time,Jakarta,A03,29.1,Open,
102614,2026-04-07,Email,Refund Request,First-time,Jakarta,A07,47.0,Resolved,2
102615,2026-04-07,WhatsApp,Booking Change,Business,Bali,A14,6.0,Resolved,5
102616,2026-04-07,Call Center,Complaint,Business,Jakarta,A08,35.6,Resolved,1
102617,2026-04-07,App,Flight Delay,First-time,Bali,A09,4.0,Resolved,5
102618,2026-04-07,App,Loyalty/Account,Corporate,Jakarta,A01,7.8,Resolved,1
102619,2026-04-07,WhatsApp,Cancellation,First-time,Jakarta,A15,13.7,Resolved,5
102620,2026-04-07,Call Center,Loyalty/Account,Corporate,Medan,A02,2.4,Resolved,4
102621,2026-04-07,Call Center,Booking Change,First-time,Makassar,A07,5.3,Resolved,2
102622,2026-04-07,Email,Loyalty/Account,Leisure,Makassar,A03,4.2,Resolved,4
102623,2026-04-07,Email,Booking Change,Leisure,Surabaya,A06,6.9,Resolved,1
102624,2026-04-07,WhatsApp,Refund Request,Corporate,Surabaya,A10,26.0,Resolved,5
102625,2026-04-07,WhatsApp,Refund Request,Corporate,Medan,A15,50.0,Resolved,4
102626,2026-04-07,App,Booking Change,Business,Surabaya,A06,4.1,Resolved,4
102627,2026-04-07,Call Center,Flight Delay,First-time,Surabaya,A15,9.3,Resolved,5
102628,2026-04-07,Web,Baggage Issue,Corporate,Surabaya,A15,20.0,Resolved,3
102629,2026-04-07,Email,Flight Delay,Leisure,Bali,A05,7.3,Resolved,4
102630,2026-04-07,Email,Refund Request,Business,Makassar,A06,31.5,Resolved,2
102631,2026-04-07,App,Complaint,Business,Bali,A08,36.3,Resolved,1
102632,2026-04-07,App,Booking Change,Business,Makassar,A01,0.5,Resolved,5
102633,2026-04-07,Email,Baggage Issue,Leisure,Jakarta,A04,27.1,Resolved,4
102634,2026-04-08,WhatsApp,Flight Delay,Corporate,Makassar,A12,8.8,Resolved,5
102635,2026-04-08,Call Center,Refund Request,Corporate,Makassar,A03,37.5,Resolved,1
102636,2026-04-08,Email,Booking Change,Corporate,Jakarta,A02,9.2,Resolved,4
102637,2026-04-08,App,Refund Request,Leisure,Medan,A01,28.0,Resolved,5
102638,2026-04-08,Email,Refund Request,Leisure,Bali,A08,33.4,Resolved,4
102639,2026-04-08,Web,Cancellation,Business,Bali,A05,5.5,Resolved,4
102640,2026-04-08,Call Center,Booking Change,First-time,Jakarta,A10,7.1,Resolved,2
102641,2026-04-08,Call Center,Baggage Issue,Business,Bali,A14,21.9,Resolved,4
102642,2026-04-08,App,Flight Delay,Business,Surabaya,A09,10.1,Resolved,5
102643,2026-04-08,WhatsApp,Complaint,Business,Surabaya,A15,19.1,Resolved,5
102644,2026-04-08,App,Flight Delay,Business,Makassar,A06,10.2,Resolved,5
102645,2026-04-08,WhatsApp,Flight Delay,Leisure,Bali,A07,14.9,Resolved,5
102646,2026-04-08,Web,Cancellation,First-time,Bali,A15,15.6,Resolved,5
102647,2026-04-08,WhatsApp,Complaint,Leisure,Jakarta,A10,29.9,Resolved,5
102648,2026-04-08,App,Refund Request,First-time,Medan,A12,21.5,Resolved,4
102649,2026-04-08,App,Loyalty/Account,First-time,Makassar,A05,4.5,Resolved,4
102650,2026-04-08,Call Center,Refund Request,First-time,Medan,A15,51.7,Resolved,2
102651,2026-04-08,App,Baggage Issue,Leisure,Jakarta,A01,9.0,Resolved,5
102652,2026-04-08,Web,Flight Delay,Business,Bali,A02,10.8,Resolved,4
102653,2026-04-08,Web,Flight Delay,Corporate,Bali,A11,10.9,Resolved,3
102654,2026-04-08,Call Center,Refund Request,First-time,Makassar,A08,39.3,Resolved,1
102655,2026-04-08,WhatsApp,Refund Request,First-time,Bali,A06,30.2,Resolved,5
102656,2026-04-08,App,Baggage Issue,Business,Surabaya,A08,14.3,Resolved,5
102657,2026-04-09,Call Center,Baggage Issue,Leisure,Surabaya,A09,8.0,Resolved,5
102658,2026-04-09,WhatsApp,Booking Change,Leisure,Bali,A09,5.1,Resolved,1
102659,2026-04-09,Web,Loyalty/Account,Leisure,Bali,A07,0.7,Resolved,5
102660,2026-04-09,Web,Flight Delay,Leisure,Surabaya,A11,12.2,Open,
102661,2026-04-09,WhatsApp,Flight Delay,Corporate,Medan,A02,13.0,Resolved,1
102662,2026-04-09,Call Center,Complaint,Leisure,Bali,A10,11.5,Open,
102663,2026-04-09,Email,Complaint,Business,Jakarta,A08,15.8,Resolved,3
102664,2026-04-09,Call Center,Loyalty/Account,Business,Surabaya,A02,3.3,Resolved,4
102665,2026-04-09,App,Cancellation,Leisure,Medan,A13,11.8,Resolved,5
102666,2026-04-09,WhatsApp,Cancellation,Leisure,Jakarta,A04,7.0,Resolved,5
102667,2026-04-09,Email,Refund Request,Business,Makassar,A05,46.0,Resolved,5
102668,2026-04-09,Call Center,Flight Delay,Leisure,Makassar,A14,19.2,Resolved,5
102669,2026-04-09,Call Center,Flight Delay,Leisure,Jakarta,A06,14.4,Resolved,4
102670,2026-04-09,Email,Flight Delay,Corporate,Makassar,A04,13.0,Resolved,5
102671,2026-04-09,Call Center,Loyalty/Account,Leisure,Surabaya,A09,3.7,Resolved,5
102672,2026-04-09,Call Center,Complaint,Leisure,Jakarta,A09,14.4,Resolved,3
102673,2026-04-09,Call Center,Cancellation,First-time,Jakarta,A11,14.2,Resolved,2
102674,2026-04-09,WhatsApp,Complaint,First-time,Surabaya,A08,21.1,Resolved,5
102675,2026-04-09,Email,Complaint,Leisure,Jakarta,A05,24.6,Resolved,3
102676,2026-04-09,Email,Complaint,Business,Medan,A03,48.0,Resolved,1
102677,2026-04-09,Email,Flight Delay,First-time,Medan,A01,10.0,Resolved,5
102678,2026-04-09,Email,Complaint,Corporate,Jakarta,A02,30.1,Open,
102679,2026-04-09,Web,Booking Change,First-time,Bali,A06,1.7,Resolved,5
102680,2026-04-09,App,Refund Request,Corporate,Jakarta,A04,25.1,Resolved,4
102681,2026-04-09,Call Center,Booking Change,Business,Jakarta,A03,4.4,Resolved,3
102682,2026-04-09,Call Center,Complaint,Corporate,Bali,A08,24.6,Resolved,3
102683,2026-04-09,App,Refund Request,Corporate,Surabaya,A10,11.8,Resolved,5
102684,2026-04-09,Web,Cancellation,Leisure,Makassar,A03,13.8,Resolved,1
102685,2026-04-09,Call Center,Refund Request,First-time,Bali,A13,35.7,Resolved,1
102686,2026-04-10,Email,Refund Request,First-time,Surabaya,A02,28.6,Resolved,2
102687,2026-04-10,WhatsApp,Booking Change,First-time,Makassar,A02,7.0,Resolved,2
102688,2026-04-10,Call Center,Cancellation,Leisure,Surabaya,A04,3.5,Resolved,4
102689,2026-04-10,WhatsApp,Loyalty/Account,First-time,Surabaya,A08,1.5,Resolved,5
102690,2026-04-10,Email,Refund Request,First-time,Bali,A08,37.0,Open,
102691,2026-04-10,WhatsApp,Refund Request,Business,Jakarta,A01,25.8,Resolved,5
102692,2026-04-10,Web,Complaint,First-time,Jakarta,A09,20.7,Resolved,5
102693,2026-04-10,Call Center,Refund Request,Business,Jakarta,A02,25.9,Resolved,2
102694,2026-04-10,Email,Baggage Issue,Corporate,Medan,A03,14.4,Open,
102695,2026-04-10,App,Cancellation,Leisure,Jakarta,A12,7.8,Resolved,5
102696,2026-04-10,Call Center,Baggage Issue,Business,Bali,A13,7.8,Resolved,5
102697,2026-04-10,Call Center,Booking Change,First-time,Makassar,A02,11.2,Resolved,4
102698,2026-04-10,WhatsApp,Loyalty/Account,Leisure,Makassar,A08,3.0,Resolved,5
102699,2026-04-10,Web,Refund Request,First-time,Surabaya,A03,4.0,Resolved,4
102700,2026-04-10,Web,Booking Change,Leisure,Bali,A03,11.3,Resolved,5
102701,2026-04-10,Web,Complaint,Leisure,Jakarta,A05,16.4,Resolved,5
102702,2026-04-10,Email,Flight Delay,Business,Makassar,A08,15.4,Resolved,5
102703,2026-04-10,App,Loyalty/Account,Business,Jakarta,A10,2.6,Resolved,3
102704,2026-04-10,Call Center,Cancellation,Leisure,Makassar,A04,16.1,Resolved,3
102705,2026-04-10,Email,Booking Change,Corporate,Medan,A10,5.7,Resolved,5
102706,2026-04-10,Email,Loyalty/Account,Leisure,Jakarta,A04,4.5,Resolved,5
102707,2026-04-10,Web,Cancellation,Leisure,Medan,A03,12.2,Resolved,4
102708,2026-04-10,Email,Cancellation,First-time,Jakarta,A08,11.5,Resolved,5
102709,2026-04-10,Call Center,Complaint,Corporate,Bali,A12,20.1,Resolved,4
102710,2026-04-10,App,Flight Delay,Leisure,Medan,A08,13.3,Resolved,5
102711,2026-04-10,Call Center,Booking Change,Business,Surabaya,A05,9.4,Resolved,4
102712,2026-04-10,Web,Booking Change,First-time,Jakarta,A06,1.7,Resolved,3
102713,2026-04-10,App,Refund Request,Leisure,Surabaya,A10,27.3,Resolved,2
102714,2026-04-10,App,Loyalty/Account,First-time,Makassar,A04,6.6,Resolved,4
102715,2026-04-10,Web,Baggage Issue,Corporate,Jakarta,A15,23.0,Resolved,3
102716,2026-04-10,Call Center,Refund Request,Leisure,Surabaya,A06,39.0,Resolved,5
102717,2026-04-10,App,Flight Delay,Leisure,Medan,A03,16.9,Resolved,1
102718,2026-04-10,Email,Flight Delay,Leisure,Surabaya,A09,15.9,Resolved,1
102719,2026-04-10,Email,Cancellation,First-time,Bali,A09,2.6,Resolved,5
102720,2026-04-10,App,Booking Change,First-time,Medan,A15,8.2,Open,
102721,2026-04-10,Call Center,Flight Delay,Corporate,Medan,A01,8.5,Resolved,5
102722,2026-04-10,App,Booking Change,Leisure,Makassar,A08,5.9,Resolved,2
102723,2026-04-10,App,Booking Change,First-time,Bali,A01,2.8,Resolved,3
102724,2026-04-10,WhatsApp,Cancellation,Business,Medan,A12,13.7,Resolved,1
102725,2026-04-11,WhatsApp,Refund Request,Business,Bali,A05,20.5,Resolved,5
102726,2026-04-11,WhatsApp,Booking Change,Business,Makassar,A07,5.9,Resolved,5
102727,2026-04-11,App,Booking Change,Leisure,Surabaya,A03,7.2,Resolved,2
102728,2026-04-11,App,Complaint,Corporate,Bali,A15,38.7,Resolved,5
102729,2026-04-11,WhatsApp,Booking Change,Leisure,Makassar,A07,6.0,Resolved,5
102730,2026-04-11,App,Refund Request,Leisure,Makassar,A01,40.0,Resolved,3
102731,2026-04-11,Call Center,Cancellation,Leisure,Jakarta,A02,9.8,Resolved,2
102732,2026-04-11,Web,Booking Change,Business,Surabaya,A11,6.1,Resolved,1
102733,2026-04-11,App,Cancellation,First-time,Makassar,A07,17.1,Resolved,3
102734,2026-04-11,Email,Complaint,Leisure,Makassar,A08,25.0,Resolved,5
102735,2026-04-11,WhatsApp,Booking Change,Leisure,Makassar,A09,5.7,Resolved,2
102736,2026-04-11,App,Cancellation,Business,Medan,A15,12.8,Resolved,1
102737,2026-04-11,Call Center,Refund Request,Corporate,Bali,A09,39.9,Resolved,5
102738,2026-04-11,App,Booking Change,Corporate,Jakarta,A06,8.4,Resolved,1
102739,2026-04-11,Email,Refund Request,First-time,Jakarta,A06,18.9,Resolved,5
102740,2026-04-11,Email,Loyalty/Account,Corporate,Medan,A08,5.5,Resolved,5
102741,2026-04-11,App,Booking Change,Business,Bali,A13,8.6,Resolved,2
102742,2026-04-11,WhatsApp,Booking Change,Business,Surabaya,A08,9.2,Resolved,1
102743,2026-04-11,Web,Loyalty/Account,Business,Medan,A01,2.1,Resolved,5
102744,2026-04-11,Web,Refund Request,Business,Medan,A13,27.3,Resolved,4
102745,2026-04-11,Web,Booking Change,Corporate,Surabaya,A06,6.4,Resolved,5
102746,2026-04-11,Call Center,Booking Change,Business,Makassar,A02,6.0,Resolved,3
102747,2026-04-11,Call Center,Loyalty/Account,Business,Bali,A10,6.4,Resolved,5
102748,2026-04-11,Web,Booking Change,First-time,Makassar,A04,6.4,Open,
102749,2026-04-11,App,Flight Delay,Leisure,Jakarta,A03,6.6,Resolved,5
102750,2026-04-11,Web,Cancellation,Business,Surabaya,A10,8.2,Resolved,2
102751,2026-04-11,Web,Flight Delay,Corporate,Jakarta,A01,9.9,Resolved,5
102752,2026-04-11,Call Center,Flight Delay,First-time,Medan,A04,8.9,Resolved,3
102753,2026-04-11,Email,Cancellation,Corporate,Bali,A12,17.8,Resolved,1
102754,2026-04-11,Call Center,Loyalty/Account,First-time,Surabaya,A07,4.9,Resolved,5
102755,2026-04-11,App,Baggage Issue,Corporate,Surabaya,A06,6.1,Resolved,5
102756,2026-04-11,Call Center,Cancellation,First-time,Surabaya,A04,10.0,Resolved,1
102757,2026-04-11,Web,Booking Change,First-time,Makassar,A03,9.8,Resolved,5
102758,2026-04-11,Email,Flight Delay,Business,Medan,A01,9.0,Resolved,3
102759,2026-04-11,Email,Cancellation,First-time,Bali,A03,12.0,Resolved,1
102760,2026-04-11,Email,Complaint,First-time,Makassar,A09,17.9,Resolved,5
102761,2026-04-11,App,Baggage Issue,First-time,Medan,A11,19.4,Resolved,5
102762,2026-04-11,Call Center,Flight Delay,Leisure,Makassar,A09,13.4,Resolved,1
102763,2026-04-11,Call Center,Loyalty/Account,Business,Surabaya,A14,3.8,Open,
102764,2026-04-12,Web,Flight Delay,First-time,Makassar,A02,15.3,Resolved,5
102765,2026-04-12,Call Center,Baggage Issue,Corporate,Makassar,A03,12.1,Resolved,2
102766,2026-04-12,App,Baggage Issue,Corporate,Bali,A13,25.4,Resolved,2
102767,2026-04-12,WhatsApp,Baggage Issue,Business,Makassar,A02,10.1,Open,
102768,2026-04-12,Web,Baggage Issue,Business,Bali,A06,16.4,Resolved,3
102769,2026-04-12,WhatsApp,Flight Delay,Business,Jakarta,A09,10.5,Resolved,1
102770,2026-04-12,App,Flight Delay,Leisure,Bali,A14,20.5,Resolved,5
102771,2026-04-12,Web,Booking Change,Corporate,Bali,A11,6.0,Resolved,5
102772,2026-04-12,Call Center,Booking Change,First-time,Jakarta,A10,5.0,Resolved,5
102773,2026-04-12,Web,Booking Change,Business,Medan,A02,5.2,Resolved,5
102774,2026-04-12,Web,Booking Change,Business,Jakarta,A02,2.7,Resolved,5
102775,2026-04-12,App,Baggage Issue,Leisure,Jakarta,A13,15.2,Resolved,2
102776,2026-04-12,App,Flight Delay,Leisure,Surabaya,A13,23.2,Resolved,1
102777,2026-04-12,Email,Baggage Issue,First-time,Makassar,A01,18.6,Resolved,5
102778,2026-04-12,App,Loyalty/Account,Corporate,Makassar,A12,3.3,Resolved,5
102779,2026-04-12,Call Center,Baggage Issue,First-time,Makassar,A14,17.3,Resolved,5
102780,2026-04-12,WhatsApp,Flight Delay,Business,Bali,A03,12.5,Resolved,5
102781,2026-04-12,App,Loyalty/Account,First-time,Makassar,A08,5.2,Resolved,2
102782,2026-04-12,Email,Flight Delay,First-time,Jakarta,A01,16.1,Resolved,4
102783,2026-04-12,Web,Cancellation,First-time,Surabaya,A15,11.6,Resolved,3
102784,2026-04-12,App,Refund Request,First-time,Medan,A09,45.4,Resolved,4
102785,2026-04-12,WhatsApp,Refund Request,First-time,Medan,A14,50.4,Resolved,4
102786,2026-04-12,Email,Booking Change,Corporate,Bali,A14,9.2,Resolved,5
102787,2026-04-12,Web,Booking Change,Corporate,Bali,A13,6.2,Resolved,5
102788,2026-04-12,WhatsApp,Loyalty/Account,Leisure,Medan,A01,2.9,Resolved,5
102789,2026-04-12,Call Center,Baggage Issue,First-time,Makassar,A14,11.0,Resolved,5
102790,2026-04-12,Email,Flight Delay,Corporate,Jakarta,A10,13.3,Resolved,5
102791,2026-04-12,App,Complaint,Corporate,Surabaya,A06,28.5,Resolved,5
102792,2026-04-12,Email,Booking Change,Leisure,Jakarta,A15,6.4,Open,
102793,2026-04-12,Call Center,Booking Change,Leisure,Makassar,A15,6.4,Resolved,3
102794,2026-04-12,Web,Booking Change,Business,Makassar,A05,4.1,Resolved,5
102795,2026-04-12,Call Center,Booking Change,Leisure,Jakarta,A15,8.0,Resolved,5
102796,2026-04-12,Web,Booking Change,Business,Jakarta,A02,7.6,Resolved,5
102797,2026-04-12,Email,Flight Delay,Corporate,Makassar,A12,10.1,Resolved,4
102798,2026-04-12,Call Center,Loyalty/Account,Corporate,Surabaya,A09,6.4,Resolved,5
102799,2026-04-12,Email,Booking Change,Leisure,Bali,A07,5.5,Resolved,2
102800,2026-04-12,Call Center,Baggage Issue,First-time,Jakarta,A08,40.9,Resolved,3
102801,2026-04-12,WhatsApp,Cancellation,Leisure,Surabaya,A13,13.9,Resolved,1
102802,2026-04-13,Email,Refund Request,Corporate,Makassar,A09,36.0,Resolved,5
102803,2026-04-13,Email,Booking Change,Leisure,Makassar,A03,6.3,Resolved,2
102804,2026-04-13,Email,Flight Delay,Corporate,Bali,A13,16.7,Resolved,5
102805,2026-04-13,App,Refund Request,First-time,Jakarta,A08,36.5,Resolved,5
102806,2026-04-13,Web,Complaint,First-time,Makassar,A08,41.2,Resolved,5
102807,2026-04-13,Web,Booking Change,Corporate,Bali,A09,7.5,Resolved,1
102808,2026-04-13,Web,Complaint,Corporate,Medan,A07,24.6,Open,
102809,2026-04-13,Email,Baggage Issue,Corporate,Bali,A11,0.5,Resolved,5
102810,2026-04-13,Email,Flight Delay,Corporate,Jakarta,A07,9.6,Resolved,5
102811,2026-04-13,Web,Flight Delay,First-time,Surabaya,A08,21.0,Resolved,1
102812,2026-04-13,Email,Booking Change,First-time,Medan,A12,4.4,Resolved,4
102813,2026-04-13,Email,Booking Change,First-time,Makassar,A10,10.8,Resolved,1
102814,2026-04-13,Web,Flight Delay,First-time,Makassar,A03,15.3,Open,
102815,2026-04-13,Call Center,Refund Request,Corporate,Surabaya,A01,28.4,Resolved,2
102816,2026-04-13,WhatsApp,Cancellation,First-time,Surabaya,A07,10.7,Resolved,1
102817,2026-04-13,Call Center,Refund Request,First-time,Medan,A13,37.8,Resolved,5
102818,2026-04-13,WhatsApp,Flight Delay,First-time,Makassar,A15,12.2,Resolved,3
102819,2026-04-13,App,Refund Request,Business,Medan,A10,29.2,Resolved,4
102820,2026-04-13,Web,Booking Change,Business,Medan,A14,5.5,Resolved,2
102821,2026-04-13,App,Flight Delay,Business,Surabaya,A12,17.2,Resolved,5
102822,2026-04-13,Email,Cancellation,First-time,Bali,A07,18.6,Resolved,1
102823,2026-04-13,Call Center,Booking Change,Business,Jakarta,A03,3.8,Resolved,5
102824,2026-04-13,Call Center,Flight Delay,Business,Jakarta,A03,8.0,Resolved,3
102825,2026-04-14,App,Booking Change,Business,Surabaya,A15,7.1,Resolved,4
102826,2026-04-14,Web,Flight Delay,Leisure,Bali,A11,16.5,Resolved,4
102827,2026-04-14,App,Booking Change,First-time,Makassar,A14,8.4,Resolved,5
102828,2026-04-14,Web,Booking Change,Leisure,Medan,A08,7.2,Resolved,5
102829,2026-04-14,Call Center,Refund Request,Leisure,Jakarta,A10,32.4,Resolved,5
102830,2026-04-14,Web,Loyalty/Account,First-time,Makassar,A14,5.0,Resolved,1
102831,2026-04-14,Email,Booking Change,Corporate,Medan,A04,6.2,Resolved,4
102832,2026-04-14,App,Cancellation,Corporate,Bali,A03,9.8,Resolved,4
102833,2026-04-14,WhatsApp,Baggage Issue,Corporate,Jakarta,A04,17.6,Resolved,5
102834,2026-04-14,App,Cancellation,Business,Makassar,A03,7.2,Resolved,5
102835,2026-04-14,Call Center,Refund Request,Corporate,Jakarta,A13,18.3,Resolved,5
102836,2026-04-14,Web,Flight Delay,First-time,Bali,A08,10.0,Resolved,4
102837,2026-04-14,Email,Refund Request,Business,Makassar,A05,18.0,Resolved,5
102838,2026-04-14,App,Booking Change,First-time,Bali,A07,3.6,Resolved,2
102839,2026-04-14,App,Cancellation,Leisure,Surabaya,A09,16.3,Resolved,1
102840,2026-04-14,Web,Complaint,Leisure,Surabaya,A13,25.0,Resolved,5
102841,2026-04-14,WhatsApp,Complaint,Corporate,Surabaya,A01,21.8,Resolved,4
102842,2026-04-14,Web,Booking Change,Business,Bali,A04,8.9,Resolved,5
102843,2026-04-14,App,Booking Change,Corporate,Jakarta,A03,7.9,Resolved,5
102844,2026-04-14,Web,Loyalty/Account,Leisure,Makassar,A06,0.8,Resolved,4
102845,2026-04-14,Email,Cancellation,Leisure,Surabaya,A10,4.9,Resolved,4
102846,2026-04-14,Web,Booking Change,Business,Surabaya,A15,5.9,Resolved,2
102847,2026-04-14,Email,Refund Request,Business,Makassar,A03,44.9,Resolved,1
102848,2026-04-14,Web,Flight Delay,Business,Jakarta,A14,12.3,Resolved,5
102849,2026-04-14,App,Refund Request,Business,Makassar,A08,33.8,Resolved,1
102850,2026-04-14,App,Baggage Issue,Business,Jakarta,A03,6.2,Resolved,5
102851,2026-04-14,Call Center,Booking Change,First-time,Medan,A10,5.0,Resolved,5
102852,2026-04-14,WhatsApp,Baggage Issue,Corporate,Jakarta,A04,21.1,Resolved,5
102853,2026-04-14,Web,Loyalty/Account,Leisure,Makassar,A03,3.5,Resolved,5
102854,2026-04-14,Email,Refund Request,First-time,Surabaya,A14,32.9,Resolved,4
102855,2026-04-15,Email,Baggage Issue,First-time,Bali,A02,21.2,Open,
102856,2026-04-15,Web,Baggage Issue,Leisure,Medan,A01,15.6,Open,
102857,2026-04-15,Web,Baggage Issue,Corporate,Bali,A05,22.0,Resolved,5
102858,2026-04-15,App,Refund Request,Corporate,Bali,A06,32.7,Resolved,5
102859,2026-04-15,App,Cancellation,Leisure,Makassar,A05,10.6,Resolved,5
102860,2026-04-15,Call Center,Loyalty/Account,First-time,Surabaya,A08,7.1,Resolved,5
102861,2026-04-15,Web,Cancellation,Corporate,Surabaya,A02,7.1,Resolved,4
102862,2026-04-15,Web,Baggage Issue,Leisure,Makassar,A12,17.9,Resolved,5
102863,2026-04-15,App,Cancellation,First-time,Medan,A07,6.1,Resolved,2
102864,2026-04-15,WhatsApp,Loyalty/Account,Business,Makassar,A09,4.1,Resolved,5
102865,2026-04-15,Call Center,Complaint,Leisure,Surabaya,A08,21.0,Resolved,5
102866,2026-04-15,Call Center,Loyalty/Account,Corporate,Makassar,A12,1.7,Resolved,5
102867,2026-04-15,Email,Cancellation,Business,Bali,A12,10.6,Resolved,5
102868,2026-04-15,Web,Flight Delay,First-time,Medan,A11,9.5,Resolved,5
102869,2026-04-15,Call Center,Refund Request,Business,Bali,A02,32.7,Resolved,5
102870,2026-04-15,WhatsApp,Complaint,Leisure,Jakarta,A03,14.7,Resolved,4
102871,2026-04-15,Call Center,Loyalty/Account,First-time,Surabaya,A08,4.8,Resolved,5
102872,2026-04-15,Web,Booking Change,Leisure,Jakarta,A13,8.2,Resolved,1
102873,2026-04-15,App,Booking Change,Business,Makassar,A13,9.7,Resolved,5
102874,2026-04-15,Email,Cancellation,Leisure,Surabaya,A07,10.5,Open,
102875,2026-04-15,WhatsApp,Loyalty/Account,Corporate,Jakarta,A06,3.1,Resolved,5
102876,2026-04-15,App,Booking Change,Business,Makassar,A01,6.7,Resolved,5
102877,2026-04-15,WhatsApp,Booking Change,Corporate,Surabaya,A10,6.6,Resolved,5
102878,2026-04-16,Email,Refund Request,Leisure,Jakarta,A01,36.4,Resolved,5
102879,2026-04-16,Email,Flight Delay,Leisure,Bali,A05,3.2,Resolved,4
102880,2026-04-16,Email,Booking Change,First-time,Surabaya,A05,9.2,Resolved,3
102881,2026-04-16,WhatsApp,Loyalty/Account,Leisure,Jakarta,A06,4.1,Resolved,5
102882,2026-04-16,App,Complaint,Business,Surabaya,A04,29.9,Resolved,1
102883,2026-04-16,WhatsApp,Complaint,Leisure,Jakarta,A05,23.1,Resolved,5
102884,2026-04-16,Call Center,Booking Change,Leisure,Medan,A05,7.0,Resolved,5
102885,2026-04-16,Web,Loyalty/Account,Business,Medan,A08,0.7,Resolved,5
102886,2026-04-16,Web,Flight Delay,Leisure,Medan,A13,13.9,Resolved,5
102887,2026-04-16,Email,Baggage Issue,Leisure,Bali,A13,23.8,Resolved,4
102888,2026-04-16,WhatsApp,Flight Delay,Leisure,Medan,A10,13.8,Resolved,5
102889,2026-04-16,Call Center,Cancellation,Leisure,Surabaya,A09,10.7,Resolved,5
102890,2026-04-16,Call Center,Flight Delay,Business,Bali,A07,16.0,Resolved,1
102891,2026-04-16,Call Center,Flight Delay,First-time,Makassar,A08,0.5,Resolved,4
102892,2026-04-16,Email,Cancellation,Corporate,Surabaya,A14,4.1,Resolved,5
102893,2026-04-16,Web,Baggage Issue,Corporate,Medan,A04,6.3,Resolved,5
102894,2026-04-16,Call Center,Loyalty/Account,Leisure,Makassar,A04,3.7,Resolved,5
102895,2026-04-16,Web,Loyalty/Account,First-time,Bali,A02,3.0,Resolved,4
102896,2026-04-16,Web,Booking Change,Leisure,Makassar,A08,7.2,Resolved,5
102897,2026-04-16,Email,Flight Delay,Corporate,Medan,A12,14.8,Resolved,1
102898,2026-04-16,App,Refund Request,Business,Medan,A07,34.7,Resolved,5
102899,2026-04-16,Call Center,Cancellation,Corporate,Medan,A15,6.1,Resolved,5
102900,2026-04-16,Call Center,Refund Request,Leisure,Bali,A15,36.9,Resolved,4
102901,2026-04-16,Web,Complaint,Leisure,Jakarta,A08,9.4,Resolved,5
102902,2026-04-16,App,Cancellation,Corporate,Bali,A12,11.0,Resolved,2
102903,2026-04-16,Web,Baggage Issue,Leisure,Bali,A06,5.3,Open,
102904,2026-04-16,Email,Loyalty/Account,Business,Surabaya,A05,5.7,Resolved,3
102905,2026-04-16,Email,Refund Request,Leisure,Medan,A11,22.3,Resolved,5
102906,2026-04-16,Web,Complaint,Leisure,Makassar,A03,26.4,Resolved,5
102907,2026-04-16,Call Center,Loyalty/Account,First-time,Makassar,A13,4.3,Resolved,4
102908,2026-04-17,Call Center,Flight Delay,Business,Makassar,A11,12.4,Resolved,2
102909,2026-04-17,Email,Refund Request,Business,Makassar,A04,22.6,Resolved,4
102910,2026-04-17,App,Complaint,First-time,Medan,A12,40.6,Resolved,1
102911,2026-04-17,WhatsApp,Baggage Issue,Leisure,Bali,A03,20.3,Resolved,5
102912,2026-04-17,WhatsApp,Complaint,First-time,Jakarta,A14,27.7,Resolved,3
102913,2026-04-17,Web,Booking Change,First-time,Surabaya,A14,6.8,Resolved,4
102914,2026-04-17,Web,Loyalty/Account,Leisure,Medan,A13,4.2,Resolved,5
102915,2026-04-17,WhatsApp,Complaint,Leisure,Makassar,A15,26.6,Resolved,3
102916,2026-04-17,Email,Loyalty/Account,Business,Surabaya,A02,4.7,Resolved,1
102917,2026-04-17,WhatsApp,Booking Change,First-time,Bali,A05,7.5,Resolved,5
102918,2026-04-17,Web,Cancellation,Business,Jakarta,A06,14.7,Resolved,1
102919,2026-04-17,Call Center,Baggage Issue,Leisure,Jakarta,A06,19.6,Resolved,5
102920,2026-04-17,WhatsApp,Refund Request,Business,Jakarta,A06,13.7,Resolved,5
102921,2026-04-17,WhatsApp,Booking Change,Corporate,Makassar,A03,7.8,Resolved,4
102922,2026-04-17,Web,Cancellation,Business,Jakarta,A13,9.2,Resolved,4
102923,2026-04-17,App,Cancellation,First-time,Makassar,A07,2.2,Open,
102924,2026-04-17,App,Baggage Issue,Corporate,Surabaya,A06,20.5,Resolved,4
102925,2026-04-17,Email,Complaint,Leisure,Jakarta,A11,35.8,Resolved,2
102926,2026-04-17,App,Booking Change,Leisure,Bali,A04,2.0,Resolved,4
102927,2026-04-17,Web,Booking Change,Leisure,Makassar,A07,5.5,Resolved,5
102928,2026-04-17,App,Flight Delay,Leisure,Makassar,A08,11.0,Resolved,5
102929,2026-04-17,Web,Booking Change,First-time,Makassar,A11,7.4,Resolved,4
102930,2026-04-17,Email,Cancellation,Leisure,Jakarta,A03,7.6,Resolved,4
102931,2026-04-17,Call Center,Loyalty/Account,Business,Medan,A02,5.8,Resolved,3
102932,2026-04-17,Web,Booking Change,First-time,Jakarta,A13,7.4,Resolved,5
102933,2026-04-17,Web,Booking Change,Leisure,Makassar,A14,9.3,Resolved,2
102934,2026-04-17,Call Center,Complaint,First-time,Surabaya,A05,25.4,Resolved,5
102935,2026-04-17,Call Center,Baggage Issue,Business,Bali,A09,11.8,Resolved,5
102936,2026-04-17,Call Center,Booking Change,Corporate,Surabaya,A03,1.6,Resolved,5
102937,2026-04-17,App,Flight Delay,Leisure,Makassar,A15,13.9,Resolved,5
102938,2026-04-17,Email,Flight Delay,Corporate,Makassar,A07,14.8,Resolved,1
102939,2026-04-17,App,Booking Change,First-time,Medan,A03,7.7,Resolved,5
102940,2026-04-17,Call Center,Cancellation,Corporate,Jakarta,A06,8.4,Resolved,3
102941,2026-04-17,Email,Refund Request,Leisure,Makassar,A13,10.8,Resolved,3
102942,2026-04-17,WhatsApp,Complaint,Corporate,Makassar,A03,41.0,Resolved,1
102943,2026-04-18,WhatsApp,Flight Delay,First-time,Surabaya,A06,10.7,Resolved,1
102944,2026-04-18,App,Loyalty/Account,Business,Medan,A07,6.5,Resolved,3
102945,2026-04-18,WhatsApp,Cancellation,First-time,Bali,A02,13.6,Resolved,4
102946,2026-04-18,App,Loyalty/Account,Business,Surabaya,A05,5.5,Resolved,4
102947,2026-04-18,WhatsApp,Booking Change,First-time,Makassar,A03,8.5,Resolved,4
102948,2026-04-18,Web,Loyalty/Account,First-time,Surabaya,A15,4.1,Resolved,4
102949,2026-04-18,WhatsApp,Baggage Issue,Business,Makassar,A13,26.7,Resolved,1
102950,2026-04-18,WhatsApp,Cancellation,First-time,Makassar,A08,8.5,Resolved,5
102951,2026-04-18,Call Center,Booking Change,First-time,Jakarta,A02,6.1,Open,
102952,2026-04-18,Web,Loyalty/Account,Corporate,Makassar,A02,6.0,Resolved,3
102953,2026-04-18,Web,Cancellation,Leisure,Surabaya,A07,10.4,Resolved,5
102954,2026-04-18,Web,Baggage Issue,First-time,Medan,A14,18.0,Resolved,3
102955,2026-04-18,App,Booking Change,Corporate,Surabaya,A14,4.8,Resolved,5
102956,2026-04-18,Web,Booking Change,First-time,Bali,A15,11.5,Resolved,2
102957,2026-04-18,Email,Booking Change,First-time,Bali,A05,8.3,Resolved,5
102958,2026-04-18,Web,Loyalty/Account,Corporate,Makassar,A01,6.4,Resolved,5
102959,2026-04-18,Email,Complaint,Leisure,Makassar,A07,3.4,Resolved,4
102960,2026-04-18,WhatsApp,Flight Delay,First-time,Surabaya,A14,17.0,Resolved,1
102961,2026-04-18,Email,Loyalty/Account,Leisure,Bali,A09,4.1,Resolved,5
102962,2026-04-18,WhatsApp,Baggage Issue,Leisure,Medan,A07,18.5,Resolved,1
102963,2026-04-18,Web,Flight Delay,Corporate,Medan,A13,13.0,Resolved,2
102964,2026-04-18,Web,Complaint,Leisure,Bali,A13,2.8,Resolved,5
102965,2026-04-18,Web,Booking Change,Business,Bali,A02,4.5,Resolved,3
102966,2026-04-18,Email,Booking Change,Leisure,Medan,A08,3.7,Resolved,5
102967,2026-04-18,Web,Flight Delay,Corporate,Jakarta,A07,17.4,Resolved,1
102968,2026-04-18,WhatsApp,Booking Change,Corporate,Makassar,A10,7.6,Resolved,3
102969,2026-04-18,Email,Flight Delay,Business,Surabaya,A01,14.9,Resolved,1
102970,2026-04-18,WhatsApp,Refund Request,First-time,Bali,A10,48.1,Open,
102971,2026-04-18,Email,Refund Request,First-time,Jakarta,A12,42.0,Resolved,5
102972,2026-04-18,Email,Loyalty/Account,Leisure,Medan,A06,3.6,Resolved,3
102973,2026-04-18,WhatsApp,Booking Change,First-time,Jakarta,A14,6.4,Resolved,5
102974,2026-04-18,Call Center,Baggage Issue,Corporate,Jakarta,A06,11.4,Resolved,2
102975,2026-04-18,Call Center,Booking Change,Leisure,Makassar,A09,8.2,Resolved,2
102976,2026-04-18,Call Center,Complaint,Corporate,Medan,A05,24.1,Resolved,4
102977,2026-04-18,App,Baggage Issue,Business,Makassar,A15,9.7,Resolved,5
102978,2026-04-18,Call Center,Refund Request,Business,Jakarta,A06,40.3,Resolved,5
102979,2026-04-19,WhatsApp,Loyalty/Account,Business,Makassar,A03,5.3,Open,
102980,2026-04-19,Web,Booking Change,First-time,Medan,A13,9.9,Resolved,1
102981,2026-04-19,WhatsApp,Refund Request,Corporate,Makassar,A07,26.1,Resolved,3
102982,2026-04-19,Email,Baggage Issue,Leisure,Surabaya,A06,12.7,Resolved,4
102983,2026-04-19,Email,Booking Change,First-time,Bali,A12,2.1,Resolved,5
102984,2026-04-19,Web,Flight Delay,Business,Jakarta,A10,6.3,Resolved,5
102985,2026-04-19,Email,Complaint,Leisure,Medan,A01,0.5,Resolved,4
102986,2026-04-19,App,Booking Change,Business,Jakarta,A10,5.8,Resolved,5
102987,2026-04-19,App,Complaint,Corporate,Surabaya,A02,29.9,Resolved,5
102988,2026-04-19,Call Center,Booking Change,Corporate,Makassar,A09,10.5,Resolved,5
102989,2026-04-19,Web,Booking Change,First-time,Surabaya,A11,8.4,Resolved,5
102990,2026-04-19,App,Flight Delay,Business,Surabaya,A06,16.4,Resolved,1
102991,2026-04-19,Call Center,Baggage Issue,First-time,Medan,A06,16.5,Resolved,1
102992,2026-04-19,App,Booking Change,Business,Surabaya,A08,4.0,Resolved,5
102993,2026-04-19,WhatsApp,Cancellation,Corporate,Surabaya,A05,3.8,Resolved,2
102994,2026-04-19,Web,Booking Change,First-time,Surabaya,A06,8.0,Resolved,3
102995,2026-04-19,App,Loyalty/Account,Corporate,Surabaya,A03,4.0,Resolved,5
102996,2026-04-19,Web,Refund Request,First-time,Jakarta,A15,25.3,Resolved,5
102997,2026-04-19,Web,Refund Request,Leisure,Medan,A01,23.0,Resolved,5
102998,2026-04-19,Call Center,Booking Change,Leisure,Medan,A14,7.1,Open,
102999,2026-04-19,Web,Flight Delay,Leisure,Jakarta,A10,14.3,Resolved,2
103000,2026-04-19,Call Center,Refund Request,Leisure,Surabaya,A03,31.6,Open,
103001,2026-04-19,Email,Refund Request,Business,Surabaya,A13,20.7,Resolved,5
103002,2026-04-19,App,Booking Change,Business,Medan,A01,8.0,Resolved,4
103003,2026-04-19,Email,Booking Change,First-time,Bali,A15,5.4,Resolved,1
103004,2026-04-19,Call Center,Baggage Issue,Business,Jakarta,A05,24.1,Resolved,1
103005,2026-04-19,Web,Refund Request,Corporate,Bali,A09,42.9,Resolved,5
103006,2026-04-19,Call Center,Flight Delay,First-time,Bali,A09,15.3,Resolved,1
103007,2026-04-19,Email,Complaint,Corporate,Medan,A03,32.7,Resolved,5
103008,2026-04-19,Call Center,Flight Delay,First-time,Jakarta,A12,7.2,Resolved,5
103009,2026-04-19,Email,Loyalty/Account,First-time,Jakarta,A14,5.3,Open,
103010,2026-04-20,Email,Refund Request,Business,Medan,A01,41.5,Resolved,5
103011,2026-04-20,Call Center,Loyalty/Account,Corporate,Makassar,A01,7.6,Resolved,5
103012,2026-04-20,Email,Refund Request,Leisure,Medan,A13,42.9,Resolved,4
103013,2026-04-20,App,Refund Request,First-time,Makassar,A06,36.4,Resolved,5
103014,2026-04-20,Call Center,Refund Request,First-time,Makassar,A01,36.7,Resolved,1
103015,2026-04-20,App,Cancellation,Corporate,Surabaya,A11,12.3,Resolved,4
103016,2026-04-20,WhatsApp,Booking Change,First-time,Jakarta,A15,2.6,Resolved,4
103017,2026-04-20,Call Center,Loyalty/Account,First-time,Medan,A14,3.6,Resolved,5
103018,2026-04-20,Call Center,Booking Change,Business,Surabaya,A12,2.9,Resolved,5
103019,2026-04-20,WhatsApp,Baggage Issue,First-time,Medan,A01,12.3,Resolved,2
103020,2026-04-20,App,Loyalty/Account,First-time,Medan,A09,5.3,Resolved,1
103021,2026-04-20,Web,Complaint,Leisure,Makassar,A03,33.0,Resolved,5
103022,2026-04-20,Email,Complaint,Business,Makassar,A04,25.4,Resolved,5
103023,2026-04-20,Call Center,Baggage Issue,First-time,Bali,A01,21.6,Resolved,5
103024,2026-04-20,Email,Booking Change,First-time,Medan,A10,8.8,Resolved,2
103025,2026-04-20,Web,Refund Request,First-time,Medan,A10,36.5,Resolved,1
103026,2026-04-20,Web,Baggage Issue,Leisure,Surabaya,A11,16.3,Resolved,4
103027,2026-04-20,Email,Refund Request,Leisure,Jakarta,A10,37.6,Resolved,5
103028,2026-04-20,App,Booking Change,Corporate,Medan,A10,9.8,Resolved,5
103029,2026-04-20,Call Center,Baggage Issue,First-time,Bali,A14,30.0,Resolved,5
103030,2026-04-20,Email,Refund Request,First-time,Bali,A10,41.6,Resolved,3
103031,2026-04-21,App,Flight Delay,Business,Jakarta,A01,11.0,Resolved,5
103032,2026-04-21,Web,Baggage Issue,Business,Medan,A15,11.0,Resolved,5
103033,2026-04-21,Email,Flight Delay,Business,Jakarta,A15,10.9,Open,
103034,2026-04-21,App,Refund Request,Corporate,Medan,A15,11.6,Resolved,5
103035,2026-04-21,Email,Flight Delay,Leisure,Surabaya,A13,18.5,Resolved,3
103036,2026-04-21,App,Refund Request,Corporate,Jakarta,A11,33.6,Resolved,3
103037,2026-04-21,Call Center,Cancellation,Business,Medan,A01,6.4,Resolved,4
103038,2026-04-21,Email,Flight Delay,First-time,Medan,A03,3.4,Resolved,3
103039,2026-04-21,App,Complaint,First-time,Surabaya,A14,38.6,Resolved,3
103040,2026-04-21,Email,Loyalty/Account,First-time,Bali,A12,4.6,Resolved,4
103041,2026-04-21,Web,Refund Request,First-time,Makassar,A02,21.7,Resolved,3
103042,2026-04-21,App,Baggage Issue,Corporate,Makassar,A05,17.3,Resolved,3
103043,2026-04-21,App,Flight Delay,Corporate,Bali,A14,10.5,Resolved,5
103044,2026-04-21,Web,Flight Delay,First-time,Bali,A03,19.3,Resolved,5
103045,2026-04-21,Web,Baggage Issue,First-time,Jakarta,A02,23.0,Resolved,1
103046,2026-04-21,Call Center,Complaint,Leisure,Jakarta,A10,34.1,Resolved,1
103047,2026-04-21,App,Refund Request,Leisure,Jakarta,A03,24.9,Resolved,2
103048,2026-04-21,WhatsApp,Booking Change,Business,Makassar,A12,3.6,Resolved,2
103049,2026-04-21,Email,Refund Request,Business,Bali,A12,16.2,Resolved,3
103050,2026-04-21,Web,Cancellation,Business,Surabaya,A08,11.1,Resolved,4
103051,2026-04-21,Call Center,Flight Delay,Corporate,Makassar,A02,10.8,Resolved,1
103052,2026-04-21,Call Center,Booking Change,Corporate,Makassar,A07,6.5,Resolved,3
103053,2026-04-21,App,Baggage Issue,Corporate,Medan,A13,14.3,Resolved,4
103054,2026-04-21,WhatsApp,Baggage Issue,First-time,Surabaya,A04,10.2,Resolved,3
103055,2026-04-22,Email,Loyalty/Account,Business,Surabaya,A13,6.2,Open,
103056,2026-04-22,Email,Loyalty/Account,First-time,Jakarta,A07,6.1,Resolved,5
103057,2026-04-22,WhatsApp,Refund Request,Corporate,Medan,A07,40.2,Resolved,4
103058,2026-04-22,Email,Refund Request,Corporate,Bali,A06,26.7,Resolved,1
103059,2026-04-22,App,Refund Request,First-time,Bali,A01,43.8,Resolved,1
103060,2026-04-22,App,Flight Delay,Business,Bali,A06,13.9,Resolved,5
103061,2026-04-22,Web,Refund Request,Leisure,Surabaya,A15,29.6,Resolved,4
103062,2026-04-22,Web,Baggage Issue,Corporate,Jakarta,A13,24.1,Resolved,5
103063,2026-04-22,WhatsApp,Flight Delay,First-time,Jakarta,A13,12.4,Resolved,5
103064,2026-04-22,Email,Booking Change,Leisure,Surabaya,A04,8.1,Open,
103065,2026-04-22,Web,Baggage Issue,Corporate,Surabaya,A09,16.4,Open,
103066,2026-04-22,WhatsApp,Cancellation,Leisure,Makassar,A12,8.9,Resolved,5
103067,2026-04-22,Web,Baggage Issue,Corporate,Jakarta,A05,17.4,Resolved,4
103068,2026-04-22,Email,Complaint,First-time,Makassar,A14,22.7,Resolved,2
103069,2026-04-22,Call Center,Baggage Issue,First-time,Surabaya,A06,27.1,Resolved,4
103070,2026-04-22,Call Center,Baggage Issue,Leisure,Bali,A15,17.4,Open,
103071,2026-04-22,Call Center,Booking Change,First-time,Medan,A09,6.4,Resolved,4
103072,2026-04-22,Call Center,Loyalty/Account,Corporate,Jakarta,A10,4.0,Resolved,3
103073,2026-04-22,Web,Booking Change,First-time,Jakarta,A12,4.6,Resolved,3
103074,2026-04-22,Call Center,Booking Change,Business,Jakarta,A15,4.7,Resolved,1
103075,2026-04-22,App,Booking Change,Corporate,Makassar,A08,6.7,Open,
103076,2026-04-22,Email,Booking Change,First-time,Medan,A05,7.9,Resolved,4
103077,2026-04-22,App,Baggage Issue,Leisure,Bali,A09,27.5,Resolved,2
103078,2026-04-22,WhatsApp,Cancellation,Business,Jakarta,A09,6.1,Resolved,5
103079,2026-04-22,Call Center,Baggage Issue,First-time,Makassar,A02,14.2,Resolved,5
103080,2026-04-22,Call Center,Loyalty/Account,First-time,Jakarta,A12,3.6,Resolved,3
103081,2026-04-22,Email,Cancellation,Business,Medan,A14,0.9,Resolved,4
103082,2026-04-22,Email,Flight Delay,Leisure,Medan,A03,13.3,Resolved,5
103083,2026-04-22,App,Loyalty/Account,Leisure,Bali,A13,0.7,Resolved,5
103084,2026-04-22,Email,Flight Delay,Corporate,Surabaya,A14,10.1,Resolved,5
103085,2026-04-22,Web,Refund Request,Leisure,Medan,A04,42.9,Resolved,4
103086,2026-04-22,Web,Flight Delay,Leisure,Surabaya,A04,17.7,Resolved,1
103087,2026-04-22,Call Center,Booking Change,First-time,Bali,A14,6.9,Resolved,5
103088,2026-04-22,Email,Loyalty/Account,Corporate,Medan,A10,2.1,Resolved,5
103089,2026-04-23,Call Center,Complaint,First-time,Medan,A06,27.4,Resolved,1
103090,2026-04-23,Web,Flight Delay,Leisure,Medan,A08,17.6,Resolved,4
103091,2026-04-23,App,Booking Change,First-time,Makassar,A09,4.0,Resolved,4
103092,2026-04-23,WhatsApp,Baggage Issue,Business,Medan,A04,14.6,Resolved,4
103093,2026-04-23,App,Flight Delay,Business,Makassar,A14,12.5,Resolved,5
103094,2026-04-23,Web,Refund Request,First-time,Jakarta,A02,31.8,Resolved,2
103095,2026-04-23,WhatsApp,Baggage Issue,Corporate,Jakarta,A15,19.2,Resolved,3
103096,2026-04-23,WhatsApp,Flight Delay,First-time,Jakarta,A13,9.9,Resolved,3
103097,2026-04-23,Email,Baggage Issue,First-time,Jakarta,A07,15.0,Resolved,2
103098,2026-04-23,Email,Booking Change,Business,Surabaya,A13,1.4,Resolved,5
103099,2026-04-23,Call Center,Refund Request,Business,Surabaya,A15,25.2,Resolved,4
103100,2026-04-23,Web,Baggage Issue,First-time,Jakarta,A12,7.8,Resolved,5
103101,2026-04-23,Web,Refund Request,First-time,Makassar,A04,20.3,Open,
103102,2026-04-23,Web,Flight Delay,Business,Jakarta,A14,18.2,Resolved,1
103103,2026-04-23,Call Center,Booking Change,Corporate,Bali,A11,10.5,Resolved,1
103104,2026-04-23,WhatsApp,Booking Change,Business,Jakarta,A08,7.2,Resolved,3
103105,2026-04-23,Call Center,Cancellation,Corporate,Bali,A01,5.8,Resolved,5
103106,2026-04-23,Email,Booking Change,Leisure,Bali,A01,12.3,Resolved,1
103107,2026-04-23,App,Cancellation,Business,Bali,A04,0.5,Resolved,5
103108,2026-04-23,WhatsApp,Refund Request,Leisure,Jakarta,A11,51.4,Resolved,1
103109,2026-04-23,Web,Baggage Issue,Leisure,Surabaya,A11,30.8,Resolved,4
103110,2026-04-23,Email,Flight Delay,Corporate,Medan,A10,10.6,Resolved,5
103111,2026-04-23,Email,Cancellation,Business,Medan,A05,10.6,Resolved,5
103112,2026-04-23,WhatsApp,Refund Request,Business,Medan,A11,25.9,Resolved,5
103113,2026-04-23,Email,Baggage Issue,First-time,Bali,A12,26.5,Resolved,5
103114,2026-04-23,Email,Flight Delay,Leisure,Makassar,A09,8.8,Resolved,5
103115,2026-04-23,WhatsApp,Booking Change,Leisure,Bali,A06,9.1,Resolved,1
103116,2026-04-23,App,Refund Request,Business,Bali,A07,21.7,Resolved,4
103117,2026-04-23,WhatsApp,Booking Change,Corporate,Bali,A04,2.3,Open,
103118,2026-04-23,Call Center,Flight Delay,Business,Bali,A13,7.7,Resolved,5
103119,2026-04-23,Call Center,Refund Request,Business,Jakarta,A12,22.4,Resolved,5
103120,2026-04-24,App,Flight Delay,Leisure,Medan,A08,8.7,Open,
103121,2026-04-24,App,Booking Change,Business,Surabaya,A09,4.7,Resolved,4
103122,2026-04-24,Call Center,Loyalty/Account,Leisure,Surabaya,A14,2.6,Resolved,5
103123,2026-04-24,Call Center,Cancellation,Leisure,Makassar,A14,4.3,Resolved,5
103124,2026-04-24,Web,Cancellation,Business,Makassar,A09,7.6,Resolved,4
103125,2026-04-24,Web,Loyalty/Account,Business,Jakarta,A07,6.2,Resolved,1
103126,2026-04-24,App,Baggage Issue,First-time,Surabaya,A09,15.6,Resolved,5
103127,2026-04-24,Email,Flight Delay,Leisure,Makassar,A07,1.8,Open,
103128,2026-04-24,Call Center,Loyalty/Account,First-time,Surabaya,A03,6.0,Resolved,1
103129,2026-04-24,Web,Booking Change,Business,Surabaya,A05,3.7,Resolved,2
103130,2026-04-24,Web,Cancellation,First-time,Makassar,A15,6.7,Resolved,5
103131,2026-04-24,Email,Cancellation,Leisure,Medan,A10,12.0,Resolved,2
103132,2026-04-24,WhatsApp,Booking Change,Corporate,Jakarta,A03,6.6,Resolved,2
103133,2026-04-24,Email,Refund Request,First-time,Bali,A15,14.1,Resolved,4
103134,2026-04-24,Email,Complaint,Leisure,Makassar,A04,39.2,Resolved,5
103135,2026-04-24,WhatsApp,Booking Change,Corporate,Medan,A11,4.4,Resolved,5
103136,2026-04-24,App,Cancellation,First-time,Bali,A05,14.6,Resolved,5
103137,2026-04-24,Web,Loyalty/Account,Corporate,Jakarta,A12,4.5,Resolved,1
103138,2026-04-24,Call Center,Complaint,Corporate,Bali,A15,15.7,Resolved,5
103139,2026-04-24,App,Booking Change,Business,Makassar,A05,4.3,Resolved,5
103140,2026-04-24,Call Center,Refund Request,First-time,Jakarta,A11,31.7,Resolved,4
103141,2026-04-24,App,Booking Change,Corporate,Jakarta,A05,4.9,Resolved,5
103142,2026-04-24,Web,Complaint,Business,Jakarta,A14,11.9,Resolved,5
103143,2026-04-24,Email,Baggage Issue,Corporate,Surabaya,A08,13.6,Resolved,5
103144,2026-04-24,App,Flight Delay,Corporate,Makassar,A01,7.9,Resolved,4
103145,2026-04-24,Call Center,Flight Delay,Business,Jakarta,A04,8.3,Resolved,5
103146,2026-04-24,App,Flight Delay,First-time,Surabaya,A13,9.9,Open,
103147,2026-04-24,Email,Complaint,Leisure,Makassar,A02,37.7,Resolved,4
103148,2026-04-24,App,Refund Request,Corporate,Medan,A07,35.0,Resolved,3
103149,2026-04-24,Web,Booking Change,First-time,Makassar,A04,9.4,Resolved,5
103150,2026-04-24,Email,Cancellation,Business,Jakarta,A01,7.1,Open,
103151,2026-04-24,Email,Booking Change,Business,Makassar,A14,4.2,Resolved,2
103152,2026-04-24,Web,Booking Change,Corporate,Surabaya,A05,9.0,Resolved,5
103153,2026-04-24,Email,Complaint,Leisure,Medan,A08,32.1,Resolved,2
103154,2026-04-24,Email,Baggage Issue,Leisure,Jakarta,A07,19.4,Resolved,5
103155,2026-04-24,Web,Cancellation,Business,Surabaya,A14,10.7,Resolved,5
103156,2026-04-24,Web,Loyalty/Account,Business,Surabaya,A01,4.3,Resolved,5
103157,2026-04-25,App,Booking Change,Leisure,Jakarta,A13,6.8,Resolved,4
103158,2026-04-25,Web,Booking Change,Business,Bali,A09,8.9,Resolved,1
103159,2026-04-25,WhatsApp,Complaint,Business,Surabaya,A05,14.3,Resolved,5
103160,2026-04-25,Email,Booking Change,Business,Makassar,A05,10.1,Resolved,4
103161,2026-04-25,Call Center,Flight Delay,Leisure,Surabaya,A10,6.9,Resolved,4
103162,2026-04-25,Email,Cancellation,Corporate,Surabaya,A13,9.7,Resolved,4
103163,2026-04-25,WhatsApp,Baggage Issue,Business,Bali,A09,13.6,Resolved,3
103164,2026-04-25,Web,Refund Request,Leisure,Bali,A07,21.4,Resolved,5
103165,2026-04-25,Email,Complaint,Leisure,Bali,A13,43.5,Resolved,4
103166,2026-04-25,Email,Baggage Issue,Leisure,Makassar,A07,7.0,Resolved,5
103167,2026-04-25,Web,Complaint,Corporate,Surabaya,A07,32.7,Resolved,1
103168,2026-04-25,Email,Cancellation,Corporate,Medan,A12,5.0,Resolved,5
103169,2026-04-25,WhatsApp,Booking Change,First-time,Surabaya,A09,9.0,Resolved,5
103170,2026-04-25,WhatsApp,Loyalty/Account,First-time,Medan,A03,2.3,Resolved,5
103171,2026-04-25,Web,Booking Change,First-time,Medan,A12,2.1,Resolved,5
103172,2026-04-25,Call Center,Baggage Issue,First-time,Makassar,A09,6.2,Resolved,5
103173,2026-04-25,Email,Baggage Issue,First-time,Jakarta,A12,12.1,Resolved,4
103174,2026-04-25,App,Baggage Issue,Leisure,Medan,A06,16.6,Resolved,4
103175,2026-04-25,WhatsApp,Flight Delay,Leisure,Medan,A11,13.8,Open,
103176,2026-04-25,Web,Booking Change,Business,Medan,A07,8.5,Open,
103177,2026-04-25,Call Center,Cancellation,Leisure,Jakarta,A09,4.4,Resolved,3
103178,2026-04-25,Call Center,Booking Change,Business,Medan,A10,3.1,Resolved,5
103179,2026-04-25,Web,Booking Change,Corporate,Medan,A10,6.5,Resolved,5
103180,2026-04-25,Web,Baggage Issue,Business,Makassar,A07,5.5,Resolved,5
103181,2026-04-25,WhatsApp,Cancellation,Business,Surabaya,A02,3.6,Resolved,4
103182,2026-04-25,Web,Baggage Issue,Corporate,Jakarta,A07,21.0,Resolved,5
103183,2026-04-25,Web,Complaint,Leisure,Jakarta,A11,5.9,Resolved,5
103184,2026-04-25,App,Booking Change,First-time,Medan,A07,8.7,Resolved,3
103185,2026-04-26,App,Refund Request,Leisure,Jakarta,A07,38.7,Resolved,5
103186,2026-04-26,WhatsApp,Flight Delay,Business,Makassar,A05,14.8,Resolved,5
103187,2026-04-26,Web,Cancellation,Business,Surabaya,A05,12.7,Resolved,4
103188,2026-04-26,WhatsApp,Flight Delay,Business,Bali,A13,11.4,Resolved,5
103189,2026-04-26,App,Baggage Issue,Corporate,Jakarta,A02,23.6,Resolved,5
103190,2026-04-26,Email,Refund Request,Leisure,Jakarta,A01,19.5,Resolved,5
103191,2026-04-26,App,Cancellation,Leisure,Jakarta,A14,6.8,Resolved,2
103192,2026-04-26,App,Booking Change,First-time,Medan,A07,10.8,Resolved,1
103193,2026-04-26,WhatsApp,Cancellation,Leisure,Makassar,A01,10.0,Resolved,3
103194,2026-04-26,WhatsApp,Refund Request,Corporate,Bali,A05,36.7,Resolved,1
103195,2026-04-26,Email,Booking Change,Business,Jakarta,A01,5.0,Resolved,5
103196,2026-04-26,WhatsApp,Loyalty/Account,Leisure,Surabaya,A07,2.1,Open,
103197,2026-04-26,App,Refund Request,First-time,Jakarta,A13,21.9,Resolved,4
103198,2026-04-26,Web,Baggage Issue,Corporate,Jakarta,A05,18.1,Resolved,3
103199,2026-04-26,App,Booking Change,Leisure,Bali,A02,8.0,Resolved,5
103200,2026-04-26,WhatsApp,Booking Change,First-time,Jakarta,A04,8.2,Resolved,4
103201,2026-04-26,Call Center,Flight Delay,First-time,Medan,A14,6.1,Resolved,4
103202,2026-04-26,WhatsApp,Booking Change,First-time,Bali,A02,7.4,Resolved,5
103203,2026-04-26,Web,Complaint,Corporate,Surabaya,A11,29.1,Resolved,5
103204,2026-04-26,Call Center,Refund Request,Corporate,Surabaya,A01,39.1,Resolved,3
103205,2026-04-26,App,Loyalty/Account,Business,Medan,A07,1.2,Resolved,3
103206,2026-04-26,App,Booking Change,First-time,Bali,A01,4.7,Resolved,5
103207,2026-04-26,WhatsApp,Flight Delay,Leisure,Medan,A09,6.6,Resolved,3
103208,2026-04-26,Call Center,Refund Request,First-time,Makassar,A09,20.5,Resolved,2
103209,2026-04-26,Call Center,Refund Request,Leisure,Jakarta,A02,15.8,Resolved,5
103210,2026-04-26,Call Center,Refund Request,First-time,Surabaya,A06,20.9,Resolved,5
103211,2026-04-26,App,Booking Change,Business,Medan,A08,7.4,Resolved,5
103212,2026-04-26,App,Refund Request,Corporate,Medan,A08,40.1,Open,
103213,2026-04-26,App,Booking Change,Corporate,Bali,A14,7.2,Resolved,3
103214,2026-04-26,App,Loyalty/Account,Business,Bali,A13,8.6,Resolved,3
103215,2026-04-26,Email,Complaint,Leisure,Jakarta,A07,20.8,Resolved,1
103216,2026-04-27,Web,Booking Change,Business,Makassar,A01,5.8,Resolved,5
103217,2026-04-27,Call Center,Flight Delay,Leisure,Jakarta,A14,12.8,Resolved,4
103218,2026-04-27,App,Booking Change,Business,Bali,A09,4.6,Resolved,5
103219,2026-04-27,WhatsApp,Booking Change,Business,Bali,A10,5.5,Resolved,5
103220,2026-04-27,WhatsApp,Cancellation,Corporate,Medan,A13,9.4,Resolved,5
103221,2026-04-27,Call Center,Complaint,Leisure,Surabaya,A11,42.5,Resolved,5
103222,2026-04-27,Web,Loyalty/Account,First-time,Surabaya,A13,4.6,Resolved,4
103223,2026-04-27,Call Center,Loyalty/Account,Leisure,Medan,A02,1.6,Resolved,5
103224,2026-04-27,Web,Loyalty/Account,First-time,Makassar,A01,1.1,Resolved,5
103225,2026-04-27,App,Complaint,Leisure,Bali,A10,19.5,Resolved,5
103226,2026-04-27,WhatsApp,Booking Change,Corporate,Surabaya,A13,10.7,Resolved,1
103227,2026-04-27,Email,Refund Request,First-time,Makassar,A13,11.3,Resolved,5
103228,2026-04-27,Email,Booking Change,Business,Jakarta,A04,7.1,Resolved,4
103229,2026-04-27,Email,Loyalty/Account,Leisure,Surabaya,A09,3.3,Resolved,5
103230,2026-04-27,Web,Baggage Issue,First-time,Bali,A14,16.2,Resolved,4
103231,2026-04-27,Call Center,Booking Change,Corporate,Makassar,A06,9.6,Resolved,4
103232,2026-04-27,WhatsApp,Cancellation,Corporate,Surabaya,A15,6.4,Resolved,3
103233,2026-04-27,App,Baggage Issue,First-time,Makassar,A12,13.5,Resolved,3
103234,2026-04-27,App,Flight Delay,First-time,Jakarta,A07,21.7,Resolved,3
103235,2026-04-27,Email,Refund Request,Corporate,Bali,A15,41.7,Resolved,4
103236,2026-04-27,App,Loyalty/Account,First-time,Makassar,A05,4.4,Resolved,4
103237,2026-04-27,WhatsApp,Booking Change,Business,Jakarta,A05,7.3,Resolved,5
103238,2026-04-27,Call Center,Baggage Issue,First-time,Bali,A05,28.8,Resolved,1
103239,2026-04-27,App,Complaint,Business,Bali,A09,22.8,Resolved,2
103240,2026-04-27,App,Booking Change,Corporate,Makassar,A13,7.5,Open,
103241,2026-04-27,App,Booking Change,Business,Bali,A12,5.1,Resolved,4
103242,2026-04-27,Email,Refund Request,Corporate,Bali,A05,37.9,Resolved,3
103243,2026-04-27,WhatsApp,Booking Change,Business,Medan,A13,5.0,Resolved,5
103244,2026-04-27,Web,Refund Request,Business,Surabaya,A10,34.9,Resolved,3
103245,2026-04-27,App,Refund Request,Business,Surabaya,A06,12.7,Resolved,5
103246,2026-04-27,WhatsApp,Booking Change,Leisure,Surabaya,A07,1.8,Resolved,3
103247,2026-04-27,Web,Cancellation,Leisure,Medan,A02,0.5,Resolved,4
103248,2026-04-27,Email,Booking Change,Leisure,Medan,A09,6.5,Resolved,5
103249,2026-04-27,Web,Booking Change,Business,Makassar,A15,3.3,Resolved,2
103250,2026-04-28,App,Refund Request,Business,Bali,A04,39.1,Resolved,5
103251,2026-04-28,WhatsApp,Booking Change,Leisure,Bali,A13,8.1,Resolved,5
103252,2026-04-28,WhatsApp,Booking Change,Leisure,Jakarta,A04,5.1,Resolved,5
103253,2026-04-28,Email,Baggage Issue,First-time,Makassar,A02,17.6,Resolved,5
103254,2026-04-28,App,Baggage Issue,Corporate,Medan,A07,17.7,Resolved,2
103255,2026-04-28,App,Refund Request,Corporate,Medan,A09,29.3,Resolved,5
103256,2026-04-28,App,Flight Delay,Business,Surabaya,A05,7.5,Resolved,5
103257,2026-04-28,Web,Complaint,Business,Surabaya,A02,37.5,Resolved,1
103258,2026-04-28,Call Center,Flight Delay,Leisure,Bali,A07,10.4,Resolved,3
103259,2026-04-28,App,Complaint,First-time,Jakarta,A10,19.4,Resolved,4
103260,2026-04-28,Email,Loyalty/Account,Leisure,Medan,A07,6.6,Resolved,1
103261,2026-04-28,Email,Refund Request,Corporate,Surabaya,A11,39.9,Resolved,1
103262,2026-04-28,Email,Booking Change,Leisure,Bali,A09,4.5,Open,
103263,2026-04-28,Web,Baggage Issue,Leisure,Surabaya,A04,21.2,Resolved,4
103264,2026-04-28,Email,Loyalty/Account,Leisure,Medan,A11,4.3,Resolved,5
103265,2026-04-28,App,Booking Change,Business,Medan,A09,5.1,Resolved,5
103266,2026-04-28,Call Center,Baggage Issue,Corporate,Makassar,A07,21.3,Resolved,4
103267,2026-04-28,Call Center,Booking Change,Business,Makassar,A04,6.6,Resolved,4
103268,2026-04-28,WhatsApp,Refund Request,Business,Makassar,A10,30.4,Resolved,5
103269,2026-04-28,Web,Refund Request,Leisure,Surabaya,A05,15.0,Resolved,3
103270,2026-04-28,Email,Refund Request,Business,Surabaya,A13,36.2,Resolved,3
103271,2026-04-28,Email,Booking Change,Business,Medan,A06,1.5,Resolved,5
103272,2026-04-29,Call Center,Booking Change,Leisure,Jakarta,A11,3.9,Resolved,3
103273,2026-04-29,Email,Complaint,Business,Medan,A05,28.2,Resolved,5
103274,2026-04-29,Email,Loyalty/Account,Leisure,Surabaya,A03,5.6,Resolved,5
103275,2026-04-29,Call Center,Refund Request,Business,Medan,A11,8.4,Resolved,5
103276,2026-04-29,Call Center,Flight Delay,First-time,Makassar,A10,18.9,Resolved,5
103277,2026-04-29,App,Complaint,Corporate,Bali,A01,19.3,Resolved,1
103278,2026-04-29,Email,Baggage Issue,First-time,Bali,A09,27.5,Resolved,1
103279,2026-04-29,Web,Booking Change,Leisure,Medan,A13,3.6,Resolved,5
103280,2026-04-29,WhatsApp,Refund Request,Corporate,Jakarta,A08,34.1,Resolved,5
103281,2026-04-29,App,Cancellation,Corporate,Surabaya,A03,7.0,Resolved,4
103282,2026-04-29,Web,Loyalty/Account,Business,Surabaya,A05,3.4,Resolved,5
103283,2026-04-29,Call Center,Loyalty/Account,Leisure,Bali,A08,3.7,Resolved,5
103284,2026-04-29,Email,Complaint,Corporate,Jakarta,A01,13.4,Resolved,4
103285,2026-04-29,Email,Flight Delay,Leisure,Bali,A09,7.1,Resolved,5
103286,2026-04-29,App,Refund Request,First-time,Surabaya,A15,3.6,Resolved,5
103287,2026-04-29,Email,Refund Request,First-time,Medan,A13,29.8,Resolved,4
103288,2026-04-29,App,Baggage Issue,First-time,Surabaya,A02,16.9,Resolved,5
103289,2026-04-29,App,Complaint,Business,Jakarta,A15,35.0,Resolved,1
103290,2026-04-29,Web,Booking Change,Corporate,Makassar,A04,3.7,Resolved,5
103291,2026-04-29,WhatsApp,Complaint,First-time,Jakarta,A03,37.6,Resolved,3
103292,2026-04-29,Email,Cancellation,Leisure,Surabaya,A01,7.7,Resolved,4
103293,2026-04-29,WhatsApp,Refund Request,Corporate,Medan,A03,64.5,Resolved,4
103294,2026-04-29,Web,Cancellation,Leisure,Jakarta,A03,11.7,Resolved,5
103295,2026-04-29,App,Complaint,Business,Bali,A14,12.5,Open,
103296,2026-04-29,Email,Booking Change,Corporate,Bali,A02,1.9,Resolved,4
103297,2026-04-29,App,Flight Delay,Leisure,Makassar,A04,19.5,Resolved,1
103298,2026-04-29,App,Cancellation,Corporate,Bali,A01,8.1,Resolved,5
103299,2026-04-29,WhatsApp,Booking Change,First-time,Medan,A06,7.5,Resolved,4
103300,2026-04-29,Web,Baggage Issue,Corporate,Makassar,A08,20.3,Resolved,5
103301,2026-04-29,WhatsApp,Flight Delay,Business,Jakarta,A11,22.8,Resolved,4
103302,2026-04-30,WhatsApp,Flight Delay,First-time,Medan,A05,12.8,Open,
103303,2026-04-30,Email,Loyalty/Account,Leisure,Surabaya,A13,4.6,Resolved,4
103304,2026-04-30,App,Flight Delay,Business,Medan,A07,10.8,Resolved,5
103305,2026-04-30,Email,Loyalty/Account,First-time,Makassar,A02,5.8,Resolved,4
103306,2026-04-30,Web,Refund Request,Business,Surabaya,A07,38.0,Resolved,1
103307,2026-04-30,WhatsApp,Cancellation,Leisure,Bali,A04,7.8,Resolved,5
103308,2026-04-30,Web,Refund Request,Corporate,Medan,A09,36.5,Resolved,5
103309,2026-04-30,WhatsApp,Refund Request,Business,Makassar,A13,30.5,Resolved,5
103310,2026-04-30,Call Center,Booking Change,First-time,Medan,A09,4.6,Open,
103311,2026-04-30,Email,Cancellation,Corporate,Medan,A09,2.0,Open,
103312,2026-04-30,Web,Complaint,Business,Jakarta,A13,25.8,Resolved,5
103313,2026-04-30,Email,Loyalty/Account,First-time,Surabaya,A13,2.4,Resolved,5
103314,2026-04-30,Web,Refund Request,Corporate,Jakarta,A06,40.7,Resolved,4
103315,2026-04-30,Web,Loyalty/Account,First-time,Jakarta,A01,4.6,Resolved,1
103316,2026-04-30,App,Flight Delay,First-time,Surabaya,A11,6.9,Resolved,3
103317,2026-04-30,Email,Flight Delay,Business,Medan,A08,4.3,Resolved,5
103318,2026-04-30,Call Center,Cancellation,Corporate,Surabaya,A03,11.8,Resolved,4
103319,2026-04-30,App,Flight Delay,First-time,Surabaya,A13,11.5,Resolved,5
103320,2026-04-30,Web,Booking Change,Business,Bali,A04,5.8,Resolved,5
103321,2026-04-30,Email,Booking Change,Leisure,Bali,A14,7.5,Resolved,5
103322,2026-04-30,WhatsApp,Baggage Issue,First-time,Jakarta,A10,8.4,Resolved,5
103323,2026-04-30,Email,Refund Request,First-time,Bali,A07,31.5,Open,
103324,2026-04-30,Web,Baggage Issue,First-time,Makassar,A04,10.7,Resolved,5
103325,2026-04-30,Web,Booking Change,Corporate,Surabaya,A15,6.9,Resolved,3
103326,2026-04-30,Email,Cancellation,Corporate,Surabaya,A10,7.1,Resolved,4
103327,2026-04-30,App,Booking Change,Leisure,Makassar,A13,5.6,Resolved,5
103328,2026-05-01,Email,Cancellation,First-time,Surabaya,A01,21.5,Resolved,3
103329,2026-05-01,Call Center,Complaint,Leisure,Jakarta,A01,23.9,Resolved,3
103330,2026-05-01,App,Loyalty/Account,First-time,Jakarta,A09,3.3,Open,
103331,2026-05-01,Email,Flight Delay,Business,Bali,A15,9.3,Resolved,3
103332,2026-05-01,WhatsApp,Refund Request,Corporate,Makassar,A12,41.3,Resolved,4
103333,2026-05-01,Call Center,Booking Change,Business,Jakarta,A10,3.4,Resolved,5
103334,2026-05-01,Call Center,Loyalty/Account,First-time,Medan,A11,5.2,Resolved,1
103335,2026-05-01,Email,Booking Change,Business,Jakarta,A12,8.3,Resolved,5
103336,2026-05-01,WhatsApp,Flight Delay,Corporate,Medan,A06,17.4,Resolved,1
103337,2026-05-01,Call Center,Loyalty/Account,First-time,Surabaya,A01,4.4,Resolved,3
103338,2026-05-01,App,Booking Change,First-time,Jakarta,A05,6.2,Resolved,5
103339,2026-05-01,App,Booking Change,Leisure,Makassar,A09,6.2,Resolved,4
103340,2026-05-01,Web,Booking Change,Business,Jakarta,A04,4.1,Resolved,5
103341,2026-05-01,WhatsApp,Baggage Issue,Business,Medan,A12,19.2,Resolved,5
103342,2026-05-01,App,Booking Change,Leisure,Makassar,A09,0.9,Resolved,5
103343,2026-05-01,App,Booking Change,First-time,Makassar,A12,11.7,Resolved,2
103344,2026-05-01,Call Center,Booking Change,Business,Bali,A02,6.1,Resolved,2
103345,2026-05-01,App,Baggage Issue,Business,Makassar,A10,17.9,Resolved,5
103346,2026-05-01,Web,Flight Delay,First-time,Jakarta,A13,10.5,Resolved,5
103347,2026-05-01,App,Loyalty/Account,Leisure,Makassar,A03,6.4,Resolved,5
103348,2026-05-01,Call Center,Complaint,Corporate,Medan,A13,22.7,Resolved,5
103349,2026-05-01,App,Refund Request,Business,Jakarta,A01,48.0,Resolved,2
103350,2026-05-01,Email,Cancellation,Leisure,Makassar,A08,9.2,Resolved,4
103351,2026-05-01,App,Baggage Issue,Corporate,Surabaya,A09,14.8,Resolved,4
103352,2026-05-01,Call Center,Baggage Issue,First-time,Medan,A11,16.1,Open,
103353,2026-05-01,Email,Cancellation,First-time,Medan,A08,9.3,Resolved,5
103354,2026-05-01,Web,Loyalty/Account,Business,Medan,A07,3.3,Resolved,2
103355,2026-05-01,Email,Baggage Issue,Leisure,Jakarta,A15,19.7,Resolved,5
103356,2026-05-01,Email,Baggage Issue,Business,Medan,A07,7.8,Resolved,4
103357,2026-05-01,Email,Flight Delay,Business,Medan,A02,25.8,Resolved,4
103358,2026-05-01,Call Center,Loyalty/Account,Leisure,Medan,A10,2.5,Resolved,3
103359,2026-05-01,Call Center,Baggage Issue,Leisure,Surabaya,A06,12.1,Resolved,5
103360,2026-05-01,Call Center,Baggage Issue,First-time,Medan,A01,12.3,Resolved,5
103361,2026-05-02,App,Refund Request,Leisure,Bali,A15,47.0,Resolved,5
103362,2026-05-02,Email,Flight Delay,First-time,Bali,A09,15.3,Resolved,4
103363,2026-05-02,Call Center,Loyalty/Account,Business,Makassar,A14,1.7,Resolved,5
103364,2026-05-02,Email,Baggage Issue,Corporate,Makassar,A01,25.8,Open,
103365,2026-05-02,WhatsApp,Baggage Issue,Leisure,Jakarta,A03,17.3,Resolved,4
103366,2026-05-02,Email,Flight Delay,First-time,Bali,A01,18.4,Resolved,2
103367,2026-05-02,App,Cancellation,Business,Jakarta,A02,9.7,Resolved,5
103368,2026-05-02,Call Center,Flight Delay,Leisure,Medan,A03,9.3,Resolved,1
103369,2026-05-02,Web,Flight Delay,Corporate,Surabaya,A03,12.4,Resolved,2
103370,2026-05-02,Web,Baggage Issue,Leisure,Medan,A15,22.6,Open,
103371,2026-05-02,App,Complaint,First-time,Surabaya,A03,30.4,Resolved,3
103372,2026-05-02,Email,Flight Delay,Corporate,Makassar,A06,4.2,Resolved,3
103373,2026-05-02,Call Center,Cancellation,Corporate,Jakarta,A08,14.6,Resolved,1
103374,2026-05-02,Email,Refund Request,Corporate,Medan,A05,17.8,Open,
103375,2026-05-02,Call Center,Refund Request,First-time,Surabaya,A11,20.5,Resolved,5
103376,2026-05-02,WhatsApp,Booking Change,First-time,Medan,A09,11.4,Resolved,3
103377,2026-05-02,WhatsApp,Loyalty/Account,Business,Bali,A04,4.5,Resolved,3
103378,2026-05-02,Email,Loyalty/Account,First-time,Surabaya,A14,2.0,Resolved,5
103379,2026-05-02,Call Center,Refund Request,Corporate,Makassar,A04,43.5,Resolved,4
103380,2026-05-02,WhatsApp,Flight Delay,Leisure,Makassar,A05,19.9,Resolved,1
103381,2026-05-02,Call Center,Baggage Issue,Business,Bali,A04,26.0,Resolved,2
103382,2026-05-02,App,Complaint,Leisure,Bali,A13,12.8,Resolved,5
103383,2026-05-02,WhatsApp,Complaint,Corporate,Jakarta,A03,14.5,Resolved,3
103384,2026-05-02,Web,Booking Change,Business,Bali,A15,5.5,Resolved,4
103385,2026-05-02,Email,Booking Change,Leisure,Medan,A04,8.4,Resolved,1
103386,2026-05-02,Web,Refund Request,Corporate,Jakarta,A09,22.9,Resolved,5
103387,2026-05-02,Call Center,Booking Change,Corporate,Jakarta,A01,4.4,Resolved,5
103388,2026-05-02,App,Refund Request,Business,Makassar,A05,13.6,Resolved,5
103389,2026-05-02,Call Center,Booking Change,First-time,Makassar,A13,4.6,Resolved,5
103390,2026-05-02,App,Flight Delay,Corporate,Surabaya,A13,5.4,Resolved,3
103391,2026-05-02,WhatsApp,Booking Change,Business,Bali,A01,5.2,Resolved,5
103392,2026-05-02,WhatsApp,Flight Delay,Corporate,Surabaya,A07,21.6,Resolved,4
103393,2026-05-02,App,Booking Change,Corporate,Jakarta,A09,4.9,Resolved,4
103394,2026-05-02,App,Refund Request,Corporate,Bali,A05,36.5,Resolved,4
103395,2026-05-02,Web,Booking Change,Leisure,Makassar,A06,8.3,Resolved,5
103396,2026-05-02,Email,Complaint,Corporate,Surabaya,A12,30.1,Open,
103397,2026-05-03,WhatsApp,Flight Delay,First-time,Surabaya,A14,16.1,Resolved,5
103398,2026-05-03,Call Center,Booking Change,Business,Jakarta,A14,7.7,Resolved,1
103399,2026-05-03,Call Center,Cancellation,Business,Medan,A15,15.4,Open,
103400,2026-05-03,Email,Refund Request,Leisure,Makassar,A07,42.0,Resolved,3
103401,2026-05-03,Web,Loyalty/Account,First-time,Makassar,A02,2.6,Open,
103402,2026-05-03,Email,Complaint,Corporate,Jakarta,A12,17.8,Resolved,5
103403,2026-05-03,WhatsApp,Refund Request,Corporate,Makassar,A09,43.9,Resolved,2
103404,2026-05-03,Web,Flight Delay,Business,Jakarta,A13,19.0,Resolved,1
103405,2026-05-03,WhatsApp,Complaint,Leisure,Bali,A06,26.5,Resolved,5
103406,2026-05-03,Call Center,Booking Change,Business,Medan,A06,5.2,Open,
103407,2026-05-03,App,Baggage Issue,Business,Surabaya,A04,17.7,Resolved,5
103408,2026-05-03,Call Center,Flight Delay,Leisure,Jakarta,A05,17.4,Resolved,1
103409,2026-05-03,WhatsApp,Baggage Issue,Business,Jakarta,A14,15.2,Resolved,2
103410,2026-05-03,Web,Refund Request,Leisure,Jakarta,A11,13.3,Resolved,5
103411,2026-05-03,App,Booking Change,Leisure,Bali,A07,7.9,Resolved,1
103412,2026-05-03,App,Baggage Issue,First-time,Bali,A15,25.6,Resolved,1
103413,2026-05-03,WhatsApp,Flight Delay,First-time,Surabaya,A02,11.7,Resolved,2
103414,2026-05-03,WhatsApp,Booking Change,Leisure,Makassar,A04,2.1,Resolved,3
103415,2026-05-03,Email,Complaint,First-time,Surabaya,A07,24.8,Open,
103416,2026-05-03,App,Booking Change,First-time,Medan,A08,4.8,Resolved,5
103417,2026-05-03,Web,Baggage Issue,Leisure,Bali,A01,17.8,Open,
103418,2026-05-03,Email,Loyalty/Account,Leisure,Surabaya,A12,5.4,Resolved,5
103419,2026-05-03,Call Center,Flight Delay,Leisure,Surabaya,A11,11.1,Resolved,5
103420,2026-05-03,Web,Flight Delay,First-time,Jakarta,A11,13.3,Resolved,5
103421,2026-05-03,Email,Baggage Issue,Business,Bali,A11,14.0,Resolved,5
103422,2026-05-03,Email,Cancellation,Business,Surabaya,A09,4.4,Resolved,5
103423,2026-05-03,Web,Loyalty/Account,Business,Medan,A02,6.5,Resolved,5
103424,2026-05-03,Call Center,Refund Request,Leisure,Makassar,A03,36.0,Resolved,5
103425,2026-05-03,Web,Flight Delay,Business,Bali,A03,17.9,Resolved,1
103426,2026-05-03,App,Loyalty/Account,First-time,Makassar,A12,4.4,Resolved,5
103427,2026-05-03,WhatsApp,Flight Delay,Leisure,Surabaya,A10,8.8,Resolved,4
103428,2026-05-03,App,Loyalty/Account,First-time,Makassar,A08,1.8,Resolved,5
103429,2026-05-03,Email,Refund Request,First-time,Medan,A03,32.5,Resolved,5
103430,2026-05-03,App,Cancellation,Leisure,Medan,A08,10.2,Resolved,5
103431,2026-05-03,WhatsApp,Baggage Issue,Leisure,Makassar,A06,22.0,Open,
103432,2026-05-03,App,Refund Request,Leisure,Makassar,A10,35.1,Resolved,3
103433,2026-05-03,WhatsApp,Refund Request,Corporate,Medan,A08,37.6,Resolved,1
103434,2026-05-03,Email,Baggage Issue,First-time,Medan,A02,23.6,Resolved,4
103435,2026-05-03,WhatsApp,Cancellation,Leisure,Makassar,A07,10.0,Resolved,5
103436,2026-05-03,Email,Booking Change,First-time,Medan,A09,1.4,Resolved,5
103437,2026-05-04,Web,Flight Delay,First-time,Jakarta,A09,15.3,Resolved,1
103438,2026-05-04,Call Center,Booking Change,Business,Surabaya,A11,3.6,Resolved,5
103439,2026-05-04,Web,Refund Request,First-time,Medan,A08,12.8,Open,
103440,2026-05-04,Email,Loyalty/Account,Leisure,Jakarta,A07,5.2,Resolved,3
103441,2026-05-04,Web,Booking Change,Leisure,Bali,A05,4.8,Resolved,5
103442,2026-05-04,Email,Flight Delay,First-time,Bali,A01,11.8,Resolved,5
103443,2026-05-04,WhatsApp,Refund Request,First-time,Makassar,A15,27.5,Resolved,4
103444,2026-05-04,Call Center,Loyalty/Account,Leisure,Jakarta,A09,4.0,Resolved,3
103445,2026-05-04,Web,Loyalty/Account,Business,Medan,A12,5.5,Resolved,5
103446,2026-05-04,Email,Loyalty/Account,Leisure,Surabaya,A15,1.7,Open,
103447,2026-05-04,App,Refund Request,Business,Bali,A01,33.2,Resolved,3
103448,2026-05-04,Email,Baggage Issue,Leisure,Makassar,A03,16.7,Resolved,5
103449,2026-05-04,App,Flight Delay,Business,Jakarta,A09,17.6,Resolved,1
103450,2026-05-04,Email,Baggage Issue,First-time,Bali,A09,25.3,Resolved,1
103451,2026-05-04,Email,Cancellation,Corporate,Makassar,A15,8.8,Resolved,5
103452,2026-05-04,Email,Booking Change,Business,Jakarta,A02,9.2,Resolved,3
103453,2026-05-04,Call Center,Flight Delay,Corporate,Medan,A09,11.5,Resolved,5
103454,2026-05-04,App,Loyalty/Account,Leisure,Medan,A08,2.0,Resolved,4
103455,2026-05-04,Web,Complaint,Corporate,Medan,A02,30.4,Resolved,3
103456,2026-05-04,Email,Loyalty/Account,Corporate,Bali,A14,4.0,Resolved,2
103457,2026-05-04,Call Center,Flight Delay,First-time,Makassar,A10,7.3,Resolved,5
103458,2026-05-04,WhatsApp,Baggage Issue,Business,Makassar,A11,22.4,Resolved,3
103459,2026-05-04,App,Refund Request,Business,Jakarta,A13,35.9,Resolved,4
103460,2026-05-04,App,Flight Delay,Business,Surabaya,A07,20.6,Resolved,1
103461,2026-05-04,App,Booking Change,Leisure,Surabaya,A08,3.8,Resolved,5
103462,2026-05-04,App,Complaint,Corporate,Makassar,A04,16.3,Resolved,5
103463,2026-05-04,WhatsApp,Refund Request,Corporate,Bali,A13,25.7,Resolved,2
103464,2026-05-05,Email,Complaint,Leisure,Surabaya,A14,29.9,Resolved,2
103465,2026-05-05,Call Center,Baggage Issue,Business,Surabaya,A13,24.4,Resolved,5
103466,2026-05-05,WhatsApp,Complaint,Business,Bali,A15,21.9,Resolved,4
103467,2026-05-05,Email,Complaint,Corporate,Medan,A15,33.6,Resolved,1
103468,2026-05-05,App,Cancellation,First-time,Jakarta,A12,18.5,Resolved,4
103469,2026-05-05,App,Baggage Issue,Corporate,Bali,A14,21.2,Resolved,5
103470,2026-05-05,WhatsApp,Refund Request,Business,Jakarta,A04,49.9,Open,
103471,2026-05-05,Email,Cancellation,First-time,Makassar,A09,8.1,Resolved,5
103472,2026-05-05,WhatsApp,Baggage Issue,Corporate,Bali,A09,12.4,Resolved,4
103473,2026-05-05,WhatsApp,Loyalty/Account,Leisure,Makassar,A10,5.7,Resolved,3
103474,2026-05-05,Email,Loyalty/Account,Corporate,Jakarta,A07,2.1,Resolved,5
103475,2026-05-05,Email,Booking Change,First-time,Surabaya,A08,9.6,Resolved,2
103476,2026-05-05,Call Center,Cancellation,Leisure,Surabaya,A03,11.1,Resolved,3
103477,2026-05-05,WhatsApp,Cancellation,Corporate,Jakarta,A09,15.6,Resolved,1
103478,2026-05-05,Web,Flight Delay,Business,Surabaya,A07,5.7,Resolved,3
103479,2026-05-05,Call Center,Booking Change,Leisure,Bali,A05,8.0,Resolved,1
103480,2026-05-05,Call Center,Booking Change,Leisure,Surabaya,A04,9.5,Resolved,1
103481,2026-05-05,Email,Booking Change,Corporate,Medan,A06,4.3,Resolved,4
103482,2026-05-05,Email,Flight Delay,Leisure,Bali,A05,1.2,Open,
103483,2026-05-05,Call Center,Complaint,Corporate,Jakarta,A08,16.0,Resolved,5
103484,2026-05-05,Call Center,Booking Change,Leisure,Bali,A14,8.7,Resolved,5
103485,2026-05-05,App,Refund Request,Leisure,Makassar,A09,36.3,Resolved,3
103486,2026-05-05,Web,Complaint,Leisure,Jakarta,A06,20.7,Resolved,4
103487,2026-05-05,Web,Booking Change,Business,Jakarta,A04,2.2,Resolved,5
103488,2026-05-05,WhatsApp,Loyalty/Account,Business,Surabaya,A06,4.3,Resolved,4
103489,2026-05-05,App,Booking Change,Corporate,Jakarta,A11,7.8,Resolved,3
103490,2026-05-05,Web,Complaint,Business,Bali,A05,9.0,Resolved,4
103491,2026-05-05,Web,Refund Request,First-time,Medan,A09,29.7,Resolved,2
103492,2026-05-05,Call Center,Baggage Issue,Business,Surabaya,A04,12.3,Resolved,5
103493,2026-05-05,WhatsApp,Loyalty/Account,First-time,Medan,A05,3.8,Resolved,5
103494,2026-05-05,WhatsApp,Refund Request,Corporate,Surabaya,A03,15.8,Resolved,5
103495,2026-05-05,App,Booking Change,Corporate,Bali,A08,5.7,Resolved,4
103496,2026-05-05,Call Center,Refund Request,Corporate,Makassar,A15,40.9,Resolved,4
103497,2026-05-05,WhatsApp,Baggage Issue,Leisure,Surabaya,A07,21.4,Resolved,5
103498,2026-05-05,Email,Booking Change,Leisure,Medan,A06,2.9,Open,
103499,2026-05-06,App,Booking Change,Business,Jakarta,A13,3.3,Resolved,5
103500,2026-05-06,Call Center,Loyalty/Account,Business,Bali,A12,2.8,Resolved,4
103501,2026-05-06,Email,Baggage Issue,First-time,Medan,A10,8.8,Resolved,5
103502,2026-05-06,WhatsApp,Booking Change,Leisure,Medan,A01,5.2,Resolved,5
103503,2026-05-06,App,Flight Delay,Leisure,Jakarta,A13,13.3,Resolved,1
103504,2026-05-06,Call Center,Loyalty/Account,First-time,Jakarta,A07,5.9,Resolved,4
103505,2026-05-06,Call Center,Flight Delay,Corporate,Jakarta,A02,6.5,Resolved,4
103506,2026-05-06,WhatsApp,Refund Request,Corporate,Bali,A15,26.2,Resolved,5
103507,2026-05-06,WhatsApp,Refund Request,Business,Bali,A15,21.8,Resolved,5
103508,2026-05-06,App,Loyalty/Account,Corporate,Bali,A11,2.7,Resolved,5
103509,2026-05-06,Call Center,Complaint,Business,Medan,A05,41.2,Resolved,4
103510,2026-05-06,Email,Booking Change,First-time,Jakarta,A14,7.3,Resolved,4
103511,2026-05-06,Call Center,Loyalty/Account,First-time,Jakarta,A01,4.8,Resolved,3
103512,2026-05-06,Email,Refund Request,Corporate,Medan,A12,21.1,Resolved,5
103513,2026-05-06,Web,Complaint,Leisure,Medan,A09,16.4,Resolved,5
103514,2026-05-06,Web,Flight Delay,Leisure,Medan,A06,7.0,Resolved,5
103515,2026-05-06,App,Cancellation,Leisure,Jakarta,A14,10.4,Resolved,4
103516,2026-05-06,Call Center,Booking Change,Business,Jakarta,A11,3.4,Resolved,3
103517,2026-05-06,Call Center,Booking Change,First-time,Medan,A09,4.1,Resolved,5
103518,2026-05-06,Email,Flight Delay,Leisure,Surabaya,A04,15.8,Resolved,3
103519,2026-05-06,WhatsApp,Booking Change,Corporate,Medan,A13,2.7,Resolved,5
103520,2026-05-06,Web,Flight Delay,Business,Surabaya,A06,7.4,Resolved,5
103521,2026-05-06,Web,Flight Delay,Leisure,Medan,A14,15.7,Resolved,5
103522,2026-05-06,Email,Flight Delay,First-time,Surabaya,A15,15.7,Resolved,5
103523,2026-05-06,WhatsApp,Refund Request,Corporate,Jakarta,A10,42.4,Resolved,4
103524,2026-05-06,WhatsApp,Flight Delay,First-time,Bali,A05,8.5,Resolved,4
103525,2026-05-06,WhatsApp,Loyalty/Account,Corporate,Surabaya,A06,5.0,Resolved,5
103526,2026-05-06,Email,Complaint,Leisure,Surabaya,A07,15.5,Resolved,5
103527,2026-05-06,App,Refund Request,Corporate,Surabaya,A14,16.6,Resolved,5
103528,2026-05-07,Call Center,Booking Change,Leisure,Jakarta,A13,6.3,Resolved,5
103529,2026-05-07,WhatsApp,Cancellation,Leisure,Makassar,A01,11.4,Open,
103530,2026-05-07,Call Center,Complaint,Leisure,Medan,A07,10.6,Resolved,5
103531,2026-05-07,Call Center,Refund Request,Corporate,Bali,A04,0.5,Resolved,5
103532,2026-05-07,Web,Refund Request,Corporate,Surabaya,A14,25.2,Resolved,1
103533,2026-05-07,App,Flight Delay,Leisure,Jakarta,A05,2.8,Resolved,5
103534,2026-05-07,WhatsApp,Booking Change,Business,Bali,A13,7.0,Resolved,2
103535,2026-05-07,App,Booking Change,First-time,Bali,A02,2.5,Resolved,5
103536,2026-05-07,Email,Loyalty/Account,Corporate,Medan,A02,3.3,Resolved,5
103537,2026-05-07,Email,Flight Delay,Leisure,Makassar,A09,11.9,Resolved,3
103538,2026-05-07,Web,Flight Delay,First-time,Makassar,A12,12.0,Resolved,3
103539,2026-05-07,Call Center,Cancellation,Corporate,Medan,A10,9.4,Resolved,5
103540,2026-05-07,App,Cancellation,Business,Surabaya,A12,9.6,Resolved,3
103541,2026-05-07,Call Center,Flight Delay,Corporate,Jakarta,A05,15.8,Resolved,4
103542,2026-05-07,App,Loyalty/Account,Leisure,Bali,A06,1.9,Resolved,3
103543,2026-05-07,Call Center,Flight Delay,First-time,Jakarta,A08,8.6,Resolved,4
103544,2026-05-07,Call Center,Booking Change,First-time,Makassar,A03,10.5,Resolved,4
103545,2026-05-07,Web,Refund Request,Business,Jakarta,A06,22.3,Open,
103546,2026-05-07,WhatsApp,Loyalty/Account,Business,Surabaya,A08,3.2,Resolved,3
103547,2026-05-07,Call Center,Loyalty/Account,First-time,Medan,A15,5.3,Resolved,5
103548,2026-05-07,WhatsApp,Loyalty/Account,Corporate,Jakarta,A11,2.6,Resolved,5
103549,2026-05-07,Email,Flight Delay,Business,Bali,A13,8.3,Resolved,2
103550,2026-05-07,App,Loyalty/Account,Corporate,Surabaya,A08,6.7,Resolved,4
103551,2026-05-07,WhatsApp,Complaint,Leisure,Makassar,A05,20.0,Resolved,2
103552,2026-05-07,Call Center,Loyalty/Account,First-time,Bali,A13,1.7,Resolved,3
103553,2026-05-07,Call Center,Complaint,First-time,Medan,A13,19.2,Resolved,2
103554,2026-05-07,WhatsApp,Baggage Issue,Corporate,Makassar,A02,14.6,Resolved,4
103555,2026-05-08,App,Cancellation,Business,Makassar,A14,9.8,Resolved,3
103556,2026-05-08,Web,Loyalty/Account,Business,Bali,A02,5.6,Resolved,1
103557,2026-05-08,WhatsApp,Baggage Issue,Business,Jakarta,A12,21.9,Resolved,5
103558,2026-05-08,App,Loyalty/Account,Corporate,Jakarta,A05,3.5,Resolved,5
103559,2026-05-08,Call Center,Refund Request,Corporate,Bali,A04,47.2,Resolved,5
103560,2026-05-08,App,Booking Change,Corporate,Bali,A08,1.2,Resolved,5
103561,2026-05-08,Email,Cancellation,Leisure,Makassar,A06,7.4,Resolved,5
103562,2026-05-08,Call Center,Flight Delay,First-time,Surabaya,A06,9.3,Resolved,5
103563,2026-05-08,WhatsApp,Complaint,Business,Makassar,A02,38.3,Resolved,2
103564,2026-05-08,Call Center,Refund Request,Leisure,Medan,A11,52.0,Resolved,2
103565,2026-05-08,Email,Cancellation,Leisure,Jakarta,A02,15.8,Resolved,4
103566,2026-05-08,WhatsApp,Baggage Issue,Leisure,Jakarta,A11,12.1,Resolved,4
103567,2026-05-08,WhatsApp,Booking Change,Leisure,Medan,A03,3.5,Resolved,4
103568,2026-05-08,Email,Baggage Issue,First-time,Bali,A03,22.2,Resolved,5
103569,2026-05-08,App,Baggage Issue,First-time,Surabaya,A09,20.0,Resolved,1
103570,2026-05-08,Call Center,Booking Change,Leisure,Jakarta,A10,7.8,Resolved,3
103571,2026-05-08,Web,Baggage Issue,Corporate,Medan,A13,24.8,Open,
103572,2026-05-08,App,Booking Change,Business,Jakarta,A11,8.5,Resolved,1
103573,2026-05-08,Email,Refund Request,Corporate,Makassar,A12,45.0,Resolved,1
103574,2026-05-08,Call Center,Booking Change,Corporate,Jakarta,A06,9.1,Resolved,1
103575,2026-05-08,WhatsApp,Booking Change,Leisure,Surabaya,A07,8.3,Resolved,5
103576,2026-05-08,App,Complaint,Business,Bali,A07,24.9,Resolved,2
103577,2026-05-08,Email,Loyalty/Account,Corporate,Medan,A12,8.1,Open,
103578,2026-05-08,WhatsApp,Baggage Issue,Corporate,Jakarta,A12,15.6,Resolved,5
103579,2026-05-08,App,Refund Request,Corporate,Surabaya,A02,38.7,Resolved,4
103580,2026-05-08,WhatsApp,Booking Change,First-time,Makassar,A15,4.7,Resolved,4
103581,2026-05-08,WhatsApp,Refund Request,First-time,Makassar,A14,30.6,Resolved,5
103582,2026-05-08,App,Baggage Issue,Business,Makassar,A15,22.9,Resolved,5
103583,2026-05-09,Call Center,Complaint,First-time,Jakarta,A08,27.8,Resolved,1
103584,2026-05-09,WhatsApp,Booking Change,Leisure,Surabaya,A01,4.3,Resolved,5
103585,2026-05-09,WhatsApp,Cancellation,Corporate,Makassar,A13,13.5,Resolved,5
103586,2026-05-09,App,Cancellation,Corporate,Bali,A10,9.8,Resolved,5
103587,2026-05-09,Web,Flight Delay,Leisure,Bali,A05,6.3,Resolved,3
103588,2026-05-09,Web,Loyalty/Account,First-time,Medan,A11,4.7,Open,
103589,2026-05-09,Email,Baggage Issue,Business,Surabaya,A08,27.2,Resolved,1
103590,2026-05-09,Email,Flight Delay,First-time,Bali,A12,12.3,Resolved,4
103591,2026-05-09,WhatsApp,Booking Change,Business,Surabaya,A15,7.5,Open,
103592,2026-05-09,Web,Cancellation,Business,Surabaya,A06,14.3,Resolved,4
103593,2026-05-09,WhatsApp,Flight Delay,Corporate,Medan,A12,8.6,Resolved,2
103594,2026-05-09,Email,Baggage Issue,Leisure,Makassar,A05,34.4,Resolved,2
103595,2026-05-09,WhatsApp,Flight Delay,Corporate,Bali,A06,14.7,Resolved,5
103596,2026-05-09,Call Center,Baggage Issue,Leisure,Medan,A15,10.9,Resolved,4
103597,2026-05-09,WhatsApp,Refund Request,Business,Makassar,A08,27.1,Resolved,5
103598,2026-05-09,Email,Cancellation,Corporate,Makassar,A11,16.2,Resolved,1
103599,2026-05-09,App,Flight Delay,Corporate,Jakarta,A13,7.9,Resolved,5
103600,2026-05-09,App,Baggage Issue,Corporate,Bali,A13,12.4,Resolved,4
103601,2026-05-09,Email,Refund Request,Leisure,Makassar,A08,17.6,Resolved,5
103602,2026-05-09,WhatsApp,Complaint,Business,Bali,A14,22.1,Resolved,2
103603,2026-05-09,App,Refund Request,Business,Jakarta,A13,28.7,Resolved,5
103604,2026-05-09,WhatsApp,Loyalty/Account,Business,Surabaya,A05,1.9,Resolved,4
103605,2026-05-09,Email,Booking Change,Business,Medan,A07,3.1,Resolved,5
103606,2026-05-09,WhatsApp,Baggage Issue,Leisure,Jakarta,A01,14.9,Resolved,3
103607,2026-05-09,App,Booking Change,Corporate,Makassar,A02,7.1,Resolved,2
103608,2026-05-09,Email,Refund Request,First-time,Medan,A02,20.8,Resolved,5
103609,2026-05-09,Web,Refund Request,Leisure,Bali,A10,36.8,Resolved,4
103610,2026-05-09,Email,Complaint,First-time,Surabaya,A03,31.9,Open,
103611,2026-05-09,Call Center,Refund Request,Business,Medan,A10,24.9,Resolved,4
103612,2026-05-09,Email,Complaint,Corporate,Medan,A12,22.0,Resolved,4
103613,2026-05-09,Web,Complaint,Corporate,Jakarta,A02,41.0,Resolved,1
103614,2026-05-09,Web,Complaint,Business,Makassar,A14,7.9,Open,
103615,2026-05-09,WhatsApp,Flight Delay,Corporate,Bali,A03,14.4,Resolved,5
103616,2026-05-09,Email,Loyalty/Account,Corporate,Medan,A11,4.5,Resolved,5
103617,2026-05-09,WhatsApp,Refund Request,First-time,Makassar,A13,41.2,Resolved,5
103618,2026-05-09,WhatsApp,Complaint,Leisure,Makassar,A02,8.3,Resolved,5
103619,2026-05-09,App,Booking Change,Corporate,Bali,A13,4.5,Resolved,4
103620,2026-05-09,WhatsApp,Flight Delay,Corporate,Makassar,A03,19.8,Resolved,1
103621,2026-05-09,Email,Refund Request,Corporate,Makassar,A05,18.1,Resolved,5
103622,2026-05-10,Call Center,Flight Delay,Corporate,Bali,A12,13.9,Resolved,3
103623,2026-05-10,Email,Cancellation,Corporate,Surabaya,A09,5.4,Resolved,5
103624,2026-05-10,WhatsApp,Baggage Issue,Business,Jakarta,A05,19.5,Resolved,2
103625,2026-05-10,Call Center,Booking Change,First-time,Surabaya,A14,7.3,Resolved,4
103626,2026-05-10,App,Loyalty/Account,Leisure,Jakarta,A06,4.7,Resolved,4
103627,2026-05-10,Call Center,Complaint,Corporate,Makassar,A04,14.8,Resolved,4
103628,2026-05-10,Call Center,Flight Delay,Business,Bali,A08,4.4,Resolved,5
103629,2026-05-10,Call Center,Refund Request,Business,Bali,A11,46.6,Resolved,4
103630,2026-05-10,Web,Refund Request,Corporate,Medan,A10,26.4,Resolved,5
103631,2026-05-10,Call Center,Complaint,Corporate,Bali,A09,40.5,Resolved,1
103632,2026-05-10,Call Center,Complaint,First-time,Makassar,A14,25.8,Resolved,1
103633,2026-05-10,App,Booking Change,First-time,Medan,A03,7.2,Resolved,5
103634,2026-05-10,Web,Baggage Issue,Business,Medan,A04,2.6,Resolved,5
103635,2026-05-10,App,Complaint,Corporate,Medan,A05,28.4,Resolved,4
103636,2026-05-10,Email,Loyalty/Account,Leisure,Bali,A11,4.1,Resolved,3
103637,2026-05-10,App,Complaint,Business,Bali,A09,19.1,Resolved,5
103638,2026-05-10,Call Center,Cancellation,First-time,Bali,A12,12.8,Resolved,5
103639,2026-05-10,Email,Flight Delay,Business,Makassar,A02,17.3,Resolved,5
103640,2026-05-10,App,Complaint,Leisure,Medan,A07,25.3,Resolved,2
103641,2026-05-10,WhatsApp,Refund Request,Leisure,Medan,A07,27.7,Resolved,5
103642,2026-05-10,Call Center,Booking Change,Business,Jakarta,A10,4.6,Resolved,5
103643,2026-05-10,Email,Flight Delay,First-time,Medan,A11,12.0,Resolved,4
103644,2026-05-10,WhatsApp,Refund Request,Corporate,Makassar,A07,72.7,Open,
103645,2026-05-10,WhatsApp,Booking Change,Business,Surabaya,A09,6.9,Resolved,5
103646,2026-05-10,WhatsApp,Refund Request,Leisure,Surabaya,A01,50.3,Resolved,5
103647,2026-05-10,Email,Baggage Issue,Corporate,Surabaya,A11,14.4,Resolved,3
103648,2026-05-10,WhatsApp,Loyalty/Account,Corporate,Medan,A07,6.1,Resolved,1
103649,2026-05-10,App,Booking Change,Corporate,Makassar,A04,4.6,Resolved,5
103650,2026-05-11,Email,Loyalty/Account,Business,Bali,A14,1.0,Resolved,4
103651,2026-05-11,Web,Refund Request,Leisure,Makassar,A14,13.9,Resolved,5
103652,2026-05-11,Web,Cancellation,Corporate,Jakarta,A15,18.1,Resolved,1
103653,2026-05-11,Web,Refund Request,Leisure,Jakarta,A11,35.5,Resolved,5
103654,2026-05-11,Web,Baggage Issue,Business,Bali,A13,21.4,Resolved,1
103655,2026-05-11,WhatsApp,Baggage Issue,Business,Bali,A14,11.2,Resolved,5
103656,2026-05-11,Call Center,Refund Request,Corporate,Medan,A12,60.9,Resolved,3
103657,2026-05-11,App,Complaint,Corporate,Bali,A02,7.0,Resolved,5
103658,2026-05-11,Web,Cancellation,Corporate,Jakarta,A07,9.1,Resolved,5
103659,2026-05-11,App,Loyalty/Account,Corporate,Surabaya,A04,1.8,Resolved,4
103660,2026-05-11,Call Center,Booking Change,First-time,Makassar,A13,4.9,Resolved,3
103661,2026-05-11,Call Center,Refund Request,First-time,Jakarta,A07,26.5,Resolved,5
103662,2026-05-11,Call Center,Flight Delay,Business,Surabaya,A05,9.5,Resolved,2
103663,2026-05-11,WhatsApp,Booking Change,First-time,Surabaya,A04,6.3,Open,
103664,2026-05-11,Email,Flight Delay,First-time,Bali,A15,11.6,Resolved,3
103665,2026-05-11,Email,Booking Change,First-time,Medan,A02,7.7,Resolved,5
103666,2026-05-11,Email,Baggage Issue,Leisure,Medan,A11,17.1,Resolved,2
103667,2026-05-11,Email,Baggage Issue,Business,Jakarta,A03,26.7,Resolved,4
103668,2026-05-11,WhatsApp,Booking Change,Corporate,Jakarta,A07,6.8,Resolved,5
103669,2026-05-11,Call Center,Refund Request,Business,Medan,A11,24.3,Resolved,5
103670,2026-05-11,App,Booking Change,Leisure,Medan,A06,8.1,Resolved,2
103671,2026-05-11,Call Center,Refund Request,Leisure,Medan,A13,30.9,Resolved,3
103672,2026-05-12,Web,Baggage Issue,Business,Bali,A06,16.2,Resolved,1
103673,2026-05-12,App,Cancellation,First-time,Jakarta,A09,17.2,Resolved,5
103674,2026-05-12,Email,Refund Request,Business,Makassar,A08,40.1,Resolved,4
103675,2026-05-12,App,Booking Change,Corporate,Surabaya,A10,6.0,Resolved,3
103676,2026-05-12,App,Refund Request,Business,Medan,A03,55.8,Resolved,3
103677,2026-05-12,WhatsApp,Cancellation,Leisure,Makassar,A08,7.8,Open,
103678,2026-05-12,Call Center,Complaint,Business,Surabaya,A09,29.7,Resolved,4
103679,2026-05-12,Email,Refund Request,Leisure,Jakarta,A06,6.3,Resolved,5
103680,2026-05-12,WhatsApp,Refund Request,Corporate,Medan,A04,37.9,Resolved,2
103681,2026-05-12,Call Center,Booking Change,Business,Jakarta,A01,9.4,Resolved,3
103682,2026-05-12,WhatsApp,Booking Change,Corporate,Bali,A11,3.8,Resolved,5
103683,2026-05-12,WhatsApp,Baggage Issue,Business,Bali,A08,31.4,Resolved,3
103684,2026-05-12,Email,Booking Change,Leisure,Bali,A09,9.2,Resolved,5
103685,2026-05-12,Call Center,Baggage Issue,Leisure,Surabaya,A15,24.4,Resolved,1
103686,2026-05-12,WhatsApp,Refund Request,Business,Makassar,A06,25.2,Resolved,5
103687,2026-05-12,Email,Flight Delay,Leisure,Makassar,A13,14.6,Resolved,4
103688,2026-05-12,Web,Booking Change,First-time,Bali,A05,3.7,Resolved,2
103689,2026-05-12,App,Complaint,First-time,Surabaya,A11,25.3,Open,
103690,2026-05-12,Email,Refund Request,Corporate,Makassar,A12,9.8,Resolved,4
103691,2026-05-12,Call Center,Refund Request,First-time,Bali,A02,31.9,Resolved,4
103692,2026-05-12,Web,Booking Change,Corporate,Medan,A14,4.0,Resolved,5
103693,2026-05-12,Call Center,Refund Request,Leisure,Bali,A03,16.8,Resolved,5
103694,2026-05-12,Email,Loyalty/Account,Corporate,Medan,A14,4.2,Resolved,5
103695,2026-05-12,Call Center,Flight Delay,First-time,Medan,A15,8.2,Resolved,5
103696,2026-05-12,Web,Flight Delay,First-time,Surabaya,A07,13.2,Resolved,5
103697,2026-05-12,Web,Flight Delay,Corporate,Jakarta,A10,17.7,Resolved,4
103698,2026-05-12,Email,Complaint,First-time,Jakarta,A07,24.7,Resolved,3
103699,2026-05-12,Web,Booking Change,First-time,Jakarta,A09,7.7,Resolved,5
103700,2026-05-12,Email,Cancellation,First-time,Medan,A08,13.0,Resolved,4
103701,2026-05-13,Email,Baggage Issue,First-time,Surabaya,A04,8.4,Resolved,4
103702,2026-05-13,App,Loyalty/Account,Leisure,Jakarta,A08,4.0,Resolved,1
103703,2026-05-13,Web,Booking Change,First-time,Surabaya,A11,6.7,Resolved,3
103704,2026-05-13,Web,Booking Change,Business,Surabaya,A04,3.6,Resolved,4
103705,2026-05-13,WhatsApp,Booking Change,Business,Surabaya,A10,7.7,Resolved,2
103706,2026-05-13,WhatsApp,Complaint,Leisure,Medan,A05,20.8,Resolved,4
103707,2026-05-13,Web,Booking Change,Corporate,Surabaya,A06,1.4,Resolved,5
103708,2026-05-13,Call Center,Refund Request,Business,Makassar,A04,39.4,Resolved,1
103709,2026-05-13,Call Center,Booking Change,First-time,Bali,A09,8.3,Resolved,4
103710,2026-05-13,App,Loyalty/Account,Business,Jakarta,A10,2.7,Resolved,4
103711,2026-05-13,Web,Flight Delay,Leisure,Bali,A06,9.6,Resolved,3
103712,2026-05-13,Call Center,Refund Request,First-time,Medan,A03,38.4,Resolved,1
103713,2026-05-13,WhatsApp,Flight Delay,First-time,Makassar,A11,17.8,Open,
103714,2026-05-13,Web,Booking Change,Business,Makassar,A03,5.3,Resolved,2
103715,2026-05-13,WhatsApp,Loyalty/Account,Leisure,Jakarta,A12,5.7,Resolved,1
103716,2026-05-13,Email,Loyalty/Account,Business,Makassar,A10,2.8,Resolved,5
103717,2026-05-13,App,Loyalty/Account,First-time,Surabaya,A05,4.9,Resolved,2
103718,2026-05-13,WhatsApp,Booking Change,Leisure,Medan,A07,1.9,Resolved,5
103719,2026-05-13,WhatsApp,Booking Change,Business,Surabaya,A09,3.3,Open,
103720,2026-05-13,WhatsApp,Booking Change,Leisure,Surabaya,A08,5.9,Resolved,3
103721,2026-05-13,Web,Booking Change,Leisure,Surabaya,A12,4.8,Resolved,2
103722,2026-05-13,App,Refund Request,Corporate,Bali,A07,10.8,Resolved,5
103723,2026-05-13,Call Center,Booking Change,Leisure,Jakarta,A07,1.8,Resolved,4
103724,2026-05-13,Email,Cancellation,Corporate,Surabaya,A11,14.1,Resolved,4
103725,2026-05-13,Email,Refund Request,Leisure,Surabaya,A01,3.9,Resolved,5
103726,2026-05-13,App,Loyalty/Account,Business,Surabaya,A10,4.4,Resolved,4
103727,2026-05-13,Web,Flight Delay,Business,Makassar,A07,5.3,Resolved,4
103728,2026-05-13,WhatsApp,Complaint,Corporate,Medan,A03,21.0,Resolved,5
103729,2026-05-13,App,Booking Change,Corporate,Makassar,A10,5.8,Resolved,3
103730,2026-05-13,Email,Baggage Issue,First-time,Makassar,A11,17.4,Resolved,4
103731,2026-05-13,App,Refund Request,Business,Jakarta,A14,16.0,Resolved,5
103732,2026-05-13,Email,Refund Request,Business,Makassar,A14,24.2,Open,
103733,2026-05-13,WhatsApp,Refund Request,Business,Medan,A06,13.9,Resolved,5
103734,2026-05-13,App,Loyalty/Account,Corporate,Bali,A02,3.9,Resolved,5
103735,2026-05-14,WhatsApp,Baggage Issue,Leisure,Bali,A03,33.4,Resolved,1
103736,2026-05-14,Web,Flight Delay,Leisure,Bali,A05,10.3,Resolved,5
103737,2026-05-14,Email,Refund Request,First-time,Surabaya,A03,27.2,Resolved,5
103738,2026-05-14,Email,Booking Change,Corporate,Makassar,A12,6.8,Resolved,2
103739,2026-05-14,Web,Baggage Issue,First-time,Medan,A15,18.1,Resolved,5
103740,2026-05-14,Email,Loyalty/Account,Corporate,Makassar,A09,2.7,Resolved,4
103741,2026-05-14,App,Complaint,Corporate,Medan,A06,37.2,Resolved,5
103742,2026-05-14,WhatsApp,Flight Delay,Leisure,Surabaya,A15,7.4,Resolved,4
103743,2026-05-14,Web,Refund Request,Leisure,Bali,A05,6.4,Resolved,5
103744,2026-05-14,WhatsApp,Cancellation,Corporate,Jakarta,A02,11.5,Resolved,5
103745,2026-05-14,Call Center,Refund Request,First-time,Surabaya,A15,35.8,Resolved,3
103746,2026-05-14,WhatsApp,Booking Change,Corporate,Bali,A03,8.0,Resolved,5
103747,2026-05-14,WhatsApp,Complaint,Business,Jakarta,A13,44.8,Resolved,1
103748,2026-05-14,Web,Booking Change,Leisure,Bali,A08,9.1,Resolved,1
103749,2026-05-14,Web,Booking Change,First-time,Surabaya,A07,5.7,Resolved,2
103750,2026-05-14,App,Flight Delay,Leisure,Jakarta,A09,13.6,Resolved,1
103751,2026-05-14,WhatsApp,Complaint,Business,Bali,A09,31.6,Resolved,5
103752,2026-05-14,WhatsApp,Baggage Issue,Business,Bali,A07,17.5,Resolved,1
103753,2026-05-14,Call Center,Flight Delay,First-time,Jakarta,A04,12.6,Resolved,5
103754,2026-05-14,Web,Loyalty/Account,Corporate,Medan,A07,3.8,Resolved,5
103755,2026-05-14,App,Booking Change,Leisure,Makassar,A12,6.8,Resolved,4
103756,2026-05-14,Web,Booking Change,Corporate,Bali,A08,5.9,Resolved,5
103757,2026-05-14,Call Center,Cancellation,Corporate,Bali,A11,15.9,Resolved,2
103758,2026-05-14,Web,Booking Change,First-time,Makassar,A12,4.6,Resolved,5
103759,2026-05-14,WhatsApp,Flight Delay,Corporate,Bali,A04,9.0,Resolved,4
103760,2026-05-14,Web,Baggage Issue,Corporate,Bali,A12,13.7,Resolved,4
103761,2026-05-14,WhatsApp,Booking Change,Corporate,Surabaya,A08,4.4,Resolved,5
103762,2026-05-14,Web,Complaint,Leisure,Surabaya,A01,21.6,Resolved,5
103763,2026-05-14,Web,Refund Request,Business,Jakarta,A04,25.1,Resolved,5
103764,2026-05-14,WhatsApp,Flight Delay,Corporate,Jakarta,A09,13.0,Resolved,3
103765,2026-05-14,Web,Flight Delay,Leisure,Surabaya,A06,22.3,Resolved,5
103766,2026-05-15,Email,Booking Change,Leisure,Jakarta,A12,7.5,Resolved,1
103767,2026-05-15,WhatsApp,Refund Request,First-time,Jakarta,A05,17.6,Resolved,5
103768,2026-05-15,Email,Baggage Issue,Corporate,Bali,A05,9.7,Resolved,5
103769,2026-05-15,Web,Booking Change,Corporate,Jakarta,A06,6.5,Open,
103770,2026-05-15,App,Flight Delay,Leisure,Makassar,A14,20.6,Resolved,1
103771,2026-05-15,Call Center,Loyalty/Account,Corporate,Jakarta,A12,3.9,Resolved,1
103772,2026-05-15,Email,Loyalty/Account,Leisure,Makassar,A02,1.4,Resolved,5
103773,2026-05-15,App,Cancellation,Corporate,Medan,A15,13.9,Resolved,1
103774,2026-05-15,Email,Baggage Issue,Business,Bali,A04,14.8,Open,
103775,2026-05-15,Web,Complaint,Leisure,Medan,A14,32.6,Resolved,3
103776,2026-05-15,Call Center,Loyalty/Account,First-time,Surabaya,A03,2.1,Open,
103777,2026-05-15,App,Cancellation,First-time,Medan,A06,12.2,Resolved,4
103778,2026-05-15,WhatsApp,Refund Request,Corporate,Medan,A08,31.8,Resolved,5
103779,2026-05-15,App,Booking Change,Business,Medan,A15,6.6,Resolved,5
103780,2026-05-15,App,Booking Change,Corporate,Medan,A14,5.7,Open,
103781,2026-05-15,WhatsApp,Booking Change,Business,Medan,A09,4.9,Resolved,5
103782,2026-05-15,Email,Complaint,First-time,Jakarta,A04,24.0,Resolved,5
103783,2026-05-15,Call Center,Loyalty/Account,First-time,Makassar,A02,1.6,Resolved,3
103784,2026-05-15,WhatsApp,Booking Change,Corporate,Jakarta,A07,5.4,Resolved,5
103785,2026-05-15,Email,Flight Delay,Business,Medan,A03,11.3,Resolved,3
103786,2026-05-15,App,Booking Change,Leisure,Makassar,A11,5.9,Resolved,2
103787,2026-05-15,Web,Flight Delay,Business,Medan,A06,11.2,Resolved,3
103788,2026-05-15,Web,Cancellation,Leisure,Makassar,A01,10.4,Resolved,4
103789,2026-05-15,Call Center,Loyalty/Account,Corporate,Jakarta,A06,6.2,Resolved,4
103790,2026-05-15,Call Center,Booking Change,First-time,Medan,A10,5.5,Open,
103791,2026-05-15,Call Center,Flight Delay,First-time,Medan,A02,15.0,Resolved,5
103792,2026-05-15,App,Flight Delay,Corporate,Medan,A06,8.8,Resolved,3
103793,2026-05-15,Web,Complaint,Business,Bali,A15,24.0,Resolved,4
103794,2026-05-15,App,Booking Change,Business,Jakarta,A03,3.2,Resolved,3
103795,2026-05-15,Web,Refund Request,Corporate,Surabaya,A13,16.6,Resolved,5
103796,2026-05-15,WhatsApp,Booking Change,First-time,Medan,A08,6.5,Resolved,2
103797,2026-05-15,Call Center,Complaint,Leisure,Bali,A09,18.5,Resolved,5
103798,2026-05-15,Call Center,Baggage Issue,Business,Bali,A06,18.5,Resolved,3
103799,2026-05-15,App,Loyalty/Account,Corporate,Makassar,A09,6.6,Resolved,2
103800,2026-05-15,Email,Flight Delay,Business,Makassar,A07,11.7,Resolved,5
103801,2026-05-15,Email,Flight Delay,Business,Bali,A02,11.4,Resolved,3
103802,2026-05-15,App,Refund Request,Business,Jakarta,A01,31.2,Resolved,5
103803,2026-05-15,Web,Refund Request,Corporate,Makassar,A01,0.5,Resolved,5
103804,2026-05-15,Call Center,Baggage Issue,First-time,Bali,A07,19.0,Resolved,5
103805,2026-05-15,App,Baggage Issue,Business,Bali,A09,12.5,Resolved,5
103806,2026-05-15,App,Cancellation,First-time,Jakarta,A03,7.6,Resolved,5
103807,2026-05-16,Call Center,Loyalty/Account,Corporate,Jakarta,A07,3.9,Resolved,1
103808,2026-05-16,WhatsApp,Booking Change,Leisure,Bali,A10,3.4,Resolved,3
103809,2026-05-16,App,Booking Change,Business,Makassar,A06,8.2,Open,
103810,2026-05-16,Web,Flight Delay,Leisure,Surabaya,A10,14.1,Resolved,4
103811,2026-05-16,WhatsApp,Refund Request,Corporate,Medan,A01,19.8,Resolved,5
103812,2026-05-16,Call Center,Booking Change,First-time,Makassar,A14,4.8,Resolved,3
103813,2026-05-16,Web,Complaint,Corporate,Bali,A01,34.6,Resolved,3
103814,2026-05-16,App,Refund Request,First-time,Surabaya,A04,47.0,Resolved,5
103815,2026-05-16,Web,Booking Change,Corporate,Jakarta,A02,8.5,Resolved,5
103816,2026-05-16,App,Booking Change,First-time,Makassar,A15,1.9,Resolved,5
103817,2026-05-16,Email,Cancellation,First-time,Jakarta,A02,14.3,Resolved,5
103818,2026-05-16,WhatsApp,Flight Delay,Leisure,Jakarta,A13,12.8,Resolved,5
103819,2026-05-16,Web,Refund Request,First-time,Makassar,A15,25.4,Resolved,4
103820,2026-05-16,Web,Booking Change,Leisure,Jakarta,A05,8.6,Resolved,5
103821,2026-05-16,WhatsApp,Cancellation,Leisure,Jakarta,A11,10.4,Resolved,1
103822,2026-05-16,Call Center,Cancellation,Business,Surabaya,A11,10.3,Resolved,2
103823,2026-05-16,Email,Baggage Issue,Corporate,Bali,A01,10.6,Resolved,5
103824,2026-05-16,App,Booking Change,First-time,Medan,A05,6.0,Resolved,4
103825,2026-05-16,Web,Flight Delay,Leisure,Jakarta,A02,11.3,Resolved,5
103826,2026-05-16,Email,Refund Request,Business,Surabaya,A06,51.7,Resolved,3
103827,2026-05-16,Call Center,Refund Request,Leisure,Medan,A01,34.1,Resolved,5
103828,2026-05-16,WhatsApp,Baggage Issue,First-time,Jakarta,A04,32.0,Resolved,5
103829,2026-05-16,Web,Refund Request,Corporate,Jakarta,A14,8.9,Resolved,4
103830,2026-05-16,Email,Booking Change,Business,Medan,A06,1.5,Resolved,5
103831,2026-05-16,Email,Baggage Issue,Leisure,Bali,A15,23.1,Resolved,5
103832,2026-05-16,Call Center,Booking Change,First-time,Bali,A07,5.4,Resolved,5
103833,2026-05-16,Call Center,Refund Request,Leisure,Medan,A01,42.0,Resolved,4
103834,2026-05-16,WhatsApp,Baggage Issue,First-time,Makassar,A10,20.9,Resolved,5
103835,2026-05-16,Email,Booking Change,Leisure,Surabaya,A13,11.6,Resolved,3
103836,2026-05-16,Email,Flight Delay,Leisure,Medan,A13,20.9,Resolved,1
103837,2026-05-16,Web,Refund Request,Corporate,Makassar,A13,40.8,Open,
103838,2026-05-17,App,Booking Change,Leisure,Medan,A10,13.0,Resolved,3
103839,2026-05-17,WhatsApp,Booking Change,Leisure,Bali,A01,6.5,Resolved,5
103840,2026-05-17,WhatsApp,Loyalty/Account,Corporate,Bali,A07,4.6,Resolved,5
103841,2026-05-17,Email,Refund Request,Corporate,Makassar,A12,40.4,Resolved,3
103842,2026-05-17,Web,Booking Change,Leisure,Surabaya,A06,5.0,Resolved,5
103843,2026-05-17,WhatsApp,Loyalty/Account,Leisure,Bali,A12,4.6,Resolved,5
103844,2026-05-17,WhatsApp,Refund Request,First-time,Jakarta,A08,14.8,Resolved,5
103845,2026-05-17,WhatsApp,Booking Change,First-time,Surabaya,A14,5.2,Resolved,5
103846,2026-05-17,WhatsApp,Flight Delay,Business,Surabaya,A14,16.8,Resolved,4
103847,2026-05-17,Web,Complaint,Business,Makassar,A14,6.6,Resolved,5
103848,2026-05-17,Call Center,Refund Request,Leisure,Surabaya,A10,32.9,Resolved,5
103849,2026-05-17,App,Cancellation,First-time,Medan,A07,13.8,Resolved,4
103850,2026-05-17,WhatsApp,Refund Request,Corporate,Medan,A03,30.4,Resolved,3
103851,2026-05-17,Email,Refund Request,Corporate,Jakarta,A12,35.8,Resolved,1
103852,2026-05-17,Email,Cancellation,First-time,Bali,A04,5.3,Resolved,5
103853,2026-05-17,Call Center,Baggage Issue,Leisure,Jakarta,A11,28.3,Resolved,5
103854,2026-05-17,Web,Complaint,Business,Bali,A08,22.0,Resolved,1
103855,2026-05-17,WhatsApp,Cancellation,First-time,Medan,A03,8.7,Resolved,4
103856,2026-05-17,App,Refund Request,Business,Medan,A01,34.7,Open,
103857,2026-05-17,App,Booking Change,Leisure,Jakarta,A14,5.6,Resolved,4
103858,2026-05-17,WhatsApp,Booking Change,Corporate,Bali,A11,6.8,Resolved,5
103859,2026-05-17,App,Booking Change,Business,Jakarta,A11,5.8,Resolved,5
103860,2026-05-17,WhatsApp,Complaint,First-time,Makassar,A01,12.5,Resolved,4
103861,2026-05-17,Web,Loyalty/Account,First-time,Medan,A04,3.5,Resolved,4
103862,2026-05-17,Web,Flight Delay,First-time,Medan,A11,9.0,Resolved,3
103863,2026-05-17,App,Loyalty/Account,Corporate,Medan,A10,7.1,Resolved,2
103864,2026-05-17,Email,Booking Change,Business,Jakarta,A04,11.4,Resolved,2
103865,2026-05-17,Email,Loyalty/Account,Corporate,Jakarta,A07,6.1,Resolved,5
103866,2026-05-17,Call Center,Booking Change,Business,Medan,A13,7.3,Resolved,3
103867,2026-05-17,Web,Baggage Issue,First-time,Makassar,A06,26.4,Resolved,1
103868,2026-05-17,Web,Flight Delay,Leisure,Surabaya,A04,8.6,Resolved,4
103869,2026-05-17,Call Center,Cancellation,Business,Surabaya,A03,11.2,Resolved,3
103870,2026-05-17,Web,Flight Delay,First-time,Jakarta,A07,6.2,Resolved,5
103871,2026-05-17,Web,Baggage Issue,Corporate,Surabaya,A06,21.9,Resolved,5
103872,2026-05-17,Email,Cancellation,Corporate,Surabaya,A13,15.1,Resolved,3
103873,2026-05-17,Call Center,Flight Delay,Leisure,Jakarta,A13,15.3,Resolved,5
103874,2026-05-18,Email,Flight Delay,Corporate,Makassar,A08,11.4,Resolved,5
103875,2026-05-18,Web,Cancellation,Leisure,Medan,A13,5.5,Resolved,5
103876,2026-05-18,App,Refund Request,Leisure,Surabaya,A12,31.6,Resolved,1
103877,2026-05-18,App,Loyalty/Account,First-time,Surabaya,A07,5.1,Resolved,2
103878,2026-05-18,WhatsApp,Booking Change,Business,Bali,A05,9.5,Resolved,1
103879,2026-05-18,WhatsApp,Booking Change,Corporate,Bali,A10,3.5,Resolved,4
103880,2026-05-18,Call Center,Loyalty/Account,Business,Makassar,A08,3.2,Resolved,5
103881,2026-05-18,Email,Refund Request,Business,Bali,A05,28.1,Resolved,5
103882,2026-05-18,Web,Refund Request,First-time,Jakarta,A12,25.7,Resolved,5
103883,2026-05-18,App,Refund Request,First-time,Medan,A02,45.6,Resolved,1
103884,2026-05-18,WhatsApp,Booking Change,Leisure,Jakarta,A01,10.9,Resolved,1
103885,2026-05-18,Web,Booking Change,Business,Makassar,A11,5.9,Resolved,5
103886,2026-05-18,App,Loyalty/Account,Business,Jakarta,A15,6.3,Resolved,1
103887,2026-05-18,Email,Flight Delay,Leisure,Surabaya,A04,9.1,Resolved,5
103888,2026-05-18,Email,Refund Request,Business,Jakarta,A03,0.5,Open,
103889,2026-05-18,Call Center,Baggage Issue,Leisure,Makassar,A03,12.7,Resolved,5
103890,2026-05-18,Email,Cancellation,First-time,Makassar,A13,9.2,Resolved,4
103891,2026-05-18,Call Center,Refund Request,Business,Makassar,A06,21.0,Open,
103892,2026-05-18,WhatsApp,Loyalty/Account,Leisure,Jakarta,A02,6.1,Resolved,2
103893,2026-05-18,Email,Cancellation,Business,Surabaya,A15,12.9,Open,
103894,2026-05-18,Web,Flight Delay,First-time,Surabaya,A04,18.5,Resolved,5
103895,2026-05-18,Web,Baggage Issue,Business,Jakarta,A11,17.5,Resolved,5
103896,2026-05-18,WhatsApp,Loyalty/Account,Corporate,Surabaya,A02,4.9,Resolved,2
103897,2026-05-18,App,Booking Change,Leisure,Makassar,A14,3.9,Resolved,3
103898,2026-05-18,Email,Complaint,First-time,Makassar,A12,28.9,Resolved,5
103899,2026-05-18,Call Center,Booking Change,Leisure,Bali,A05,6.7,Open,
103900,2026-05-18,WhatsApp,Booking Change,First-time,Bali,A08,5.5,Open,
103901,2026-05-18,Call Center,Cancellation,Corporate,Bali,A09,13.5,Resolved,4
103902,2026-05-18,WhatsApp,Refund Request,First-time,Surabaya,A01,31.8,Resolved,5
103903,2026-05-18,App,Booking Change,Leisure,Bali,A11,2.6,Resolved,2
103904,2026-05-18,Call Center,Flight Delay,Business,Jakarta,A14,6.5,Resolved,5
103905,2026-05-18,Web,Booking Change,Business,Surabaya,A11,6.8,Open,
103906,2026-05-18,Email,Flight Delay,Business,Medan,A11,6.1,Resolved,5
103907,2026-05-18,Email,Refund Request,Leisure,Bali,A07,35.0,Resolved,5
103908,2026-05-19,App,Booking Change,Leisure,Jakarta,A15,7.9,Resolved,5
103909,2026-05-19,Email,Refund Request,First-time,Surabaya,A08,25.7,Resolved,5
103910,2026-05-19,WhatsApp,Booking Change,First-time,Bali,A10,3.1,Open,
103911,2026-05-19,WhatsApp,Refund Request,Corporate,Bali,A15,30.4,Resolved,5
103912,2026-05-19,Call Center,Complaint,First-time,Jakarta,A14,22.9,Resolved,5
103913,2026-05-19,Call Center,Loyalty/Account,Business,Bali,A12,4.3,Resolved,1
103914,2026-05-19,Email,Booking Change,Corporate,Makassar,A08,2.5,Resolved,5
103915,2026-05-19,Web,Baggage Issue,Leisure,Jakarta,A13,8.8,Resolved,5
103916,2026-05-19,Email,Refund Request,Corporate,Medan,A03,35.0,Resolved,5
103917,2026-05-19,Email,Cancellation,Leisure,Jakarta,A01,0.5,Resolved,4
103918,2026-05-19,Call Center,Baggage Issue,Leisure,Jakarta,A11,11.9,Resolved,5
103919,2026-05-19,Email,Booking Change,Business,Surabaya,A12,1.9,Resolved,3
103920,2026-05-19,App,Booking Change,First-time,Medan,A03,5.4,Resolved,4
103921,2026-05-19,Email,Loyalty/Account,Business,Jakarta,A05,3.4,Resolved,5
103922,2026-05-19,WhatsApp,Complaint,First-time,Makassar,A03,26.9,Resolved,3
103923,2026-05-19,Web,Loyalty/Account,First-time,Jakarta,A04,2.2,Resolved,5
103924,2026-05-19,Call Center,Refund Request,Business,Makassar,A12,28.2,Resolved,1
103925,2026-05-19,App,Complaint,First-time,Makassar,A09,25.1,Resolved,4
103926,2026-05-19,WhatsApp,Refund Request,Business,Jakarta,A01,20.8,Resolved,5
103927,2026-05-19,WhatsApp,Flight Delay,Corporate,Makassar,A10,18.7,Resolved,5
103928,2026-05-19,Call Center,Refund Request,First-time,Bali,A05,6.8,Resolved,3
103929,2026-05-19,Web,Flight Delay,Business,Medan,A07,5.0,Resolved,5
103930,2026-05-19,App,Cancellation,Corporate,Makassar,A12,3.0,Resolved,3
103931,2026-05-19,WhatsApp,Cancellation,Business,Bali,A11,12.4,Resolved,5
103932,2026-05-19,WhatsApp,Baggage Issue,Leisure,Medan,A12,15.6,Resolved,1
103933,2026-05-19,WhatsApp,Refund Request,Corporate,Medan,A13,33.0,Resolved,3
103934,2026-05-19,Email,Complaint,Leisure,Medan,A09,38.1,Resolved,1
103935,2026-05-19,Web,Loyalty/Account,Leisure,Medan,A01,6.3,Resolved,2
103936,2026-05-20,Web,Flight Delay,First-time,Jakarta,A06,11.8,Resolved,4
103937,2026-05-20,WhatsApp,Booking Change,Business,Medan,A03,6.9,Resolved,5
103938,2026-05-20,WhatsApp,Booking Change,Business,Medan,A10,7.3,Resolved,5
103939,2026-05-20,Web,Flight Delay,Leisure,Surabaya,A02,13.2,Resolved,3
103940,2026-05-20,Email,Refund Request,Business,Surabaya,A04,0.5,Resolved,5
103941,2026-05-20,WhatsApp,Refund Request,Leisure,Bali,A08,39.0,Open,
103942,2026-05-20,Call Center,Booking Change,Business,Surabaya,A08,8.7,Resolved,5
103943,2026-05-20,WhatsApp,Complaint,Corporate,Jakarta,A04,21.9,Resolved,5
103944,2026-05-20,App,Loyalty/Account,Business,Jakarta,A07,2.7,Resolved,5
103945,2026-05-20,Call Center,Booking Change,Corporate,Bali,A10,5.6,Resolved,3
103946,2026-05-20,App,Booking Change,Business,Makassar,A11,8.7,Resolved,2
103947,2026-05-20,Call Center,Cancellation,Leisure,Medan,A01,6.2,Resolved,5
103948,2026-05-20,Call Center,Booking Change,Business,Jakarta,A07,6.9,Resolved,5
103949,2026-05-20,Call Center,Cancellation,Business,Jakarta,A06,5.0,Resolved,5
103950,2026-05-20,Call Center,Booking Change,First-time,Surabaya,A07,9.2,Open,
103951,2026-05-20,Web,Flight Delay,Corporate,Surabaya,A11,15.2,Resolved,4
103952,2026-05-20,App,Baggage Issue,Corporate,Medan,A01,23.6,Resolved,2
103953,2026-05-20,Email,Complaint,First-time,Makassar,A12,14.5,Resolved,2
103954,2026-05-20,Web,Loyalty/Account,Leisure,Surabaya,A03,1.5,Resolved,5
103955,2026-05-20,App,Loyalty/Account,Leisure,Medan,A08,4.1,Resolved,1
103956,2026-05-20,App,Booking Change,Leisure,Bali,A03,5.3,Open,
103957,2026-05-20,Call Center,Booking Change,Business,Bali,A10,8.5,Resolved,5
103958,2026-05-20,WhatsApp,Booking Change,Business,Jakarta,A11,6.5,Resolved,5
103959,2026-05-20,App,Cancellation,Business,Makassar,A12,5.7,Resolved,4
103960,2026-05-20,Web,Booking Change,Leisure,Bali,A01,4.2,Resolved,5
103961,2026-05-20,WhatsApp,Loyalty/Account,Leisure,Jakarta,A03,5.4,Resolved,4
103962,2026-05-20,Call Center,Refund Request,First-time,Jakarta,A05,20.5,Resolved,5
103963,2026-05-20,WhatsApp,Cancellation,First-time,Surabaya,A15,12.5,Resolved,3
103964,2026-05-20,Web,Flight Delay,Leisure,Jakarta,A07,15.8,Resolved,4
103965,2026-05-20,Email,Loyalty/Account,Corporate,Medan,A06,2.6,Resolved,5
103966,2026-05-21,Email,Booking Change,First-time,Jakarta,A15,6.0,Resolved,5
103967,2026-05-21,Web,Booking Change,Corporate,Bali,A06,3.4,Resolved,5
103968,2026-05-21,Email,Flight Delay,Corporate,Jakarta,A01,13.3,Resolved,3
103969,2026-05-21,Email,Refund Request,Corporate,Medan,A08,30.6,Resolved,5
103970,2026-05-21,WhatsApp,Baggage Issue,First-time,Surabaya,A05,15.7,Resolved,5
103971,2026-05-21,Web,Complaint,Business,Makassar,A15,11.6,Resolved,4
103972,2026-05-21,App,Refund Request,First-time,Jakarta,A06,41.1,Resolved,4
103973,2026-05-21,Call Center,Baggage Issue,First-time,Jakarta,A07,17.0,Resolved,3
103974,2026-05-21,Call Center,Booking Change,First-time,Medan,A08,3.6,Resolved,5
103975,2026-05-21,Email,Refund Request,Leisure,Surabaya,A10,4.7,Resolved,5
103976,2026-05-21,Call Center,Loyalty/Account,Business,Makassar,A04,3.5,Resolved,4
103977,2026-05-21,App,Refund Request,First-time,Jakarta,A10,3.8,Resolved,5
103978,2026-05-21,App,Booking Change,First-time,Jakarta,A08,2.0,Open,
103979,2026-05-21,App,Flight Delay,First-time,Medan,A06,14.6,Resolved,2
103980,2026-05-21,Call Center,Booking Change,Corporate,Jakarta,A04,8.4,Resolved,1
103981,2026-05-21,Email,Baggage Issue,First-time,Makassar,A08,14.7,Resolved,5
103982,2026-05-21,App,Booking Change,Leisure,Jakarta,A15,2.7,Resolved,3
103983,2026-05-21,App,Booking Change,First-time,Jakarta,A08,3.9,Resolved,5
103984,2026-05-21,WhatsApp,Booking Change,Corporate,Bali,A08,5.2,Resolved,3
103985,2026-05-21,App,Baggage Issue,Business,Jakarta,A01,22.4,Resolved,4
103986,2026-05-21,Email,Loyalty/Account,First-time,Bali,A11,3.9,Resolved,4
103987,2026-05-21,Email,Loyalty/Account,Business,Makassar,A06,1.8,Resolved,5
103988,2026-05-21,Web,Complaint,Business,Bali,A07,15.0,Resolved,4
103989,2026-05-21,App,Cancellation,Corporate,Surabaya,A05,12.8,Resolved,2
103990,2026-05-21,App,Flight Delay,Leisure,Bali,A15,14.0,Resolved,5
103991,2026-05-21,Email,Flight Delay,Business,Medan,A13,12.1,Resolved,3
103992,2026-05-21,App,Flight Delay,Leisure,Medan,A14,4.1,Resolved,5
103993,2026-05-21,WhatsApp,Cancellation,First-time,Bali,A11,13.6,Resolved,2
103994,2026-05-21,Call Center,Flight Delay,Leisure,Bali,A10,13.3,Resolved,4
103995,2026-05-22,Email,Loyalty/Account,Corporate,Makassar,A03,3.9,Resolved,5
103996,2026-05-22,Web,Refund Request,First-time,Surabaya,A05,33.6,Resolved,5
103997,2026-05-22,App,Booking Change,First-time,Makassar,A02,6.9,Resolved,1
103998,2026-05-22,Call Center,Flight Delay,Leisure,Makassar,A07,10.8,Resolved,2
103999,2026-05-22,Web,Baggage Issue,Corporate,Makassar,A14,20.7,Resolved,5
104000,2026-05-22,Email,Flight Delay,Business,Jakarta,A12,15.1,Resolved,3
104001,2026-05-22,Web,Cancellation,Leisure,Jakarta,A03,7.7,Resolved,4
104002,2026-05-22,Call Center,Loyalty/Account,Business,Jakarta,A14,2.6,Resolved,5
104003,2026-05-22,App,Booking Change,First-time,Makassar,A12,1.1,Resolved,4
104004,2026-05-22,WhatsApp,Flight Delay,Corporate,Makassar,A05,4.0,Resolved,5
104005,2026-05-22,App,Refund Request,Business,Medan,A08,25.1,Resolved,1
104006,2026-05-22,Email,Complaint,Leisure,Bali,A02,2.8,Resolved,5
104007,2026-05-22,Web,Flight Delay,Corporate,Bali,A10,13.5,Resolved,1
104008,2026-05-22,WhatsApp,Flight Delay,First-time,Makassar,A09,9.4,Resolved,5
104009,2026-05-22,Call Center,Refund Request,Corporate,Makassar,A15,20.4,Resolved,5
104010,2026-05-22,Web,Booking Change,Business,Makassar,A07,6.6,Resolved,1
104011,2026-05-22,Email,Cancellation,First-time,Surabaya,A06,9.2,Resolved,5
104012,2026-05-22,WhatsApp,Refund Request,Business,Makassar,A01,26.3,Resolved,2
104013,2026-05-22,Email,Complaint,Corporate,Bali,A10,24.7,Resolved,5
104014,2026-05-22,Email,Loyalty/Account,Leisure,Bali,A09,6.5,Resolved,5
104015,2026-05-22,Email,Booking Change,Business,Jakarta,A01,4.8,Resolved,5
104016,2026-05-22,Email,Refund Request,Business,Jakarta,A01,20.9,Resolved,5
104017,2026-05-22,Web,Baggage Issue,Corporate,Surabaya,A01,19.8,Resolved,2
104018,2026-05-22,WhatsApp,Loyalty/Account,First-time,Jakarta,A07,5.7,Resolved,5
104019,2026-05-22,Web,Refund Request,Corporate,Medan,A14,50.1,Resolved,5
104020,2026-05-22,WhatsApp,Flight Delay,Leisure,Medan,A14,15.3,Resolved,1
104021,2026-05-22,Email,Flight Delay,Leisure,Medan,A02,7.8,Resolved,3
104022,2026-05-22,Web,Refund Request,First-time,Medan,A06,52.5,Resolved,1
104023,2026-05-22,WhatsApp,Refund Request,Leisure,Surabaya,A11,19.2,Resolved,5
104024,2026-05-22,WhatsApp,Baggage Issue,First-time,Medan,A01,17.1,Resolved,5
104025,2026-05-22,WhatsApp,Loyalty/Account,Corporate,Medan,A15,3.6,Resolved,4
104026,2026-05-22,App,Loyalty/Account,Corporate,Medan,A06,2.1,Resolved,5
104027,2026-05-23,WhatsApp,Refund Request,Business,Makassar,A09,38.9,Resolved,2
104028,2026-05-23,Web,Booking Change,Business,Jakarta,A14,4.0,Resolved,5
104029,2026-05-23,Email,Flight Delay,Corporate,Surabaya,A15,15.8,Resolved,4
104030,2026-05-23,Email,Flight Delay,Corporate,Surabaya,A03,8.1,Resolved,4
104031,2026-05-23,App,Loyalty/Account,Business,Surabaya,A09,5.8,Resolved,1
104032,2026-05-23,Email,Flight Delay,Leisure,Jakarta,A03,11.8,Resolved,5
104033,2026-05-23,Email,Refund Request,Corporate,Bali,A04,23.1,Resolved,4
104034,2026-05-23,App,Complaint,First-time,Medan,A01,32.5,Resolved,5
104035,2026-05-23,App,Flight Delay,First-time,Surabaya,A03,12.6,Resolved,2
104036,2026-05-23,App,Booking Change,Corporate,Medan,A05,4.3,Resolved,3
104037,2026-05-23,Call Center,Booking Change,Business,Bali,A06,5.4,Resolved,3
104038,2026-05-23,App,Cancellation,First-time,Medan,A05,14.0,Resolved,4
104039,2026-05-23,WhatsApp,Loyalty/Account,Leisure,Bali,A07,1.9,Resolved,5
104040,2026-05-23,Email,Refund Request,First-time,Bali,A10,11.8,Open,
104041,2026-05-23,Call Center,Loyalty/Account,Corporate,Makassar,A12,3.1,Resolved,5
104042,2026-05-23,Call Center,Booking Change,Leisure,Surabaya,A09,3.5,Resolved,5
104043,2026-05-23,App,Flight Delay,First-time,Jakarta,A11,17.9,Resolved,3
104044,2026-05-23,Email,Loyalty/Account,Corporate,Surabaya,A05,1.3,Open,
104045,2026-05-23,App,Flight Delay,Corporate,Surabaya,A02,17.3,Resolved,1
104046,2026-05-23,Web,Baggage Issue,Leisure,Jakarta,A12,26.3,Resolved,4
104047,2026-05-23,WhatsApp,Complaint,First-time,Surabaya,A04,24.1,Resolved,5
104048,2026-05-23,WhatsApp,Loyalty/Account,Leisure,Jakarta,A11,5.7,Open,
104049,2026-05-23,Email,Booking Change,Business,Surabaya,A05,6.8,Resolved,5
104050,2026-05-23,Web,Baggage Issue,First-time,Medan,A09,13.9,Resolved,5
104051,2026-05-23,WhatsApp,Refund Request,First-time,Bali,A07,23.8,Resolved,4
104052,2026-05-23,Call Center,Loyalty/Account,Corporate,Medan,A10,2.7,Resolved,5
104053,2026-05-23,Call Center,Loyalty/Account,Leisure,Bali,A15,2.5,Resolved,5
104054,2026-05-23,Call Center,Baggage Issue,First-time,Jakarta,A09,9.2,Resolved,3
104055,2026-05-23,Web,Complaint,Leisure,Makassar,A10,20.8,Resolved,3
104056,2026-05-23,App,Baggage Issue,Corporate,Surabaya,A08,21.5,Resolved,2
104057,2026-05-23,Email,Baggage Issue,Business,Jakarta,A11,12.3,Resolved,4
104058,2026-05-23,Call Center,Booking Change,Corporate,Medan,A12,10.5,Resolved,5
104059,2026-05-23,Email,Complaint,Leisure,Surabaya,A11,13.9,Resolved,5
104060,2026-05-23,App,Flight Delay,Business,Bali,A04,16.4,Resolved,5
104061,2026-05-23,Web,Complaint,Business,Jakarta,A12,43.7,Resolved,1
104062,2026-05-23,Web,Booking Change,Business,Medan,A05,5.8,Resolved,3
104063,2026-05-23,Web,Booking Change,Corporate,Jakarta,A13,5.1,Resolved,5
104064,2026-05-23,Email,Complaint,Business,Bali,A10,6.5,Resolved,5
104065,2026-05-23,WhatsApp,Cancellation,Corporate,Medan,A15,10.0,Resolved,5
104066,2026-05-24,App,Refund Request,First-time,Jakarta,A09,36.5,Resolved,5
104067,2026-05-24,Call Center,Loyalty/Account,Leisure,Surabaya,A12,8.3,Resolved,2
104068,2026-05-24,Web,Refund Request,Leisure,Surabaya,A10,22.4,Resolved,4
104069,2026-05-24,WhatsApp,Cancellation,First-time,Medan,A07,14.0,Resolved,5
104070,2026-05-24,Web,Cancellation,Business,Jakarta,A10,12.4,Resolved,3
104071,2026-05-24,App,Booking Change,Leisure,Surabaya,A02,4.8,Resolved,5
104072,2026-05-24,WhatsApp,Flight Delay,Leisure,Makassar,A11,21.2,Resolved,5
104073,2026-05-24,Call Center,Refund Request,First-time,Bali,A03,38.5,Resolved,3
104074,2026-05-24,Web,Baggage Issue,Business,Jakarta,A04,30.4,Resolved,1
104075,2026-05-24,Email,Cancellation,Business,Jakarta,A03,10.4,Resolved,5
104076,2026-05-24,Email,Booking Change,Corporate,Jakarta,A02,8.5,Open,
104077,2026-05-24,App,Baggage Issue,Leisure,Makassar,A15,5.8,Resolved,5
104078,2026-05-24,Web,Complaint,Leisure,Surabaya,A13,23.4,Resolved,3
104079,2026-05-24,WhatsApp,Loyalty/Account,Corporate,Bali,A06,0.5,Resolved,4
104080,2026-05-24,App,Flight Delay,First-time,Bali,A14,17.2,Resolved,4
104081,2026-05-24,Email,Cancellation,Business,Bali,A03,11.1,Resolved,5
104082,2026-05-24,WhatsApp,Refund Request,Business,Medan,A12,52.2,Resolved,1
104083,2026-05-24,Email,Complaint,Leisure,Bali,A14,47.4,Resolved,1
104084,2026-05-24,Email,Refund Request,Business,Jakarta,A07,24.6,Resolved,5
104085,2026-05-24,WhatsApp,Refund Request,Corporate,Medan,A14,36.3,Resolved,5
104086,2026-05-24,Email,Cancellation,Business,Surabaya,A01,6.6,Open,
104087,2026-05-24,App,Booking Change,Corporate,Makassar,A13,8.8,Resolved,5
104088,2026-05-24,Web,Booking Change,First-time,Surabaya,A03,6.5,Resolved,5
104089,2026-05-24,WhatsApp,Booking Change,First-time,Bali,A13,4.0,Resolved,4
104090,2026-05-24,Email,Flight Delay,Business,Surabaya,A06,12.2,Resolved,5
104091,2026-05-24,WhatsApp,Baggage Issue,Business,Surabaya,A14,30.2,Resolved,5
104092,2026-05-24,Call Center,Refund Request,Corporate,Bali,A06,13.0,Resolved,5
104093,2026-05-24,Email,Baggage Issue,Leisure,Makassar,A13,23.0,Resolved,1
104094,2026-05-24,Email,Cancellation,Business,Medan,A09,10.4,Resolved,5
104095,2026-05-24,WhatsApp,Cancellation,Business,Medan,A14,8.5,Resolved,5
104096,2026-05-24,Call Center,Refund Request,Business,Medan,A08,25.0,Resolved,5
104097,2026-05-25,Email,Loyalty/Account,Corporate,Makassar,A12,1.5,Resolved,5
104098,2026-05-25,Email,Cancellation,Business,Jakarta,A04,10.8,Resolved,5
104099,2026-05-25,Email,Loyalty/Account,First-time,Medan,A01,5.1,Resolved,4
104100,2026-05-25,App,Booking Change,Corporate,Bali,A06,7.6,Resolved,4
104101,2026-05-25,App,Cancellation,Business,Medan,A02,6.6,Resolved,5
104102,2026-05-25,App,Booking Change,Business,Medan,A02,7.2,Resolved,5
104103,2026-05-25,Call Center,Cancellation,Leisure,Bali,A06,9.2,Resolved,2
104104,2026-05-25,Web,Booking Change,First-time,Makassar,A07,4.2,Resolved,5
104105,2026-05-25,Email,Complaint,Business,Medan,A02,41.4,Resolved,1
104106,2026-05-25,Call Center,Baggage Issue,Corporate,Bali,A14,17.1,Resolved,4
104107,2026-05-25,Web,Complaint,Leisure,Jakarta,A01,26.5,Resolved,3
104108,2026-05-25,Web,Booking Change,First-time,Surabaya,A09,5.1,Resolved,4
104109,2026-05-25,Email,Loyalty/Account,Business,Jakarta,A12,4.8,Resolved,5
104110,2026-05-25,Call Center,Refund Request,Leisure,Makassar,A14,24.1,Resolved,5
104111,2026-05-25,App,Loyalty/Account,Business,Bali,A13,3.6,Resolved,2
104112,2026-05-25,Web,Refund Request,Leisure,Jakarta,A07,14.7,Resolved,4
104113,2026-05-25,Call Center,Complaint,Leisure,Surabaya,A14,16.8,Resolved,3
104114,2026-05-25,App,Loyalty/Account,First-time,Jakarta,A12,3.8,Resolved,2
104115,2026-05-25,Call Center,Loyalty/Account,Corporate,Makassar,A15,3.7,Resolved,1
104116,2026-05-25,WhatsApp,Refund Request,First-time,Medan,A06,20.1,Resolved,3
104117,2026-05-25,Email,Loyalty/Account,First-time,Bali,A03,3.0,Open,
104118,2026-05-25,Email,Booking Change,First-time,Jakarta,A04,6.2,Resolved,5
104119,2026-05-25,WhatsApp,Baggage Issue,Corporate,Bali,A03,19.1,Resolved,3
104120,2026-05-25,Call Center,Flight Delay,Business,Medan,A15,19.2,Resolved,2
104121,2026-05-25,App,Cancellation,Leisure,Jakarta,A08,15.1,Resolved,5
104122,2026-05-25,Email,Cancellation,Corporate,Bali,A07,10.4,Resolved,3
104123,2026-05-25,Call Center,Refund Request,Corporate,Makassar,A09,26.3,Resolved,5
104124,2026-05-25,Call Center,Cancellation,Business,Bali,A13,16.1,Resolved,1
104125,2026-05-25,Email,Complaint,Business,Surabaya,A03,16.0,Resolved,3
104126,2026-05-26,App,Flight Delay,Leisure,Surabaya,A15,4.2,Resolved,3
104127,2026-05-26,App,Refund Request,First-time,Medan,A14,42.6,Resolved,2
104128,2026-05-26,WhatsApp,Loyalty/Account,First-time,Jakarta,A13,5.0,Resolved,5
104129,2026-05-26,WhatsApp,Cancellation,Leisure,Medan,A02,13.1,Resolved,1
104130,2026-05-26,App,Refund Request,First-time,Jakarta,A10,38.3,Resolved,5
104131,2026-05-26,Call Center,Cancellation,First-time,Bali,A03,9.6,Resolved,5
104132,2026-05-26,Web,Cancellation,Corporate,Surabaya,A08,6.6,Resolved,4
104133,2026-05-26,App,Loyalty/Account,First-time,Medan,A01,2.0,Resolved,5
104134,2026-05-26,Web,Refund Request,Corporate,Jakarta,A02,33.0,Resolved,3
104135,2026-05-26,Web,Flight Delay,Leisure,Makassar,A13,14.8,Resolved,5
104136,2026-05-26,App,Flight Delay,First-time,Medan,A03,16.8,Resolved,4
104137,2026-05-26,Web,Cancellation,Business,Makassar,A14,0.5,Resolved,5
104138,2026-05-26,App,Flight Delay,Business,Jakarta,A14,4.8,Open,
104139,2026-05-26,WhatsApp,Cancellation,First-time,Jakarta,A14,14.3,Resolved,4
104140,2026-05-26,WhatsApp,Cancellation,First-time,Medan,A04,9.6,Resolved,5
104141,2026-05-26,WhatsApp,Complaint,Leisure,Makassar,A04,22.9,Resolved,3
104142,2026-05-26,Email,Flight Delay,Corporate,Makassar,A14,15.8,Resolved,2
104143,2026-05-26,Email,Baggage Issue,Corporate,Jakarta,A13,14.7,Resolved,5
104144,2026-05-26,Email,Flight Delay,First-time,Medan,A06,21.3,Resolved,5
104145,2026-05-26,App,Baggage Issue,Business,Makassar,A08,23.7,Resolved,5
104146,2026-05-26,Call Center,Complaint,Leisure,Surabaya,A06,23.9,Resolved,3
104147,2026-05-26,Email,Booking Change,First-time,Surabaya,A10,7.7,Resolved,1
104148,2026-05-26,Web,Refund Request,Corporate,Bali,A15,29.6,Resolved,5
104149,2026-05-26,Call Center,Refund Request,Leisure,Medan,A13,31.3,Resolved,5
104150,2026-05-26,Call Center,Flight Delay,Business,Surabaya,A08,4.2,Resolved,5
104151,2026-05-26,Web,Booking Change,Corporate,Makassar,A08,6.2,Resolved,5
104152,2026-05-26,Email,Complaint,Business,Medan,A10,11.5,Resolved,5
104153,2026-05-26,Call Center,Flight Delay,Business,Surabaya,A03,18.8,Resolved,5
104154,2026-05-26,Web,Loyalty/Account,Business,Medan,A15,7.1,Resolved,1
104155,2026-05-26,Call Center,Booking Change,Business,Surabaya,A13,5.0,Resolved,5
104156,2026-05-26,WhatsApp,Flight Delay,Leisure,Jakarta,A12,10.9,Resolved,5
104157,2026-05-26,Email,Booking Change,Leisure,Surabaya,A01,5.8,Resolved,5
104158,2026-05-26,Call Center,Booking Change,Business,Makassar,A06,7.6,Resolved,2
104159,2026-05-27,App,Booking Change,First-time,Makassar,A05,3.5,Resolved,4
104160,2026-05-27,Email,Baggage Issue,Corporate,Jakarta,A07,19.7,Resolved,5
104161,2026-05-27,Call Center,Booking Change,First-time,Bali,A14,5.4,Resolved,4
104162,2026-05-27,Web,Booking Change,First-time,Makassar,A08,4.0,Resolved,5
104163,2026-05-27,Web,Refund Request,Corporate,Surabaya,A11,33.6,Resolved,1
104164,2026-05-27,Web,Flight Delay,Corporate,Makassar,A05,9.1,Resolved,5
104165,2026-05-27,App,Loyalty/Account,Business,Makassar,A04,2.2,Resolved,3
104166,2026-05-27,App,Baggage Issue,Business,Surabaya,A12,12.0,Resolved,5
104167,2026-05-27,Email,Booking Change,Corporate,Makassar,A06,7.2,Resolved,2
104168,2026-05-27,Email,Booking Change,Leisure,Medan,A07,2.0,Resolved,4
104169,2026-05-27,Email,Flight Delay,Leisure,Medan,A04,17.6,Resolved,1
104170,2026-05-27,Web,Complaint,First-time,Surabaya,A09,23.3,Resolved,3
104171,2026-05-27,WhatsApp,Booking Change,Leisure,Surabaya,A06,6.5,Resolved,5
104172,2026-05-27,Email,Booking Change,Corporate,Makassar,A04,7.2,Resolved,4
104173,2026-05-27,WhatsApp,Booking Change,First-time,Surabaya,A10,5.9,Resolved,5
104174,2026-05-27,Call Center,Flight Delay,Corporate,Bali,A07,16.3,Resolved,1
104175,2026-05-27,Email,Baggage Issue,Business,Jakarta,A01,13.0,Open,
104176,2026-05-27,Web,Cancellation,Leisure,Jakarta,A12,9.8,Resolved,5
104177,2026-05-27,Web,Booking Change,First-time,Surabaya,A06,5.7,Resolved,3
104178,2026-05-27,Call Center,Complaint,Business,Surabaya,A15,10.0,Resolved,5
104179,2026-05-27,Email,Booking Change,Leisure,Medan,A01,6.9,Open,
104180,2026-05-27,App,Booking Change,First-time,Medan,A12,3.0,Resolved,2
104181,2026-05-27,Call Center,Cancellation,First-time,Bali,A15,10.2,Resolved,4
104182,2026-05-27,Call Center,Cancellation,First-time,Makassar,A10,3.1,Resolved,3
104183,2026-05-28,WhatsApp,Flight Delay,First-time,Jakarta,A11,15.2,Resolved,4
104184,2026-05-28,App,Loyalty/Account,Corporate,Makassar,A01,4.2,Resolved,3
104185,2026-05-28,Email,Complaint,Corporate,Medan,A10,27.8,Resolved,5
104186,2026-05-28,Email,Loyalty/Account,Business,Makassar,A13,2.9,Resolved,5
104187,2026-05-28,WhatsApp,Cancellation,Corporate,Surabaya,A10,13.5,Resolved,1
104188,2026-05-28,WhatsApp,Booking Change,Business,Medan,A13,6.4,Resolved,3
104189,2026-05-28,Call Center,Flight Delay,Business,Medan,A04,13.8,Resolved,5
104190,2026-05-28,App,Refund Request,Business,Makassar,A07,19.7,Resolved,5
104191,2026-05-28,WhatsApp,Booking Change,Leisure,Makassar,A11,3.0,Resolved,4
104192,2026-05-28,Web,Loyalty/Account,Business,Bali,A05,2.7,Resolved,5
104193,2026-05-28,Call Center,Refund Request,First-time,Makassar,A03,37.7,Resolved,5
104194,2026-05-28,Email,Booking Change,Business,Makassar,A02,6.0,Open,
104195,2026-05-28,Call Center,Flight Delay,Business,Bali,A07,8.6,Open,
104196,2026-05-28,Email,Refund Request,Leisure,Surabaya,A07,21.8,Resolved,5
104197,2026-05-28,Email,Flight Delay,Leisure,Jakarta,A02,12.9,Resolved,1
104198,2026-05-28,Call Center,Refund Request,First-time,Bali,A09,35.5,Resolved,3
104199,2026-05-28,App,Cancellation,Leisure,Makassar,A01,10.8,Resolved,4
104200,2026-05-28,WhatsApp,Booking Change,Corporate,Surabaya,A07,4.0,Resolved,4
104201,2026-05-28,Call Center,Booking Change,Business,Makassar,A06,6.0,Open,
104202,2026-05-28,WhatsApp,Baggage Issue,First-time,Surabaya,A01,5.7,Resolved,4
104203,2026-05-28,Call Center,Booking Change,Business,Bali,A14,0.5,Resolved,5
104204,2026-05-28,Call Center,Booking Change,Leisure,Makassar,A10,7.3,Resolved,4
104205,2026-05-28,App,Booking Change,First-time,Bali,A15,5.2,Resolved,3
104206,2026-05-28,Email,Complaint,Business,Makassar,A09,27.8,Resolved,4
104207,2026-05-29,App,Baggage Issue,Leisure,Medan,A09,24.2,Resolved,3
104208,2026-05-29,Call Center,Booking Change,Business,Makassar,A01,6.1,Resolved,1
104209,2026-05-29,Web,Booking Change,First-time,Jakarta,A10,6.8,Resolved,5
104210,2026-05-29,App,Baggage Issue,Business,Surabaya,A10,30.9,Resolved,1
104211,2026-05-29,Web,Complaint,Leisure,Jakarta,A08,26.6,Resolved,4
104212,2026-05-29,Web,Flight Delay,Corporate,Medan,A12,10.7,Resolved,4
104213,2026-05-29,Web,Refund Request,Leisure,Jakarta,A15,1.8,Resolved,5
104214,2026-05-29,WhatsApp,Refund Request,Leisure,Medan,A14,46.8,Resolved,5
104215,2026-05-29,App,Refund Request,Leisure,Surabaya,A02,26.5,Resolved,4
104216,2026-05-29,WhatsApp,Loyalty/Account,Business,Surabaya,A14,3.8,Resolved,5
104217,2026-05-29,WhatsApp,Booking Change,Corporate,Bali,A14,5.9,Resolved,1
104218,2026-05-29,App,Booking Change,Business,Surabaya,A13,1.9,Resolved,5
104219,2026-05-29,WhatsApp,Baggage Issue,Leisure,Jakarta,A12,15.4,Resolved,2
104220,2026-05-29,App,Booking Change,Corporate,Bali,A06,6.7,Resolved,5
104221,2026-05-29,App,Cancellation,Business,Medan,A09,15.0,Resolved,1
104222,2026-05-29,Call Center,Loyalty/Account,Leisure,Bali,A12,6.0,Resolved,4
104223,2026-05-29,Email,Booking Change,Leisure,Makassar,A15,6.5,Resolved,2
104224,2026-05-29,Call Center,Refund Request,Corporate,Bali,A10,32.0,Resolved,5
104225,2026-05-29,App,Flight Delay,Corporate,Makassar,A07,15.5,Resolved,5
104226,2026-05-29,WhatsApp,Flight Delay,Business,Makassar,A15,5.5,Resolved,5
104227,2026-05-29,WhatsApp,Booking Change,Corporate,Surabaya,A05,7.2,Resolved,5
104228,2026-05-29,Email,Baggage Issue,First-time,Medan,A03,19.9,Resolved,5
104229,2026-05-29,Email,Cancellation,Corporate,Medan,A13,8.7,Resolved,5
104230,2026-05-29,Email,Booking Change,First-time,Bali,A03,6.6,Resolved,4
104231,2026-05-29,WhatsApp,Booking Change,Corporate,Medan,A06,5.6,Resolved,1
104232,2026-05-29,App,Refund Request,First-time,Medan,A02,29.0,Resolved,5
104233,2026-05-29,App,Cancellation,First-time,Medan,A13,12.0,Resolved,2
104234,2026-05-29,App,Flight Delay,First-time,Medan,A02,18.0,Resolved,4
104235,2026-05-29,App,Complaint,First-time,Bali,A03,32.4,Resolved,1
104236,2026-05-29,Web,Booking Change,Business,Bali,A05,6.9,Resolved,5
104237,2026-05-29,App,Booking Change,First-time,Jakarta,A09,4.0,Resolved,5
104238,2026-05-29,Web,Refund Request,Leisure,Medan,A02,50.6,Resolved,1
104239,2026-05-29,Call Center,Refund Request,Business,Jakarta,A15,29.0,Resolved,5
104240,2026-05-29,Email,Cancellation,Corporate,Bali,A01,7.1,Resolved,2
104241,2026-05-29,Web,Baggage Issue,Corporate,Surabaya,A03,26.0,Resolved,3
104242,2026-05-29,Web,Loyalty/Account,Corporate,Bali,A12,5.8,Resolved,1
104243,2026-05-29,App,Loyalty/Account,Leisure,Bali,A13,7.0,Resolved,5
104244,2026-05-29,Email,Cancellation,Business,Medan,A10,4.8,Resolved,5
104245,2026-05-29,App,Complaint,Leisure,Surabaya,A15,40.7,Resolved,5
104246,2026-05-29,App,Flight Delay,Leisure,Makassar,A11,19.3,Open,
104247,2026-05-29,Call Center,Booking Change,First-time,Surabaya,A03,8.2,Resolved,1
104248,2026-05-30,Call Center,Complaint,Business,Bali,A09,22.5,Resolved,1
104249,2026-05-30,Email,Cancellation,Corporate,Surabaya,A04,10.4,Resolved,4
104250,2026-05-30,Call Center,Booking Change,First-time,Surabaya,A05,4.0,Resolved,5
104251,2026-05-30,App,Baggage Issue,Business,Bali,A02,33.4,Resolved,1
104252,2026-05-30,Web,Flight Delay,Corporate,Jakarta,A05,4.5,Resolved,5
104253,2026-05-30,Email,Cancellation,Business,Makassar,A03,13.1,Resolved,4
104254,2026-05-30,Web,Loyalty/Account,Leisure,Makassar,A09,4.1,Resolved,4
104255,2026-05-30,Web,Refund Request,First-time,Jakarta,A01,22.7,Resolved,3
104256,2026-05-30,Call Center,Booking Change,First-time,Makassar,A10,4.5,Resolved,5
104257,2026-05-30,Web,Cancellation,Business,Medan,A02,9.4,Resolved,3
104258,2026-05-30,Web,Loyalty/Account,Corporate,Bali,A01,3.6,Resolved,5
104259,2026-05-30,Call Center,Complaint,Leisure,Bali,A06,34.6,Resolved,1
104260,2026-05-30,Call Center,Refund Request,First-time,Bali,A15,46.5,Resolved,5
104261,2026-05-30,App,Complaint,First-time,Jakarta,A11,28.1,Resolved,1
104262,2026-05-30,WhatsApp,Complaint,First-time,Surabaya,A07,18.5,Resolved,5
104263,2026-05-30,Call Center,Booking Change,Leisure,Surabaya,A04,5.1,Resolved,3
104264,2026-05-30,Email,Flight Delay,Corporate,Makassar,A11,18.2,Resolved,3
104265,2026-05-30,Email,Flight Delay,First-time,Makassar,A01,27.1,Resolved,5
104266,2026-05-30,WhatsApp,Refund Request,Business,Medan,A05,17.2,Resolved,5
104267,2026-05-30,Call Center,Loyalty/Account,Business,Medan,A10,6.7,Resolved,5
104268,2026-05-30,Call Center,Booking Change,Business,Makassar,A05,1.6,Resolved,3
104269,2026-05-30,Web,Flight Delay,Corporate,Medan,A11,15.1,Resolved,2
104270,2026-05-30,WhatsApp,Loyalty/Account,Business,Medan,A08,4.9,Resolved,4
104271,2026-05-30,Email,Complaint,Corporate,Jakarta,A01,25.7,Resolved,1
104272,2026-05-30,Email,Refund Request,Leisure,Jakarta,A07,41.6,Resolved,5
104273,2026-05-30,Web,Complaint,Business,Jakarta,A13,19.4,Resolved,3
104274,2026-05-30,Web,Booking Change,First-time,Makassar,A08,3.2,Resolved,5
104275,2026-05-30,Web,Flight Delay,First-time,Bali,A10,14.6,Resolved,2
104276,2026-05-30,Web,Refund Request,First-time,Makassar,A11,52.5,Resolved,1
104277,2026-05-30,Call Center,Flight Delay,First-time,Jakarta,A09,9.9,Resolved,5
104278,2026-05-30,WhatsApp,Loyalty/Account,Business,Bali,A13,4.9,Resolved,4
104279,2026-05-30,WhatsApp,Loyalty/Account,Leisure,Jakarta,A11,2.8,Resolved,5
104280,2026-05-30,App,Loyalty/Account,Business,Jakarta,A14,7.0,Resolved,5
104281,2026-05-30,App,Flight Delay,Leisure,Medan,A05,4.8,Resolved,5
104282,2026-05-30,Email,Baggage Issue,Leisure,Jakarta,A12,13.8,Resolved,5
104283,2026-05-30,Call Center,Refund Request,Corporate,Makassar,A03,38.1,Resolved,5
104284,2026-05-30,Email,Booking Change,First-time,Surabaya,A06,6.8,Resolved,5
104285,2026-05-30,Email,Refund Request,First-time,Makassar,A08,14.5,Resolved,5
104286,2026-05-30,Email,Booking Change,Corporate,Jakarta,A05,6.2,Resolved,5
104287,2026-05-30,WhatsApp,Refund Request,Leisure,Makassar,A13,26.2,Resolved,5
104288,2026-05-30,Email,Booking Change,Leisure,Medan,A02,8.4,Resolved,5
104289,2026-05-31,App,Booking Change,Business,Makassar,A06,3.8,Resolved,5
104290,2026-05-31,WhatsApp,Booking Change,Corporate,Medan,A03,11.9,Resolved,4
104291,2026-05-31,App,Baggage Issue,Leisure,Jakarta,A14,15.4,Resolved,2
104292,2026-05-31,WhatsApp,Cancellation,Corporate,Medan,A01,0.5,Resolved,5
104293,2026-05-31,Email,Complaint,Leisure,Bali,A04,2.7,Resolved,5
104294,2026-05-31,Email,Baggage Issue,First-time,Surabaya,A08,14.9,Resolved,5
104295,2026-05-31,Web,Baggage Issue,Leisure,Jakarta,A13,19.6,Resolved,3
104296,2026-05-31,WhatsApp,Booking Change,First-time,Makassar,A08,7.4,Resolved,1
104297,2026-05-31,Call Center,Loyalty/Account,First-time,Jakarta,A06,5.5,Resolved,1
104298,2026-05-31,App,Flight Delay,Leisure,Jakarta,A11,9.4,Resolved,4
104299,2026-05-31,Web,Booking Change,First-time,Medan,A11,7.4,Resolved,5
104300,2026-05-31,Call Center,Loyalty/Account,First-time,Makassar,A07,1.6,Resolved,4
104301,2026-05-31,App,Complaint,First-time,Jakarta,A15,24.3,Resolved,5
104302,2026-05-31,WhatsApp,Refund Request,First-time,Medan,A05,19.0,Resolved,2
104303,2026-05-31,Call Center,Loyalty/Account,First-time,Bali,A15,3.0,Resolved,5
104304,2026-05-31,WhatsApp,Complaint,First-time,Bali,A07,24.1,Resolved,2
104305,2026-05-31,Email,Cancellation,First-time,Medan,A10,9.7,Resolved,5
104306,2026-05-31,Call Center,Booking Change,Corporate,Surabaya,A14,9.2,Resolved,5
104307,2026-05-31,Call Center,Refund Request,Leisure,Surabaya,A01,31.4,Resolved,4
104308,2026-05-31,WhatsApp,Booking Change,Corporate,Makassar,A07,4.2,Resolved,5
104309,2026-05-31,Web,Baggage Issue,Corporate,Jakarta,A08,20.3,Resolved,1
104310,2026-05-31,App,Cancellation,First-time,Makassar,A06,6.5,Resolved,5
104311,2026-05-31,WhatsApp,Cancellation,Corporate,Medan,A04,12.1,Resolved,3
104312,2026-05-31,App,Refund Request,Leisure,Bali,A08,45.1,Resolved,5
104313,2026-05-31,Call Center,Loyalty/Account,Corporate,Jakarta,A01,3.7,Resolved,1
104314,2026-05-31,App,Refund Request,Leisure,Bali,A01,18.3,Resolved,3
104315,2026-05-31,Email,Flight Delay,Business,Makassar,A11,9.2,Resolved,2
104316,2026-05-31,Email,Flight Delay,First-time,Bali,A14,10.4,Resolved,5
104317,2026-05-31,Web,Booking Change,Business,Medan,A14,6.7,Resolved,5
104318,2026-05-31,Call Center,Booking Change,Leisure,Makassar,A14,2.7,Resolved,5
104319,2026-06-01,App,Booking Change,First-time,Medan,A08,6.4,Resolved,5
104320,2026-06-01,Email,Refund Request,Corporate,Makassar,A08,24.5,Resolved,5
104321,2026-06-01,Email,Flight Delay,Business,Jakarta,A02,11.7,Resolved,2
104322,2026-06-01,WhatsApp,Refund Request,First-time,Makassar,A04,38.3,Resolved,5
104323,2026-06-01,Email,Complaint,Corporate,Surabaya,A01,28.2,Resolved,1
104324,2026-06-01,App,Flight Delay,First-time,Medan,A08,17.0,Resolved,1
104325,2026-06-01,WhatsApp,Cancellation,Leisure,Surabaya,A03,10.4,Resolved,2
104326,2026-06-01,Email,Baggage Issue,Business,Surabaya,A08,29.4,Resolved,2
104327,2026-06-01,Web,Baggage Issue,Corporate,Jakarta,A15,25.2,Resolved,4
104328,2026-06-01,WhatsApp,Refund Request,Leisure,Medan,A02,22.7,Resolved,4
104329,2026-06-01,App,Cancellation,Corporate,Jakarta,A14,9.0,Open,
104330,2026-06-01,Call Center,Flight Delay,Business,Makassar,A08,12.6,Resolved,5
104331,2026-06-01,Call Center,Loyalty/Account,Leisure,Surabaya,A09,4.8,Resolved,1
104332,2026-06-01,Call Center,Refund Request,Corporate,Jakarta,A15,20.6,Resolved,5
104333,2026-06-01,App,Booking Change,Leisure,Makassar,A04,7.9,Resolved,4
104334,2026-06-01,Web,Complaint,First-time,Bali,A12,31.1,Resolved,4
104335,2026-06-01,WhatsApp,Cancellation,Corporate,Makassar,A14,9.7,Resolved,5
104336,2026-06-01,Web,Baggage Issue,Corporate,Makassar,A01,23.6,Resolved,5
104337,2026-06-01,Email,Baggage Issue,First-time,Bali,A01,25.5,Resolved,3
104338,2026-06-01,Web,Complaint,Leisure,Bali,A04,9.2,Resolved,5
104339,2026-06-01,Web,Loyalty/Account,First-time,Medan,A04,6.1,Resolved,1
104340,2026-06-01,Call Center,Refund Request,First-time,Bali,A01,32.2,Resolved,5
104341,2026-06-01,Call Center,Baggage Issue,Leisure,Bali,A13,18.7,Resolved,5
104342,2026-06-01,Web,Loyalty/Account,Leisure,Jakarta,A14,3.5,Resolved,4
104343,2026-06-02,App,Booking Change,Corporate,Jakarta,A05,6.7,Resolved,5
104344,2026-06-02,Web,Booking Change,First-time,Makassar,A13,6.7,Resolved,5
104345,2026-06-02,Web,Complaint,Leisure,Makassar,A15,44.6,Resolved,2
104346,2026-06-02,Call Center,Cancellation,Business,Makassar,A08,8.2,Resolved,5
104347,2026-06-02,WhatsApp,Flight Delay,Business,Makassar,A12,17.3,Resolved,2
104348,2026-06-02,App,Refund Request,Leisure,Bali,A09,48.3,Resolved,5
104349,2026-06-02,Call Center,Baggage Issue,Business,Medan,A14,22.6,Resolved,4
104350,2026-06-02,Email,Booking Change,Corporate,Bali,A11,7.7,Resolved,4
104351,2026-06-02,Call Center,Flight Delay,Leisure,Bali,A10,13.5,Resolved,4
104352,2026-06-02,Call Center,Cancellation,Corporate,Bali,A12,10.3,Resolved,5
104353,2026-06-02,Call Center,Baggage Issue,Corporate,Jakarta,A09,9.0,Resolved,4
104354,2026-06-02,WhatsApp,Refund Request,Leisure,Makassar,A03,24.7,Resolved,5
104355,2026-06-02,Call Center,Cancellation,Leisure,Surabaya,A01,2.7,Resolved,5
104356,2026-06-02,Call Center,Complaint,Business,Bali,A09,30.5,Resolved,1
104357,2026-06-02,Email,Flight Delay,Business,Surabaya,A08,12.7,Resolved,5
104358,2026-06-02,Call Center,Flight Delay,First-time,Bali,A10,8.0,Resolved,5
104359,2026-06-02,Web,Complaint,Leisure,Surabaya,A09,6.3,Resolved,4
104360,2026-06-02,App,Refund Request,First-time,Makassar,A01,37.6,Resolved,2
104361,2026-06-02,Call Center,Complaint,Corporate,Makassar,A09,30.1,Resolved,4
104362,2026-06-02,Email,Refund Request,Leisure,Medan,A03,16.5,Resolved,5
104363,2026-06-02,Web,Complaint,First-time,Jakarta,A06,19.5,Resolved,2
104364,2026-06-02,Call Center,Cancellation,First-time,Medan,A10,12.1,Resolved,5
104365,2026-06-02,Email,Refund Request,Business,Surabaya,A03,24.8,Resolved,5
104366,2026-06-02,Web,Refund Request,Corporate,Jakarta,A05,19.1,Resolved,3
104367,2026-06-02,Call Center,Baggage Issue,Leisure,Jakarta,A05,24.3,Resolved,5
104368,2026-06-02,Email,Refund Request,Corporate,Bali,A13,27.3,Resolved,5
104369,2026-06-03,Call Center,Loyalty/Account,Business,Surabaya,A13,6.3,Resolved,1
104370,2026-06-03,WhatsApp,Flight Delay,Leisure,Makassar,A06,10.7,Resolved,5
104371,2026-06-03,WhatsApp,Complaint,Leisure,Jakarta,A07,24.2,Resolved,5
104372,2026-06-03,WhatsApp,Refund Request,Corporate,Medan,A06,26.1,Resolved,5
104373,2026-06-03,Web,Cancellation,First-time,Makassar,A04,7.0,Open,
104374,2026-06-03,Email,Loyalty/Account,Business,Jakarta,A01,5.0,Resolved,1
104375,2026-06-03,App,Loyalty/Account,Corporate,Jakarta,A01,2.1,Resolved,5
104376,2026-06-03,Web,Booking Change,Corporate,Surabaya,A01,9.1,Resolved,5
104377,2026-06-03,Web,Booking Change,Business,Surabaya,A10,3.4,Open,
104378,2026-06-03,WhatsApp,Loyalty/Account,Business,Makassar,A11,4.8,Resolved,5
104379,2026-06-03,WhatsApp,Baggage Issue,Leisure,Makassar,A10,19.5,Resolved,5
104380,2026-06-03,Email,Booking Change,First-time,Medan,A07,8.0,Resolved,1
104381,2026-06-03,WhatsApp,Loyalty/Account,Business,Jakarta,A04,3.2,Resolved,5
104382,2026-06-03,Email,Cancellation,First-time,Bali,A05,15.9,Resolved,1
104383,2026-06-03,Email,Refund Request,Leisure,Bali,A11,10.9,Resolved,4
104384,2026-06-03,Web,Baggage Issue,First-time,Medan,A08,13.6,Resolved,4
104385,2026-06-03,Call Center,Flight Delay,First-time,Medan,A05,9.7,Resolved,5
104386,2026-06-03,WhatsApp,Booking Change,Corporate,Medan,A04,5.1,Resolved,4
104387,2026-06-03,Call Center,Cancellation,Business,Jakarta,A06,11.5,Resolved,5
104388,2026-06-03,WhatsApp,Refund Request,Business,Medan,A13,18.6,Open,
104389,2026-06-03,WhatsApp,Flight Delay,First-time,Bali,A07,6.5,Resolved,5
104390,2026-06-03,WhatsApp,Loyalty/Account,Business,Surabaya,A13,5.5,Resolved,5
104391,2026-06-03,Email,Cancellation,Business,Bali,A09,7.4,Open,
104392,2026-06-03,WhatsApp,Flight Delay,Business,Medan,A13,12.2,Resolved,1
104393,2026-06-03,WhatsApp,Baggage Issue,Leisure,Surabaya,A07,11.9,Resolved,5
104394,2026-06-03,Call Center,Refund Request,Business,Jakarta,A13,30.5,Resolved,4
104395,2026-06-03,Email,Cancellation,Corporate,Medan,A11,13.8,Resolved,1
104396,2026-06-03,App,Flight Delay,First-time,Makassar,A01,2.3,Resolved,5
104397,2026-06-03,Email,Complaint,Business,Medan,A11,11.8,Resolved,5
104398,2026-06-03,Email,Loyalty/Account,Business,Surabaya,A01,5.0,Resolved,5
104399,2026-06-03,Call Center,Loyalty/Account,Corporate,Surabaya,A13,4.0,Resolved,5
104400,2026-06-04,Email,Flight Delay,First-time,Bali,A12,13.4,Resolved,5
104401,2026-06-04,WhatsApp,Booking Change,Corporate,Jakarta,A02,3.4,Resolved,4
104402,2026-06-04,App,Complaint,First-time,Bali,A04,18.9,Resolved,2
104403,2026-06-04,App,Flight Delay,Leisure,Makassar,A11,11.7,Resolved,5
104404,2026-06-04,Email,Baggage Issue,First-time,Medan,A12,22.6,Resolved,5
104405,2026-06-04,Web,Flight Delay,Leisure,Bali,A04,12.6,Resolved,1
104406,2026-06-04,App,Cancellation,Leisure,Medan,A01,11.7,Resolved,5
104407,2026-06-04,Email,Booking Change,Corporate,Bali,A15,8.2,Resolved,3
104408,2026-06-04,WhatsApp,Cancellation,Corporate,Makassar,A01,4.1,Resolved,5
104409,2026-06-04,WhatsApp,Booking Change,Business,Bali,A10,0.6,Resolved,5
104410,2026-06-04,Call Center,Loyalty/Account,Business,Jakarta,A14,5.7,Open,
104411,2026-06-04,Web,Flight Delay,Corporate,Jakarta,A01,11.4,Resolved,2
104412,2026-06-04,WhatsApp,Loyalty/Account,Leisure,Medan,A10,4.1,Resolved,5
104413,2026-06-04,Call Center,Loyalty/Account,First-time,Jakarta,A08,4.2,Open,
104414,2026-06-04,Call Center,Refund Request,Business,Medan,A04,52.7,Resolved,5
104415,2026-06-04,App,Flight Delay,Corporate,Medan,A03,12.9,Resolved,1
104416,2026-06-04,Web,Refund Request,Leisure,Medan,A05,42.0,Resolved,5
104417,2026-06-04,App,Booking Change,First-time,Surabaya,A11,6.2,Resolved,5
104418,2026-06-04,App,Flight Delay,Corporate,Jakarta,A01,18.8,Resolved,4
104419,2026-06-04,Email,Cancellation,First-time,Makassar,A01,9.7,Resolved,5
104420,2026-06-04,WhatsApp,Booking Change,Business,Jakarta,A02,6.1,Resolved,5
104421,2026-06-04,Web,Cancellation,Business,Surabaya,A06,10.8,Resolved,2
104422,2026-06-04,Call Center,Loyalty/Account,Leisure,Bali,A09,3.0,Resolved,4
104423,2026-06-04,Call Center,Refund Request,Leisure,Medan,A08,40.5,Resolved,5
104424,2026-06-04,Web,Complaint,Business,Jakarta,A05,5.4,Resolved,5
104425,2026-06-04,App,Flight Delay,Corporate,Bali,A10,19.6,Resolved,1
104426,2026-06-04,Call Center,Baggage Issue,Leisure,Bali,A09,19.8,Resolved,2
104427,2026-06-04,Call Center,Booking Change,Business,Surabaya,A07,6.6,Resolved,5
104428,2026-06-04,Email,Cancellation,Leisure,Bali,A12,3.7,Resolved,4
104429,2026-06-04,WhatsApp,Booking Change,Leisure,Jakarta,A14,4.1,Resolved,2
104430,2026-06-04,Web,Refund Request,First-time,Jakarta,A02,27.6,Resolved,5
104431,2026-06-04,App,Loyalty/Account,Corporate,Medan,A02,4.6,Resolved,3
104432,2026-06-04,WhatsApp,Flight Delay,Business,Surabaya,A12,8.0,Resolved,5
104433,2026-06-05,WhatsApp,Complaint,Corporate,Medan,A02,11.5,Resolved,5
104434,2026-06-05,Web,Booking Change,Business,Makassar,A01,6.9,Resolved,5
104435,2026-06-05,WhatsApp,Booking Change,Corporate,Bali,A02,6.5,Resolved,5
104436,2026-06-05,Web,Baggage Issue,First-time,Makassar,A15,8.3,Resolved,5
104437,2026-06-05,App,Booking Change,Corporate,Bali,A07,3.7,Resolved,2
104438,2026-06-05,WhatsApp,Complaint,Business,Bali,A04,36.3,Resolved,4
104439,2026-06-05,Call Center,Booking Change,First-time,Medan,A01,3.9,Resolved,5
104440,2026-06-05,Web,Loyalty/Account,Corporate,Medan,A11,3.3,Resolved,5
104441,2026-06-05,App,Booking Change,Business,Medan,A13,9.8,Resolved,4
104442,2026-06-05,WhatsApp,Cancellation,Leisure,Jakarta,A07,16.7,Resolved,1
104443,2026-06-05,Web,Cancellation,Leisure,Makassar,A07,12.8,Resolved,5
104444,2026-06-05,App,Baggage Issue,Leisure,Medan,A01,9.9,Resolved,2
104445,2026-06-05,WhatsApp,Flight Delay,First-time,Surabaya,A01,6.8,Resolved,4
104446,2026-06-05,App,Flight Delay,First-time,Medan,A02,19.7,Resolved,2
104447,2026-06-05,Web,Booking Change,First-time,Makassar,A15,7.1,Resolved,3
104448,2026-06-05,Email,Cancellation,First-time,Bali,A01,9.5,Resolved,5
104449,2026-06-05,WhatsApp,Baggage Issue,Corporate,Medan,A11,25.4,Resolved,5
104450,2026-06-05,Call Center,Complaint,Leisure,Surabaya,A07,32.3,Resolved,1
104451,2026-06-05,WhatsApp,Complaint,First-time,Bali,A13,21.1,Open,
104452,2026-06-05,Email,Flight Delay,Leisure,Medan,A12,9.4,Resolved,3
104453,2026-06-05,Call Center,Flight Delay,First-time,Surabaya,A09,13.8,Resolved,3
104454,2026-06-05,Email,Refund Request,First-time,Bali,A08,34.4,Resolved,5
104455,2026-06-05,Call Center,Loyalty/Account,Corporate,Makassar,A04,2.5,Resolved,5
104456,2026-06-05,Web,Cancellation,Business,Bali,A13,9.1,Open,
104457,2026-06-05,Email,Booking Change,Business,Jakarta,A15,5.9,Resolved,5
104458,2026-06-05,Email,Flight Delay,Leisure,Makassar,A10,18.9,Resolved,5
104459,2026-06-05,App,Refund Request,Leisure,Surabaya,A04,31.3,Resolved,5
104460,2026-06-05,Email,Refund Request,Business,Makassar,A06,16.4,Resolved,5
104461,2026-06-05,App,Refund Request,First-time,Surabaya,A03,22.1,Resolved,5
104462,2026-06-05,Web,Flight Delay,Leisure,Jakarta,A09,9.8,Resolved,4
104463,2026-06-05,Call Center,Baggage Issue,Business,Bali,A02,9.1,Resolved,5
104464,2026-06-05,Email,Baggage Issue,Leisure,Medan,A09,20.8,Resolved,1
104465,2026-06-05,Call Center,Booking Change,Business,Makassar,A11,5.2,Resolved,3
104466,2026-06-05,Email,Baggage Issue,Corporate,Bali,A12,4.3,Resolved,5
104467,2026-06-05,Call Center,Complaint,Leisure,Medan,A04,28.4,Resolved,5
104468,2026-06-05,WhatsApp,Refund Request,Corporate,Surabaya,A15,32.8,Resolved,5
104469,2026-06-05,WhatsApp,Refund Request,Corporate,Jakarta,A03,40.8,Open,
104470,2026-06-05,Email,Refund Request,Leisure,Surabaya,A10,22.2,Resolved,5
104471,2026-06-05,WhatsApp,Baggage Issue,First-time,Surabaya,A05,21.1,Resolved,5
104472,2026-06-05,WhatsApp,Complaint,First-time,Jakarta,A09,35.9,Resolved,5
104473,2026-06-05,WhatsApp,Baggage Issue,Corporate,Surabaya,A11,22.9,Resolved,2
104474,2026-06-05,Email,Booking Change,Corporate,Surabaya,A13,5.0,Resolved,5
104475,2026-06-06,Web,Booking Change,Corporate,Makassar,A02,6.1,Resolved,2
104476,2026-06-06,WhatsApp,Flight Delay,First-time,Makassar,A11,11.9,Resolved,1
104477,2026-06-06,Email,Cancellation,Business,Bali,A06,10.8,Resolved,4
104478,2026-06-06,App,Booking Change,Corporate,Medan,A14,8.0,Resolved,4
104479,2026-06-06,Call Center,Refund Request,Leisure,Medan,A14,46.7,Resolved,4
104480,2026-06-06,Email,Loyalty/Account,Corporate,Bali,A03,3.0,Open,
104481,2026-06-06,Call Center,Booking Change,Leisure,Surabaya,A12,6.0,Resolved,5
104482,2026-06-06,Email,Baggage Issue,Corporate,Jakarta,A14,25.2,Resolved,2
104483,2026-06-06,Call Center,Refund Request,Corporate,Surabaya,A07,26.8,Resolved,4
104484,2026-06-06,App,Refund Request,Corporate,Medan,A12,32.9,Resolved,5
104485,2026-06-06,WhatsApp,Complaint,Business,Makassar,A14,27.1,Resolved,2
104486,2026-06-06,Web,Booking Change,Business,Bali,A02,5.9,Resolved,3
104487,2026-06-06,Web,Booking Change,Business,Jakarta,A03,5.7,Resolved,5
104488,2026-06-06,Call Center,Flight Delay,Corporate,Medan,A11,14.2,Resolved,4
104489,2026-06-06,App,Loyalty/Account,Corporate,Bali,A04,4.2,Resolved,3
104490,2026-06-06,App,Booking Change,Corporate,Makassar,A06,7.6,Resolved,3
104491,2026-06-06,WhatsApp,Complaint,Leisure,Medan,A02,16.3,Resolved,5
104492,2026-06-06,WhatsApp,Cancellation,Business,Bali,A03,4.4,Resolved,4
104493,2026-06-06,Web,Complaint,Leisure,Bali,A10,12.6,Resolved,5
104494,2026-06-06,WhatsApp,Refund Request,Leisure,Surabaya,A06,21.8,Resolved,5
104495,2026-06-06,App,Baggage Issue,Business,Makassar,A05,22.5,Resolved,1
104496,2026-06-06,Email,Complaint,Leisure,Jakarta,A05,16.2,Resolved,5
104497,2026-06-06,Email,Baggage Issue,Corporate,Bali,A10,26.6,Resolved,4
104498,2026-06-06,Web,Baggage Issue,Leisure,Makassar,A08,16.9,Resolved,3
104499,2026-06-06,Call Center,Booking Change,First-time,Medan,A10,11.1,Resolved,4
104500,2026-06-06,Web,Baggage Issue,Leisure,Bali,A13,13.2,Resolved,5
104501,2026-06-06,Web,Baggage Issue,Leisure,Jakarta,A01,3.2,Resolved,5
104502,2026-06-06,Call Center,Complaint,Business,Surabaya,A03,21.8,Resolved,1
104503,2026-06-06,Call Center,Loyalty/Account,Business,Surabaya,A07,4.7,Resolved,3
104504,2026-06-06,Web,Loyalty/Account,Business,Jakarta,A06,5.4,Resolved,1
104505,2026-06-06,Web,Cancellation,Corporate,Surabaya,A09,3.6,Resolved,5
104506,2026-06-06,Web,Booking Change,Business,Makassar,A11,8.0,Resolved,1
104507,2026-06-06,Email,Baggage Issue,First-time,Medan,A15,15.7,Resolved,2
104508,2026-06-06,App,Complaint,First-time,Surabaya,A01,24.6,Resolved,5
104509,2026-06-06,Web,Complaint,Leisure,Jakarta,A14,24.5,Resolved,2
104510,2026-06-06,Call Center,Booking Change,First-time,Surabaya,A13,6.6,Resolved,1
104511,2026-06-06,Call Center,Refund Request,Business,Medan,A05,39.7,Resolved,1
104512,2026-06-06,Web,Baggage Issue,Business,Makassar,A08,12.9,Resolved,5
104513,2026-06-07,WhatsApp,Loyalty/Account,Business,Makassar,A06,3.6,Resolved,3
104514,2026-06-07,Web,Booking Change,Business,Medan,A11,4.4,Resolved,3
104515,2026-06-07,App,Flight Delay,First-time,Makassar,A08,17.9,Open,
104516,2026-06-07,Email,Booking Change,Business,Bali,A13,3.4,Resolved,5
104517,2026-06-07,Web,Baggage Issue,Corporate,Makassar,A02,23.0,Resolved,3
104518,2026-06-07,Web,Baggage Issue,Business,Bali,A05,7.5,Resolved,4
104519,2026-06-07,Email,Refund Request,First-time,Jakarta,A08,16.4,Resolved,4
104520,2026-06-07,WhatsApp,Refund Request,Corporate,Makassar,A10,43.6,Resolved,4
104521,2026-06-07,WhatsApp,Complaint,First-time,Medan,A07,21.2,Resolved,5
104522,2026-06-07,Call Center,Loyalty/Account,Corporate,Makassar,A02,2.4,Resolved,3
104523,2026-06-07,Web,Flight Delay,Corporate,Bali,A03,17.1,Resolved,5
104524,2026-06-07,Call Center,Complaint,Business,Jakarta,A10,16.6,Resolved,5
104525,2026-06-07,App,Baggage Issue,Business,Bali,A15,17.8,Resolved,4
104526,2026-06-07,Web,Flight Delay,Corporate,Jakarta,A14,1.1,Resolved,5
104527,2026-06-07,App,Flight Delay,Corporate,Makassar,A14,11.4,Resolved,5
104528,2026-06-07,Web,Loyalty/Account,Business,Surabaya,A05,4.3,Resolved,1
104529,2026-06-07,Web,Flight Delay,First-time,Jakarta,A15,19.0,Resolved,1
104530,2026-06-07,App,Booking Change,Leisure,Medan,A15,5.0,Resolved,5
104531,2026-06-07,Call Center,Baggage Issue,Business,Bali,A11,7.8,Resolved,3
104532,2026-06-07,Web,Loyalty/Account,Leisure,Jakarta,A08,4.8,Resolved,1
104533,2026-06-07,App,Flight Delay,First-time,Surabaya,A02,8.8,Resolved,1
104534,2026-06-07,WhatsApp,Booking Change,Leisure,Makassar,A07,10.3,Resolved,5
104535,2026-06-07,Call Center,Complaint,Corporate,Makassar,A11,25.1,Resolved,4
104536,2026-06-07,Email,Flight Delay,Leisure,Surabaya,A05,11.0,Resolved,5
104537,2026-06-07,Web,Booking Change,Leisure,Jakarta,A02,4.0,Resolved,5
104538,2026-06-07,WhatsApp,Booking Change,Leisure,Surabaya,A05,6.0,Resolved,5
104539,2026-06-07,Email,Baggage Issue,First-time,Makassar,A11,19.2,Resolved,5
104540,2026-06-07,Web,Baggage Issue,First-time,Jakarta,A11,13.5,Resolved,5
104541,2026-06-07,Call Center,Booking Change,Corporate,Medan,A04,5.7,Resolved,5
104542,2026-06-07,Call Center,Refund Request,Leisure,Jakarta,A14,19.9,Resolved,5
104543,2026-06-07,App,Baggage Issue,Leisure,Surabaya,A04,14.7,Resolved,4
104544,2026-06-07,Web,Booking Change,First-time,Surabaya,A11,7.9,Resolved,1
104545,2026-06-07,App,Flight Delay,First-time,Surabaya,A08,6.0,Resolved,4
104546,2026-06-07,Email,Baggage Issue,First-time,Makassar,A08,26.7,Resolved,1
104547,2026-06-07,WhatsApp,Loyalty/Account,Leisure,Surabaya,A08,3.4,Resolved,4
104548,2026-06-07,Email,Booking Change,Business,Makassar,A11,6.2,Resolved,5
104549,2026-06-07,App,Refund Request,First-time,Surabaya,A05,19.7,Resolved,4
104550,2026-06-07,Web,Flight Delay,Leisure,Medan,A05,16.9,Resolved,3
104551,2026-06-07,Email,Cancellation,First-time,Makassar,A13,7.7,Resolved,4
104552,2026-06-07,WhatsApp,Booking Change,First-time,Bali,A06,9.3,Resolved,1
104553,2026-06-08,Email,Cancellation,Corporate,Surabaya,A12,12.4,Resolved,5
104554,2026-06-08,Web,Booking Change,Business,Makassar,A08,7.8,Resolved,4
104555,2026-06-08,WhatsApp,Refund Request,First-time,Surabaya,A06,44.7,Open,
104556,2026-06-08,Call Center,Loyalty/Account,First-time,Jakarta,A04,1.2,Resolved,5
104557,2026-06-08,Call Center,Booking Change,Corporate,Bali,A12,5.1,Resolved,5
104558,2026-06-08,WhatsApp,Cancellation,Leisure,Medan,A12,12.4,Resolved,4
104559,2026-06-08,App,Flight Delay,Business,Surabaya,A13,19.0,Resolved,5
104560,2026-06-08,WhatsApp,Baggage Issue,Corporate,Jakarta,A05,12.6,Resolved,2
104561,2026-06-08,Email,Loyalty/Account,Business,Bali,A02,3.4,Resolved,4
104562,2026-06-08,App,Loyalty/Account,Corporate,Jakarta,A12,2.6,Resolved,5
104563,2026-06-08,Email,Flight Delay,Leisure,Makassar,A05,14.6,Resolved,2
104564,2026-06-08,Call Center,Refund Request,First-time,Jakarta,A10,27.9,Resolved,5
104565,2026-06-08,WhatsApp,Booking Change,Leisure,Jakarta,A08,5.6,Resolved,5
104566,2026-06-08,Web,Cancellation,Corporate,Bali,A13,10.1,Resolved,5
104567,2026-06-08,WhatsApp,Booking Change,First-time,Medan,A10,10.9,Resolved,4
104568,2026-06-08,App,Complaint,Leisure,Surabaya,A05,23.0,Resolved,5
104569,2026-06-08,WhatsApp,Loyalty/Account,First-time,Medan,A10,5.4,Resolved,5
104570,2026-06-08,Email,Flight Delay,Business,Bali,A01,8.1,Resolved,5
104571,2026-06-08,App,Booking Change,Business,Jakarta,A09,0.5,Resolved,5
104572,2026-06-08,Call Center,Complaint,Corporate,Medan,A02,35.9,Resolved,5
104573,2026-06-08,App,Flight Delay,Leisure,Medan,A01,12.1,Resolved,5
104574,2026-06-08,Email,Cancellation,Business,Bali,A13,13.0,Resolved,5
104575,2026-06-08,Email,Loyalty/Account,Corporate,Surabaya,A03,2.7,Resolved,5
104576,2026-06-08,App,Booking Change,Corporate,Bali,A11,10.5,Resolved,2
104577,2026-06-09,App,Baggage Issue,Leisure,Medan,A08,27.4,Resolved,5
104578,2026-06-09,Web,Complaint,Corporate,Surabaya,A02,33.4,Resolved,5
104579,2026-06-09,Web,Booking Change,First-time,Medan,A12,6.1,Resolved,3
104580,2026-06-09,App,Refund Request,First-time,Jakarta,A14,7.9,Resolved,3
104581,2026-06-09,Web,Refund Request,Corporate,Bali,A07,31.3,Resolved,2
104582,2026-06-09,WhatsApp,Refund Request,First-time,Bali,A03,25.1,Resolved,5
104583,2026-06-09,WhatsApp,Baggage Issue,Corporate,Jakarta,A02,16.8,Resolved,4
104584,2026-06-09,Web,Loyalty/Account,Business,Surabaya,A04,6.2,Resolved,4
104585,2026-06-09,App,Refund Request,Corporate,Makassar,A12,34.8,Resolved,5
104586,2026-06-09,App,Baggage Issue,Leisure,Bali,A15,28.3,Resolved,4
104587,2026-06-09,Email,Complaint,Leisure,Makassar,A13,25.8,Resolved,5
104588,2026-06-09,Email,Booking Change,Business,Bali,A08,7.8,Resolved,5
104589,2026-06-09,Email,Cancellation,Corporate,Makassar,A05,10.8,Resolved,5
104590,2026-06-09,Email,Booking Change,First-time,Jakarta,A10,4.3,Resolved,5
104591,2026-06-09,Email,Booking Change,Corporate,Makassar,A03,9.5,Resolved,4
104592,2026-06-09,Web,Booking Change,First-time,Makassar,A13,5.1,Resolved,1
104593,2026-06-09,App,Refund Request,Corporate,Medan,A10,34.9,Resolved,5
104594,2026-06-09,Call Center,Flight Delay,Corporate,Bali,A12,13.4,Resolved,5
104595,2026-06-09,WhatsApp,Booking Change,First-time,Jakarta,A14,10.7,Resolved,5
104596,2026-06-09,App,Baggage Issue,Corporate,Medan,A08,17.3,Resolved,5
104597,2026-06-09,Call Center,Booking Change,Leisure,Medan,A04,7.7,Open,
104598,2026-06-09,WhatsApp,Booking Change,Leisure,Surabaya,A05,7.7,Resolved,3
104599,2026-06-09,Web,Flight Delay,Corporate,Bali,A08,7.8,Resolved,5
104600,2026-06-10,Call Center,Complaint,First-time,Makassar,A10,20.8,Resolved,5
104601,2026-06-10,Call Center,Loyalty/Account,Corporate,Makassar,A12,1.8,Resolved,3
104602,2026-06-10,Email,Booking Change,Business,Jakarta,A12,2.8,Resolved,4
104603,2026-06-10,App,Complaint,Business,Medan,A09,26.5,Resolved,5
104604,2026-06-10,Web,Booking Change,Business,Makassar,A07,10.6,Resolved,1
104605,2026-06-10,Email,Flight Delay,Leisure,Medan,A15,15.0,Resolved,5
104606,2026-06-10,Call Center,Booking Change,First-time,Bali,A02,2.5,Resolved,5
104607,2026-06-10,App,Refund Request,Leisure,Jakarta,A06,36.5,Resolved,5
104608,2026-06-10,Email,Cancellation,Business,Jakarta,A13,10.1,Resolved,3
104609,2026-06-10,WhatsApp,Refund Request,Corporate,Surabaya,A12,42.3,Resolved,4
104610,2026-06-10,Web,Flight Delay,Corporate,Surabaya,A10,10.3,Resolved,4
104611,2026-06-10,Web,Booking Change,Business,Medan,A12,6.9,Resolved,5
104612,2026-06-10,Call Center,Flight Delay,Business,Jakarta,A02,4.6,Open,
104613,2026-06-10,Email,Booking Change,Leisure,Medan,A13,6.9,Resolved,3
104614,2026-06-10,Email,Loyalty/Account,First-time,Makassar,A13,5.1,Resolved,5
104615,2026-06-10,Call Center,Complaint,Leisure,Bali,A08,24.2,Resolved,5
104616,2026-06-10,WhatsApp,Baggage Issue,Business,Jakarta,A08,37.0,Resolved,1
104617,2026-06-10,Email,Baggage Issue,Corporate,Jakarta,A10,19.3,Resolved,2
104618,2026-06-10,Email,Refund Request,Business,Makassar,A04,38.5,Resolved,5
104619,2026-06-10,Call Center,Booking Change,Corporate,Makassar,A01,9.2,Resolved,4
104620,2026-06-10,App,Loyalty/Account,Corporate,Makassar,A09,2.3,Resolved,5
104621,2026-06-10,Web,Booking Change,Leisure,Medan,A03,9.5,Resolved,1
104622,2026-06-10,WhatsApp,Loyalty/Account,Leisure,Makassar,A14,4.4,Resolved,5
104623,2026-06-10,Email,Booking Change,Corporate,Makassar,A13,7.7,Resolved,5
104624,2026-06-10,App,Baggage Issue,First-time,Bali,A08,19.2,Resolved,2
104625,2026-06-11,WhatsApp,Booking Change,Business,Jakarta,A09,1.9,Resolved,4
104626,2026-06-11,Call Center,Refund Request,Leisure,Medan,A01,24.9,Resolved,3
104627,2026-06-11,App,Refund Request,Business,Jakarta,A08,15.0,Resolved,5
104628,2026-06-11,Call Center,Cancellation,First-time,Bali,A11,9.6,Resolved,1
104629,2026-06-11,App,Booking Change,Corporate,Makassar,A05,5.0,Resolved,5
104630,2026-06-11,WhatsApp,Loyalty/Account,First-time,Medan,A05,5.2,Resolved,5
104631,2026-06-11,App,Booking Change,First-time,Bali,A09,7.7,Resolved,5
104632,2026-06-11,Call Center,Complaint,Business,Makassar,A13,19.8,Resolved,2
104633,2026-06-11,Web,Cancellation,Corporate,Medan,A02,6.1,Resolved,2
104634,2026-06-11,Call Center,Baggage Issue,Business,Makassar,A02,18.6,Resolved,1
104635,2026-06-11,Call Center,Loyalty/Account,First-time,Medan,A01,0.8,Resolved,4
104636,2026-06-11,Call Center,Flight Delay,Corporate,Makassar,A08,15.7,Resolved,5
104637,2026-06-11,Email,Cancellation,Leisure,Medan,A08,3.0,Resolved,5
104638,2026-06-11,Email,Flight Delay,Business,Makassar,A09,1.7,Resolved,5
104639,2026-06-11,Web,Flight Delay,Leisure,Jakarta,A05,3.2,Resolved,4
104640,2026-06-11,Web,Refund Request,Business,Bali,A15,18.8,Resolved,5
104641,2026-06-11,Email,Flight Delay,Corporate,Jakarta,A11,8.0,Resolved,5
104642,2026-06-11,Web,Flight Delay,First-time,Makassar,A07,9.5,Resolved,2
104643,2026-06-11,Web,Booking Change,Leisure,Surabaya,A08,11.9,Resolved,5
104644,2026-06-11,App,Refund Request,First-time,Surabaya,A03,21.0,Resolved,5
104645,2026-06-11,WhatsApp,Flight Delay,Corporate,Medan,A14,4.5,Resolved,5
104646,2026-06-11,Email,Cancellation,Business,Bali,A07,6.8,Open,
104647,2026-06-11,Email,Baggage Issue,Leisure,Bali,A13,10.8,Resolved,4
104648,2026-06-11,App,Booking Change,Business,Bali,A14,5.4,Resolved,5
104649,2026-06-12,WhatsApp,Flight Delay,Business,Surabaya,A09,8.5,Resolved,4
104650,2026-06-12,App,Baggage Issue,First-time,Medan,A12,28.5,Resolved,5
104651,2026-06-12,Email,Booking Change,First-time,Bali,A02,8.1,Resolved,4
104652,2026-06-12,App,Loyalty/Account,Corporate,Makassar,A12,1.5,Resolved,5
104653,2026-06-12,Email,Refund Request,Corporate,Surabaya,A09,13.7,Resolved,4
104654,2026-06-12,Web,Refund Request,First-time,Medan,A14,36.7,Resolved,5
104655,2026-06-12,App,Flight Delay,First-time,Bali,A12,6.2,Resolved,5
104656,2026-06-12,WhatsApp,Booking Change,Business,Bali,A12,11.7,Resolved,5
104657,2026-06-12,App,Booking Change,Corporate,Surabaya,A05,9.0,Resolved,4
104658,2026-06-12,Web,Flight Delay,Corporate,Makassar,A02,16.9,Resolved,5
104659,2026-06-12,Call Center,Cancellation,Business,Jakarta,A10,10.2,Resolved,5
104660,2026-06-12,Call Center,Complaint,Business,Jakarta,A12,22.4,Resolved,4
104661,2026-06-12,Email,Loyalty/Account,Corporate,Medan,A15,4.2,Resolved,3
104662,2026-06-12,Email,Booking Change,First-time,Medan,A01,5.1,Resolved,5
104663,2026-06-12,App,Baggage Issue,Business,Makassar,A15,26.9,Resolved,4
104664,2026-06-12,Email,Baggage Issue,First-time,Medan,A15,24.4,Resolved,4
104665,2026-06-12,Email,Flight Delay,First-time,Bali,A07,16.3,Open,
104666,2026-06-12,WhatsApp,Baggage Issue,Corporate,Surabaya,A07,19.9,Resolved,1
104667,2026-06-12,Call Center,Loyalty/Account,Leisure,Medan,A01,3.5,Resolved,4
104668,2026-06-12,Email,Baggage Issue,First-time,Surabaya,A06,27.8,Resolved,5
104669,2026-06-12,WhatsApp,Booking Change,First-time,Jakarta,A06,5.1,Resolved,4
104670,2026-06-12,Email,Flight Delay,Business,Makassar,A13,7.4,Resolved,5
104671,2026-06-12,Call Center,Refund Request,First-time,Surabaya,A07,38.2,Resolved,5
104672,2026-06-12,Web,Complaint,Leisure,Bali,A01,16.2,Resolved,5
104673,2026-06-12,App,Booking Change,Business,Surabaya,A15,10.8,Resolved,3
104674,2026-06-12,Call Center,Baggage Issue,First-time,Bali,A09,25.7,Resolved,5
104675,2026-06-12,Call Center,Flight Delay,Corporate,Surabaya,A06,14.7,Resolved,5
104676,2026-06-12,Call Center,Flight Delay,First-time,Bali,A08,15.9,Resolved,4
104677,2026-06-12,WhatsApp,Refund Request,First-time,Makassar,A04,22.2,Resolved,4
104678,2026-06-12,WhatsApp,Refund Request,First-time,Medan,A07,19.3,Resolved,5
104679,2026-06-12,Email,Loyalty/Account,Corporate,Makassar,A11,4.0,Resolved,5
104680,2026-06-12,App,Loyalty/Account,First-time,Jakarta,A10,5.8,Resolved,3
104681,2026-06-12,Call Center,Booking Change,First-time,Surabaya,A14,3.1,Resolved,5
104682,2026-06-12,WhatsApp,Loyalty/Account,Business,Medan,A05,5.0,Resolved,4
104683,2026-06-12,WhatsApp,Refund Request,Leisure,Medan,A08,35.0,Resolved,4
104684,2026-06-12,Web,Loyalty/Account,Leisure,Jakarta,A11,5.7,Resolved,1
104685,2026-06-12,App,Flight Delay,Leisure,Makassar,A11,13.5,Resolved,3
104686,2026-06-12,WhatsApp,Complaint,Leisure,Surabaya,A11,11.0,Resolved,5
104687,2026-06-12,WhatsApp,Booking Change,Corporate,Jakarta,A01,2.6,Resolved,5
104688,2026-06-12,Web,Complaint,Corporate,Medan,A03,8.7,Open,
104689,2026-06-13,Web,Refund Request,First-time,Surabaya,A10,34.3,Open,
104690,2026-06-13,Email,Booking Change,Business,Surabaya,A03,9.5,Resolved,2
104691,2026-06-13,Web,Booking Change,Corporate,Jakarta,A01,4.7,Resolved,4
104692,2026-06-13,Call Center,Flight Delay,Corporate,Jakarta,A15,8.7,Resolved,5
104693,2026-06-13,Call Center,Refund Request,Corporate,Surabaya,A01,18.5,Resolved,4
104694,2026-06-13,WhatsApp,Booking Change,Business,Surabaya,A01,6.2,Resolved,4
104695,2026-06-13,Web,Loyalty/Account,First-time,Jakarta,A05,3.8,Resolved,5
104696,2026-06-13,Email,Loyalty/Account,Leisure,Medan,A02,5.3,Resolved,5
104697,2026-06-13,Email,Baggage Issue,Business,Surabaya,A08,14.5,Resolved,5
104698,2026-06-13,Web,Flight Delay,Leisure,Medan,A08,9.5,Resolved,2
104699,2026-06-13,App,Refund Request,Corporate,Makassar,A05,24.7,Resolved,5
104700,2026-06-13,Web,Booking Change,Business,Makassar,A13,6.2,Resolved,3
104701,2026-06-13,Email,Booking Change,Corporate,Surabaya,A12,7.2,Resolved,5
104702,2026-06-13,Web,Baggage Issue,Business,Bali,A11,19.2,Resolved,5
104703,2026-06-13,Web,Booking Change,Corporate,Makassar,A15,5.4,Resolved,3
104704,2026-06-13,WhatsApp,Complaint,Leisure,Surabaya,A14,34.1,Resolved,5
104705,2026-06-13,App,Flight Delay,Leisure,Makassar,A03,16.4,Resolved,2
104706,2026-06-13,Call Center,Refund Request,First-time,Jakarta,A13,29.1,Resolved,3
104707,2026-06-13,App,Booking Change,Business,Surabaya,A14,8.1,Resolved,2
104708,2026-06-13,Call Center,Baggage Issue,Leisure,Jakarta,A14,14.8,Resolved,5
104709,2026-06-13,Call Center,Complaint,First-time,Bali,A05,25.4,Resolved,2
104710,2026-06-13,Web,Flight Delay,Leisure,Bali,A03,14.8,Resolved,1
104711,2026-06-13,Web,Cancellation,Leisure,Medan,A03,18.8,Resolved,2
104712,2026-06-13,App,Refund Request,First-time,Makassar,A14,15.4,Resolved,3
104713,2026-06-13,App,Loyalty/Account,Corporate,Medan,A01,3.1,Resolved,5
104714,2026-06-13,App,Booking Change,Leisure,Makassar,A15,5.0,Open,
104715,2026-06-13,WhatsApp,Flight Delay,Business,Bali,A12,16.4,Resolved,4
104716,2026-06-13,WhatsApp,Refund Request,First-time,Bali,A07,16.7,Resolved,5
104717,2026-06-13,Web,Baggage Issue,First-time,Jakarta,A05,16.9,Resolved,5
104718,2026-06-13,Email,Refund Request,First-time,Bali,A14,42.4,Resolved,5
104719,2026-06-13,Call Center,Complaint,Leisure,Bali,A12,18.6,Resolved,5
104720,2026-06-13,Call Center,Booking Change,Leisure,Makassar,A02,6.9,Resolved,1
104721,2026-06-13,WhatsApp,Flight Delay,First-time,Bali,A06,16.2,Resolved,5
104722,2026-06-13,Email,Complaint,Business,Surabaya,A12,18.9,Resolved,5
104723,2026-06-13,Call Center,Complaint,Corporate,Makassar,A11,24.8,Resolved,1
104724,2026-06-13,Call Center,Booking Change,Leisure,Bali,A06,6.2,Resolved,4
104725,2026-06-14,Web,Complaint,Business,Medan,A04,14.1,Resolved,5
104726,2026-06-14,App,Loyalty/Account,Corporate,Surabaya,A03,4.2,Resolved,4
104727,2026-06-14,Web,Flight Delay,Business,Medan,A03,9.8,Open,
104728,2026-06-14,Call Center,Cancellation,Corporate,Surabaya,A15,8.8,Resolved,5
104729,2026-06-14,App,Booking Change,Corporate,Jakarta,A12,9.6,Resolved,3
104730,2026-06-14,Email,Loyalty/Account,Corporate,Jakarta,A13,3.8,Resolved,4
104731,2026-06-14,WhatsApp,Baggage Issue,Corporate,Surabaya,A01,25.1,Resolved,2
104732,2026-06-14,Email,Baggage Issue,First-time,Medan,A11,14.2,Resolved,5
104733,2026-06-14,Call Center,Loyalty/Account,Business,Bali,A07,2.6,Resolved,4
104734,2026-06-14,Call Center,Refund Request,Leisure,Makassar,A04,35.0,Resolved,4
104735,2026-06-14,WhatsApp,Complaint,Corporate,Jakarta,A06,20.9,Resolved,5
104736,2026-06-14,Email,Baggage Issue,Business,Medan,A10,21.9,Resolved,5
104737,2026-06-14,Email,Complaint,Business,Bali,A12,28.4,Resolved,5
104738,2026-06-14,WhatsApp,Complaint,First-time,Makassar,A12,13.8,Resolved,2
104739,2026-06-14,Web,Cancellation,Corporate,Medan,A04,11.2,Resolved,5
104740,2026-06-14,Email,Complaint,First-time,Medan,A02,9.8,Open,
104741,2026-06-14,Email,Booking Change,Corporate,Makassar,A02,0.5,Resolved,5
104742,2026-06-14,WhatsApp,Flight Delay,First-time,Makassar,A08,8.1,Resolved,4
104743,2026-06-14,Call Center,Booking Change,Corporate,Makassar,A15,7.8,Resolved,2
104744,2026-06-14,WhatsApp,Baggage Issue,Corporate,Jakarta,A07,18.6,Resolved,5
104745,2026-06-14,Call Center,Complaint,Business,Bali,A01,39.3,Resolved,2
104746,2026-06-14,App,Complaint,Business,Makassar,A02,2.9,Resolved,5
104747,2026-06-14,App,Refund Request,First-time,Makassar,A13,45.0,Resolved,4
104748,2026-06-14,WhatsApp,Flight Delay,Business,Makassar,A13,18.8,Open,
104749,2026-06-14,App,Cancellation,Business,Surabaya,A02,8.6,Resolved,5
104750,2026-06-14,WhatsApp,Booking Change,Business,Surabaya,A02,6.7,Resolved,5
104751,2026-06-14,Web,Loyalty/Account,Business,Medan,A11,6.5,Resolved,5
104752,2026-06-14,Web,Booking Change,Leisure,Surabaya,A02,7.7,Resolved,1
104753,2026-06-14,Web,Flight Delay,Leisure,Jakarta,A10,11.5,Resolved,5
104754,2026-06-14,Call Center,Baggage Issue,First-time,Medan,A07,19.1,Resolved,3
104755,2026-06-14,WhatsApp,Booking Change,Leisure,Jakarta,A11,10.0,Resolved,4
104756,2026-06-14,Call Center,Refund Request,Business,Surabaya,A14,29.7,Resolved,5
104757,2026-06-14,Call Center,Loyalty/Account,First-time,Jakarta,A15,5.2,Resolved,4
104758,2026-06-14,WhatsApp,Booking Change,First-time,Jakarta,A08,6.9,Open,
104759,2026-06-14,Call Center,Flight Delay,Business,Jakarta,A01,15.4,Resolved,2
104760,2026-06-15,WhatsApp,Complaint,Business,Bali,A11,26.0,Resolved,2
104761,2026-06-15,App,Booking Change,First-time,Jakarta,A06,9.1,Resolved,5
104762,2026-06-15,Call Center,Booking Change,Business,Surabaya,A03,2.3,Resolved,5
104763,2026-06-15,App,Refund Request,Leisure,Surabaya,A04,39.8,Resolved,2
104764,2026-06-15,Email,Booking Change,Business,Surabaya,A08,7.7,Resolved,5
104765,2026-06-15,WhatsApp,Cancellation,First-time,Medan,A02,13.2,Resolved,1
104766,2026-06-15,WhatsApp,Cancellation,First-time,Surabaya,A01,12.8,Resolved,5
104767,2026-06-15,Web,Booking Change,First-time,Bali,A07,2.1,Resolved,5
104768,2026-06-15,Call Center,Baggage Issue,Leisure,Medan,A04,22.4,Resolved,5
104769,2026-06-15,Web,Loyalty/Account,Leisure,Bali,A02,3.0,Resolved,4
104770,2026-06-15,App,Booking Change,Corporate,Bali,A09,4.8,Resolved,5
104771,2026-06-15,Email,Flight Delay,First-time,Medan,A01,12.6,Resolved,5
104772,2026-06-15,Web,Flight Delay,Leisure,Makassar,A01,17.6,Resolved,4
104773,2026-06-15,WhatsApp,Baggage Issue,Leisure,Bali,A04,13.0,Open,
104774,2026-06-15,Web,Flight Delay,Business,Medan,A08,18.9,Resolved,1
104775,2026-06-15,Web,Refund Request,Business,Makassar,A10,52.9,Resolved,4
104776,2026-06-15,Web,Booking Change,Leisure,Jakarta,A02,6.8,Resolved,5
104777,2026-06-15,WhatsApp,Flight Delay,Business,Medan,A01,18.0,Open,
104778,2026-06-15,Email,Booking Change,Corporate,Jakarta,A06,7.5,Resolved,3
104779,2026-06-15,App,Baggage Issue,Corporate,Medan,A12,19.9,Resolved,4
104780,2026-06-15,Email,Loyalty/Account,First-time,Makassar,A15,4.3,Resolved,5
104781,2026-06-15,Call Center,Booking Change,Leisure,Surabaya,A14,9.7,Resolved,4
104782,2026-06-15,WhatsApp,Refund Request,Leisure,Surabaya,A11,36.8,Resolved,4
104783,2026-06-15,Call Center,Loyalty/Account,Leisure,Bali,A12,1.6,Resolved,5
104784,2026-06-16,Call Center,Baggage Issue,Corporate,Surabaya,A10,25.1,Resolved,5
104785,2026-06-16,Email,Flight Delay,Business,Jakarta,A07,11.3,Resolved,2
104786,2026-06-16,Web,Flight Delay,Leisure,Surabaya,A11,13.8,Resolved,5
104787,2026-06-16,Call Center,Cancellation,Corporate,Surabaya,A08,7.6,Resolved,5
104788,2026-06-16,WhatsApp,Complaint,Business,Jakarta,A15,23.8,Resolved,4
104789,2026-06-16,WhatsApp,Cancellation,Corporate,Makassar,A09,7.1,Resolved,5
104790,2026-06-16,WhatsApp,Loyalty/Account,Business,Makassar,A15,4.2,Resolved,5
104791,2026-06-16,Web,Cancellation,First-time,Jakarta,A12,10.8,Resolved,5
104792,2026-06-16,WhatsApp,Flight Delay,First-time,Surabaya,A13,11.3,Resolved,3
104793,2026-06-16,Web,Refund Request,Corporate,Bali,A11,14.7,Resolved,4
104794,2026-06-16,Web,Refund Request,Corporate,Surabaya,A10,34.5,Resolved,3
104795,2026-06-16,Web,Flight Delay,First-time,Medan,A13,17.3,Resolved,1
104796,2026-06-16,App,Refund Request,Business,Bali,A07,27.6,Resolved,5
104797,2026-06-16,Web,Booking Change,First-time,Surabaya,A05,6.2,Resolved,5
104798,2026-06-16,Call Center,Refund Request,Business,Bali,A03,24.1,Resolved,5
104799,2026-06-16,Web,Flight Delay,First-time,Surabaya,A04,11.2,Resolved,5
104800,2026-06-16,Web,Complaint,Leisure,Bali,A05,25.8,Resolved,1
104801,2026-06-16,Call Center,Booking Change,Leisure,Medan,A05,7.4,Resolved,5
104802,2026-06-16,WhatsApp,Baggage Issue,Business,Jakarta,A09,14.4,Resolved,5
104803,2026-06-16,Web,Baggage Issue,Corporate,Medan,A09,23.3,Resolved,5
104804,2026-06-16,Email,Loyalty/Account,First-time,Bali,A11,5.0,Resolved,1
104805,2026-06-16,WhatsApp,Baggage Issue,Corporate,Surabaya,A10,33.9,Resolved,3
104806,2026-06-16,WhatsApp,Booking Change,Business,Makassar,A09,0.9,Resolved,5
104807,2026-06-16,Web,Baggage Issue,Leisure,Bali,A14,26.0,Resolved,5
104808,2026-06-16,Web,Loyalty/Account,Leisure,Makassar,A14,4.0,Resolved,2
104809,2026-06-17,Call Center,Loyalty/Account,Business,Jakarta,A08,4.8,Resolved,2
104810,2026-06-17,App,Loyalty/Account,Leisure,Makassar,A03,2.1,Resolved,2
104811,2026-06-17,WhatsApp,Loyalty/Account,Business,Medan,A11,2.1,Resolved,5
104812,2026-06-17,Email,Cancellation,Leisure,Bali,A01,0.5,Resolved,5
104813,2026-06-17,Email,Baggage Issue,Leisure,Jakarta,A13,24.7,Resolved,4
104814,2026-06-17,App,Refund Request,Leisure,Surabaya,A09,17.4,Resolved,5
104815,2026-06-17,Call Center,Cancellation,Leisure,Medan,A01,3.1,Resolved,5
104816,2026-06-17,Web,Baggage Issue,Leisure,Jakarta,A06,24.4,Open,
104817,2026-06-17,Email,Cancellation,Business,Jakarta,A01,13.1,Open,
104818,2026-06-17,WhatsApp,Loyalty/Account,First-time,Surabaya,A15,4.0,Resolved,4
104819,2026-06-17,App,Complaint,Business,Surabaya,A15,29.7,Resolved,5
104820,2026-06-17,Call Center,Cancellation,Corporate,Surabaya,A01,14.5,Resolved,3
104821,2026-06-17,Call Center,Cancellation,First-time,Makassar,A03,11.4,Resolved,5
104822,2026-06-17,Email,Complaint,Business,Bali,A01,24.7,Resolved,5
104823,2026-06-17,Email,Flight Delay,Business,Makassar,A02,11.1,Resolved,4
104824,2026-06-17,WhatsApp,Loyalty/Account,Corporate,Makassar,A05,2.5,Resolved,5
104825,2026-06-17,Email,Flight Delay,First-time,Surabaya,A12,12.5,Resolved,5
104826,2026-06-17,Email,Refund Request,First-time,Makassar,A11,15.9,Resolved,5
104827,2026-06-17,Email,Complaint,Business,Medan,A07,32.3,Resolved,5
104828,2026-06-17,App,Baggage Issue,Corporate,Makassar,A06,18.6,Open,
104829,2026-06-17,App,Refund Request,Business,Makassar,A04,18.2,Resolved,3
104830,2026-06-17,Email,Flight Delay,First-time,Makassar,A07,19.3,Resolved,1
104831,2026-06-17,Email,Flight Delay,Corporate,Bali,A15,12.8,Resolved,2
104832,2026-06-17,App,Complaint,Leisure,Jakarta,A09,23.1,Resolved,5
104833,2026-06-17,Call Center,Baggage Issue,First-time,Bali,A15,19.2,Resolved,2
104834,2026-06-17,WhatsApp,Refund Request,Corporate,Jakarta,A06,31.6,Resolved,4
104835,2026-06-18,Call Center,Refund Request,Corporate,Surabaya,A03,35.4,Resolved,4
104836,2026-06-18,Email,Cancellation,Corporate,Jakarta,A12,4.6,Resolved,3
104837,2026-06-18,Web,Loyalty/Account,Corporate,Medan,A08,4.9,Resolved,2
104838,2026-06-18,App,Refund Request,Business,Bali,A03,23.6,Resolved,5
104839,2026-06-18,Email,Complaint,Corporate,Medan,A13,12.5,Resolved,5
104840,2026-06-18,Email,Refund Request,Business,Surabaya,A10,20.6,Resolved,2
104841,2026-06-18,Web,Baggage Issue,First-time,Bali,A04,19.6,Resolved,1
104842,2026-06-18,App,Loyalty/Account,Leisure,Surabaya,A14,2.4,Resolved,5
104843,2026-06-18,App,Refund Request,First-time,Jakarta,A09,29.6,Resolved,5
104844,2026-06-18,WhatsApp,Booking Change,Business,Medan,A12,7.0,Resolved,1
104845,2026-06-18,Web,Refund Request,Corporate,Jakarta,A11,52.7,Resolved,4
104846,2026-06-18,App,Booking Change,Corporate,Medan,A05,4.3,Resolved,5
104847,2026-06-18,WhatsApp,Booking Change,Corporate,Jakarta,A06,7.5,Resolved,5
104848,2026-06-18,WhatsApp,Flight Delay,Leisure,Makassar,A08,15.7,Resolved,5
104849,2026-06-18,Call Center,Booking Change,Business,Medan,A10,7.2,Resolved,4
104850,2026-06-18,App,Refund Request,Leisure,Medan,A13,25.2,Resolved,5
104851,2026-06-18,App,Loyalty/Account,Business,Surabaya,A09,4.5,Resolved,3
104852,2026-06-18,Web,Refund Request,First-time,Jakarta,A11,20.9,Open,
104853,2026-06-18,Web,Baggage Issue,Business,Jakarta,A08,25.6,Resolved,2
104854,2026-06-18,Email,Booking Change,Business,Medan,A12,4.4,Resolved,2
104855,2026-06-18,Email,Flight Delay,First-time,Medan,A04,14.7,Resolved,5
104856,2026-06-18,WhatsApp,Refund Request,Corporate,Bali,A15,21.3,Open,
104857,2026-06-18,Call Center,Refund Request,Leisure,Makassar,A13,35.8,Resolved,2
104858,2026-06-18,Email,Booking Change,Leisure,Surabaya,A10,4.6,Resolved,5
104859,2026-06-18,WhatsApp,Booking Change,Leisure,Makassar,A12,6.0,Resolved,4
104860,2026-06-18,App,Complaint,Business,Bali,A05,17.7,Resolved,5
104861,2026-06-18,App,Refund Request,Leisure,Medan,A03,28.4,Resolved,3
104862,2026-06-19,Call Center,Refund Request,Corporate,Jakarta,A11,31.6,Resolved,3
104863,2026-06-19,Web,Refund Request,First-time,Medan,A02,53.7,Resolved,4
104864,2026-06-19,Email,Loyalty/Account,Corporate,Surabaya,A12,2.6,Resolved,3
104865,2026-06-19,WhatsApp,Flight Delay,Leisure,Surabaya,A05,17.9,Resolved,1
104866,2026-06-19,Web,Refund Request,Leisure,Surabaya,A12,35.1,Resolved,1
104867,2026-06-19,Email,Flight Delay,Business,Medan,A13,15.6,Resolved,5
104868,2026-06-19,WhatsApp,Loyalty/Account,Leisure,Makassar,A05,5.0,Resolved,5
104869,2026-06-19,WhatsApp,Booking Change,Corporate,Makassar,A02,6.0,Resolved,2
104870,2026-06-19,Email,Refund Request,Corporate,Bali,A05,11.4,Resolved,5
104871,2026-06-19,Call Center,Complaint,Leisure,Jakarta,A02,29.7,Resolved,1
104872,2026-06-19,WhatsApp,Complaint,First-time,Medan,A06,22.8,Resolved,5
104873,2026-06-19,WhatsApp,Booking Change,Leisure,Makassar,A08,6.2,Resolved,5
104874,2026-06-19,Email,Loyalty/Account,Corporate,Medan,A01,1.8,Resolved,5
104875,2026-06-19,Web,Cancellation,First-time,Medan,A13,7.7,Open,
104876,2026-06-19,Call Center,Booking Change,Leisure,Jakarta,A11,4.3,Resolved,5
104877,2026-06-19,Call Center,Cancellation,First-time,Surabaya,A12,10.7,Resolved,5
104878,2026-06-19,Email,Refund Request,Corporate,Jakarta,A10,27.1,Resolved,3
104879,2026-06-19,Call Center,Cancellation,First-time,Bali,A08,8.9,Resolved,4
104880,2026-06-19,WhatsApp,Cancellation,Business,Surabaya,A13,12.2,Resolved,3
104881,2026-06-19,App,Flight Delay,Leisure,Bali,A07,16.0,Resolved,5
104882,2026-06-19,Call Center,Refund Request,First-time,Jakarta,A06,23.4,Resolved,4
104883,2026-06-19,WhatsApp,Booking Change,First-time,Medan,A10,11.2,Resolved,3
104884,2026-06-19,Email,Cancellation,First-time,Bali,A11,2.9,Open,
104885,2026-06-19,App,Baggage Issue,Corporate,Bali,A12,5.7,Resolved,5
104886,2026-06-19,Web,Refund Request,Business,Surabaya,A05,42.4,Resolved,1
104887,2026-06-19,WhatsApp,Flight Delay,Corporate,Medan,A07,14.3,Resolved,3
104888,2026-06-19,WhatsApp,Flight Delay,First-time,Bali,A14,13.0,Resolved,1
104889,2026-06-19,Email,Baggage Issue,Corporate,Makassar,A10,18.2,Resolved,5
104890,2026-06-19,App,Booking Change,First-time,Surabaya,A06,3.1,Resolved,5
104891,2026-06-19,WhatsApp,Refund Request,Business,Medan,A15,33.7,Resolved,2
104892,2026-06-20,Web,Booking Change,Corporate,Surabaya,A01,4.7,Resolved,5
104893,2026-06-20,Email,Refund Request,Leisure,Jakarta,A07,31.6,Resolved,4
104894,2026-06-20,Email,Flight Delay,First-time,Surabaya,A11,14.2,Resolved,1
104895,2026-06-20,Email,Refund Request,Corporate,Surabaya,A01,24.0,Resolved,5
104896,2026-06-20,Call Center,Refund Request,First-time,Surabaya,A08,33.3,Resolved,5
104897,2026-06-20,WhatsApp,Cancellation,Business,Makassar,A05,10.1,Resolved,5
104898,2026-06-20,Web,Loyalty/Account,Leisure,Surabaya,A08,3.9,Resolved,5
104899,2026-06-20,Call Center,Booking Change,Business,Medan,A14,5.2,Resolved,5
104900,2026-06-20,Email,Cancellation,Business,Bali,A02,6.3,Resolved,5
104901,2026-06-20,WhatsApp,Cancellation,Leisure,Surabaya,A01,8.4,Resolved,4
104902,2026-06-20,App,Baggage Issue,First-time,Surabaya,A09,11.0,Resolved,2
104903,2026-06-20,App,Loyalty/Account,Leisure,Jakarta,A11,5.7,Resolved,4
104904,2026-06-20,Email,Baggage Issue,Business,Medan,A07,14.4,Resolved,5
104905,2026-06-20,Web,Cancellation,Corporate,Medan,A09,12.7,Resolved,1
104906,2026-06-20,App,Baggage Issue,Corporate,Bali,A04,20.4,Resolved,3
104907,2026-06-20,Call Center,Baggage Issue,Business,Makassar,A01,22.1,Resolved,3
104908,2026-06-20,Web,Booking Change,Leisure,Surabaya,A12,3.6,Resolved,5
104909,2026-06-20,Email,Complaint,First-time,Bali,A08,30.1,Resolved,1
104910,2026-06-20,Call Center,Complaint,Business,Jakarta,A07,12.9,Resolved,5
104911,2026-06-20,Email,Flight Delay,Leisure,Surabaya,A06,17.4,Resolved,1
104912,2026-06-20,WhatsApp,Baggage Issue,Corporate,Surabaya,A09,29.4,Resolved,3
104913,2026-06-20,Call Center,Booking Change,Leisure,Jakarta,A02,5.6,Resolved,5
104914,2026-06-20,Email,Booking Change,First-time,Jakarta,A14,8.7,Resolved,4
104915,2026-06-20,Email,Refund Request,Business,Surabaya,A02,39.4,Resolved,2
104916,2026-06-20,WhatsApp,Baggage Issue,Leisure,Surabaya,A05,9.1,Resolved,5
104917,2026-06-20,Call Center,Cancellation,Business,Bali,A08,2.8,Resolved,5
104918,2026-06-20,WhatsApp,Cancellation,Business,Makassar,A14,10.9,Resolved,4
104919,2026-06-20,App,Booking Change,Leisure,Makassar,A12,4.5,Resolved,5
104920,2026-06-20,Call Center,Booking Change,Business,Makassar,A15,7.6,Resolved,2
104921,2026-06-20,WhatsApp,Refund Request,Leisure,Jakarta,A13,28.5,Resolved,5
104922,2026-06-20,Email,Booking Change,Corporate,Surabaya,A01,7.4,Resolved,4
104923,2026-06-20,App,Booking Change,First-time,Surabaya,A11,9.3,Resolved,1
104924,2026-06-20,Web,Cancellation,Leisure,Jakarta,A01,16.6,Resolved,2
104925,2026-06-20,Web,Flight Delay,First-time,Medan,A08,12.5,Resolved,5
104926,2026-06-20,Call Center,Cancellation,Business,Medan,A07,10.6,Resolved,5
104927,2026-06-20,Email,Booking Change,Leisure,Bali,A11,7.7,Resolved,1
104928,2026-06-20,Email,Booking Change,First-time,Medan,A01,3.8,Resolved,5
104929,2026-06-20,Email,Flight Delay,Business,Jakarta,A05,11.9,Resolved,1
104930,2026-06-20,WhatsApp,Refund Request,First-time,Makassar,A08,28.7,Resolved,5
104931,2026-06-20,WhatsApp,Baggage Issue,Corporate,Makassar,A07,15.6,Resolved,5
104932,2026-06-20,Email,Booking Change,Business,Medan,A03,5.8,Resolved,1
104933,2026-06-21,WhatsApp,Flight Delay,Leisure,Jakarta,A06,7.9,Resolved,4
104934,2026-06-21,Email,Refund Request,Corporate,Makassar,A13,29.0,Resolved,5
104935,2026-06-21,Email,Booking Change,Leisure,Jakarta,A04,0.5,Resolved,5
104936,2026-06-21,Email,Cancellation,Business,Bali,A05,8.9,Resolved,5
104937,2026-06-21,WhatsApp,Baggage Issue,Leisure,Makassar,A05,20.7,Resolved,1
104938,2026-06-21,Web,Refund Request,Leisure,Makassar,A03,33.5,Resolved,1
104939,2026-06-21,Call Center,Refund Request,Business,Makassar,A11,32.0,Resolved,5
104940,2026-06-21,Call Center,Loyalty/Account,Leisure,Surabaya,A10,3.0,Resolved,4
104941,2026-06-21,Call Center,Baggage Issue,Business,Makassar,A02,20.9,Resolved,3
104942,2026-06-21,Web,Complaint,Leisure,Surabaya,A04,16.6,Resolved,4
104943,2026-06-21,Email,Baggage Issue,First-time,Medan,A01,25.1,Resolved,2
104944,2026-06-21,Web,Baggage Issue,Corporate,Jakarta,A13,17.7,Resolved,5
104945,2026-06-21,Web,Baggage Issue,First-time,Makassar,A09,12.2,Resolved,5
104946,2026-06-21,Web,Flight Delay,Business,Medan,A03,13.0,Resolved,4
104947,2026-06-21,Web,Booking Change,First-time,Jakarta,A07,6.0,Resolved,5
104948,2026-06-21,App,Booking Change,Corporate,Makassar,A09,4.2,Resolved,5
104949,2026-06-21,Email,Complaint,Leisure,Jakarta,A09,16.5,Resolved,5
104950,2026-06-21,Web,Flight Delay,Leisure,Makassar,A12,14.2,Resolved,2
104951,2026-06-21,Web,Flight Delay,Business,Jakarta,A01,17.2,Resolved,4
104952,2026-06-21,Call Center,Complaint,Corporate,Jakarta,A09,18.4,Resolved,2
104953,2026-06-21,Email,Refund Request,Leisure,Surabaya,A01,20.0,Resolved,5
104954,2026-06-21,Email,Baggage Issue,Corporate,Makassar,A11,23.8,Resolved,5
104955,2026-06-21,Web,Refund Request,First-time,Jakarta,A15,17.0,Resolved,2
104956,2026-06-21,Call Center,Cancellation,Leisure,Bali,A04,12.9,Resolved,2
104957,2026-06-21,WhatsApp,Refund Request,Corporate,Bali,A09,44.3,Resolved,4
104958,2026-06-21,WhatsApp,Complaint,Leisure,Jakarta,A06,39.0,Resolved,1
104959,2026-06-21,Email,Booking Change,Leisure,Bali,A08,9.3,Resolved,4
104960,2026-06-21,Email,Refund Request,First-time,Bali,A08,16.9,Resolved,4
104961,2026-06-21,App,Booking Change,First-time,Makassar,A10,3.3,Resolved,5
104962,2026-06-21,Call Center,Baggage Issue,Corporate,Medan,A12,15.6,Resolved,3
104963,2026-06-21,Web,Refund Request,First-time,Jakarta,A15,16.0,Resolved,5
104964,2026-06-21,WhatsApp,Cancellation,Business,Makassar,A03,5.3,Resolved,5
104965,2026-06-21,Call Center,Loyalty/Account,Business,Bali,A08,4.6,Resolved,1
104966,2026-06-21,Web,Cancellation,Business,Medan,A09,10.5,Resolved,2
104967,2026-06-21,Web,Booking Change,Business,Bali,A08,7.0,Resolved,3
104968,2026-06-21,Email,Cancellation,First-time,Makassar,A12,11.0,Resolved,5
104969,2026-06-21,App,Complaint,Business,Medan,A04,20.5,Resolved,5
104970,2026-06-21,WhatsApp,Cancellation,Business,Medan,A02,6.6,Resolved,3
104971,2026-06-21,WhatsApp,Loyalty/Account,Business,Surabaya,A05,6.4,Resolved,1
104972,2026-06-21,App,Cancellation,Business,Makassar,A14,13.8,Resolved,1
104973,2026-06-21,WhatsApp,Refund Request,Corporate,Surabaya,A05,33.6,Resolved,5
104974,2026-06-21,WhatsApp,Refund Request,Leisure,Makassar,A03,26.0,Resolved,2
104975,2026-06-22,Web,Booking Change,Leisure,Jakarta,A06,5.5,Resolved,5
104976,2026-06-22,Call Center,Booking Change,First-time,Surabaya,A11,6.3,Resolved,4
104977,2026-06-22,WhatsApp,Refund Request,First-time,Makassar,A07,26.5,Resolved,5
104978,2026-06-22,Web,Cancellation,Business,Jakarta,A03,11.4,Resolved,2
104979,2026-06-22,WhatsApp,Booking Change,First-time,Surabaya,A07,7.7,Resolved,3
104980,2026-06-22,WhatsApp,Refund Request,First-time,Jakarta,A14,24.3,Resolved,5
104981,2026-06-22,WhatsApp,Booking Change,Business,Bali,A08,7.4,Resolved,5
104982,2026-06-22,Web,Flight Delay,Business,Medan,A02,17.8,Resolved,5
104983,2026-06-22,App,Complaint,Corporate,Medan,A02,8.4,Resolved,5
104984,2026-06-22,Email,Cancellation,Business,Surabaya,A05,11.3,Resolved,4
104985,2026-06-22,WhatsApp,Complaint,First-time,Bali,A02,17.1,Resolved,5
104986,2026-06-22,Web,Baggage Issue,Business,Jakarta,A02,12.4,Resolved,2
104987,2026-06-22,Email,Booking Change,First-time,Surabaya,A07,7.7,Resolved,5
104988,2026-06-22,Call Center,Complaint,Corporate,Jakarta,A13,38.5,Open,
104989,2026-06-22,Email,Baggage Issue,First-time,Makassar,A03,22.9,Resolved,1
104990,2026-06-22,Email,Baggage Issue,Corporate,Makassar,A02,26.0,Open,
104991,2026-06-22,App,Cancellation,First-time,Jakarta,A03,15.6,Resolved,3
104992,2026-06-22,WhatsApp,Baggage Issue,First-time,Bali,A11,6.7,Resolved,5
104993,2026-06-22,Web,Baggage Issue,Leisure,Medan,A15,16.9,Open,
104994,2026-06-22,WhatsApp,Refund Request,First-time,Makassar,A05,34.3,Resolved,4
104995,2026-06-22,Email,Loyalty/Account,Business,Jakarta,A06,4.9,Resolved,5
104996,2026-06-22,Call Center,Booking Change,Business,Bali,A12,6.5,Resolved,2
104997,2026-06-22,Email,Flight Delay,Leisure,Jakarta,A13,14.7,Open,
104998,2026-06-22,App,Refund Request,Leisure,Bali,A14,42.7,Resolved,4
104999,2026-06-22,Web,Refund Request,Corporate,Surabaya,A11,31.9,Resolved,5
105000,2026-06-22,Call Center,Baggage Issue,Corporate,Bali,A12,21.5,Resolved,5
105001,2026-06-22,WhatsApp,Loyalty/Account,Business,Bali,A03,5.6,Resolved,1
105002,2026-06-23,WhatsApp,Booking Change,Business,Jakarta,A10,9.7,Resolved,2
105003,2026-06-23,WhatsApp,Booking Change,First-time,Medan,A01,9.2,Resolved,4
105004,2026-06-23,App,Refund Request,Leisure,Bali,A08,45.1,Resolved,1
105005,2026-06-23,WhatsApp,Booking Change,Leisure,Surabaya,A05,6.1,Resolved,3
105006,2026-06-23,Call Center,Refund Request,Business,Medan,A10,39.0,Resolved,5
105007,2026-06-23,Call Center,Loyalty/Account,Business,Makassar,A05,7.4,Resolved,1
105008,2026-06-23,Call Center,Complaint,First-time,Medan,A05,30.2,Resolved,3
105009,2026-06-23,App,Refund Request,Corporate,Makassar,A04,30.4,Resolved,5
105010,2026-06-23,Web,Booking Change,First-time,Surabaya,A10,6.5,Resolved,4
105011,2026-06-23,Call Center,Complaint,Corporate,Jakarta,A15,15.0,Resolved,5
105012,2026-06-23,WhatsApp,Booking Change,Corporate,Jakarta,A03,1.9,Resolved,5
105013,2026-06-23,App,Booking Change,Leisure,Makassar,A08,6.0,Resolved,5
105014,2026-06-23,App,Booking Change,Leisure,Medan,A08,7.9,Resolved,1
105015,2026-06-23,Call Center,Booking Change,Business,Bali,A07,1.0,Resolved,4
105016,2026-06-23,Web,Flight Delay,Corporate,Medan,A08,10.2,Resolved,5
105017,2026-06-23,Email,Refund Request,First-time,Jakarta,A03,32.3,Open,
105018,2026-06-23,App,Refund Request,First-time,Bali,A03,41.5,Open,
105019,2026-06-23,Email,Booking Change,Leisure,Surabaya,A09,3.7,Resolved,3
105020,2026-06-23,Call Center,Booking Change,Corporate,Jakarta,A04,4.4,Resolved,3
105021,2026-06-23,Email,Booking Change,Leisure,Surabaya,A10,6.3,Resolved,5
105022,2026-06-23,WhatsApp,Cancellation,First-time,Medan,A05,6.5,Resolved,2
105023,2026-06-23,Web,Booking Change,Leisure,Medan,A07,5.1,Resolved,5
105024,2026-06-23,Call Center,Baggage Issue,Leisure,Surabaya,A04,18.5,Resolved,1
105025,2026-06-23,Web,Booking Change,Business,Makassar,A01,6.9,Resolved,5
105026,2026-06-23,WhatsApp,Refund Request,First-time,Jakarta,A11,46.2,Resolved,4
105027,2026-06-23,Call Center,Booking Change,First-time,Surabaya,A12,6.7,Resolved,2
105028,2026-06-23,Call Center,Flight Delay,Corporate,Medan,A05,10.4,Resolved,5
105029,2026-06-23,App,Complaint,First-time,Medan,A05,25.6,Open,
105030,2026-06-23,App,Loyalty/Account,First-time,Makassar,A10,0.5,Resolved,4
105031,2026-06-23,Email,Refund Request,Corporate,Makassar,A08,31.3,Resolved,5
105032,2026-06-23,Call Center,Booking Change,Corporate,Jakarta,A08,8.4,Resolved,1
105033,2026-06-23,WhatsApp,Flight Delay,Leisure,Jakarta,A14,11.9,Resolved,3
105034,2026-06-24,App,Flight Delay,Corporate,Surabaya,A08,8.0,Resolved,2
105035,2026-06-24,App,Complaint,First-time,Medan,A11,19.4,Resolved,5
105036,2026-06-24,Web,Refund Request,First-time,Surabaya,A07,0.9,Resolved,5
105037,2026-06-24,Call Center,Booking Change,Corporate,Makassar,A08,11.4,Resolved,1
105038,2026-06-24,Call Center,Booking Change,Business,Medan,A13,5.9,Resolved,5
105039,2026-06-24,App,Complaint,Business,Makassar,A03,33.5,Resolved,1
105040,2026-06-24,WhatsApp,Flight Delay,Business,Bali,A11,5.4,Resolved,5
105041,2026-06-24,Call Center,Flight Delay,Corporate,Jakarta,A11,20.3,Resolved,5
105042,2026-06-24,Web,Cancellation,Leisure,Bali,A08,10.0,Resolved,5
105043,2026-06-24,Email,Flight Delay,Corporate,Makassar,A08,20.8,Resolved,2
105044,2026-06-24,Call Center,Refund Request,Leisure,Bali,A01,33.0,Open,
105045,2026-06-24,Email,Cancellation,Corporate,Jakarta,A06,8.1,Resolved,1
105046,2026-06-24,App,Booking Change,First-time,Bali,A08,6.7,Resolved,4
105047,2026-06-24,Web,Booking Change,First-time,Makassar,A03,5.7,Resolved,3
105048,2026-06-24,Call Center,Refund Request,First-time,Surabaya,A05,15.9,Resolved,4
105049,2026-06-24,App,Baggage Issue,Business,Bali,A13,27.7,Resolved,5
105050,2026-06-24,Email,Flight Delay,Corporate,Bali,A12,3.4,Resolved,5
105051,2026-06-24,App,Complaint,Business,Medan,A15,37.9,Resolved,3
105052,2026-06-24,App,Cancellation,Corporate,Makassar,A13,12.3,Resolved,2
105053,2026-06-24,Email,Flight Delay,Corporate,Surabaya,A01,12.3,Resolved,5
105054,2026-06-24,Call Center,Booking Change,Leisure,Surabaya,A07,4.9,Resolved,5
105055,2026-06-24,Email,Refund Request,Business,Jakarta,A11,18.8,Resolved,5
105056,2026-06-24,Web,Loyalty/Account,First-time,Jakarta,A15,5.1,Resolved,1
105057,2026-06-24,Email,Cancellation,First-time,Jakarta,A07,12.3,Open,
105058,2026-06-24,Email,Complaint,Corporate,Surabaya,A03,47.5,Resolved,1
105059,2026-06-24,WhatsApp,Booking Change,Corporate,Surabaya,A09,4.1,Resolved,5
105060,2026-06-24,App,Booking Change,Business,Medan,A03,4.0,Resolved,5
105061,2026-06-24,WhatsApp,Loyalty/Account,First-time,Surabaya,A02,3.4,Resolved,2
105062,2026-06-24,Call Center,Booking Change,First-time,Jakarta,A07,7.9,Resolved,1
105063,2026-06-25,Email,Booking Change,Leisure,Surabaya,A10,9.7,Resolved,1
105064,2026-06-25,Email,Cancellation,Leisure,Surabaya,A15,10.8,Resolved,5
105065,2026-06-25,App,Cancellation,First-time,Surabaya,A14,14.7,Resolved,1
105066,2026-06-25,Email,Cancellation,First-time,Medan,A07,15.3,Resolved,5
105067,2026-06-25,Call Center,Booking Change,Business,Surabaya,A03,3.6,Resolved,5
105068,2026-06-25,Web,Baggage Issue,Business,Bali,A12,10.5,Resolved,2
105069,2026-06-25,WhatsApp,Cancellation,Leisure,Medan,A11,15.1,Resolved,1
105070,2026-06-25,Web,Flight Delay,Corporate,Medan,A03,12.5,Resolved,5
105071,2026-06-25,Call Center,Complaint,First-time,Bali,A06,26.5,Resolved,5
105072,2026-06-25,Email,Flight Delay,Corporate,Bali,A01,9.8,Resolved,1
105073,2026-06-25,WhatsApp,Baggage Issue,Corporate,Jakarta,A07,3.2,Resolved,5
105074,2026-06-25,WhatsApp,Cancellation,Corporate,Makassar,A14,8.3,Resolved,4
105075,2026-06-25,WhatsApp,Baggage Issue,Business,Bali,A07,6.0,Resolved,5
105076,2026-06-25,Call Center,Booking Change,Business,Bali,A02,3.2,Resolved,5
105077,2026-06-25,App,Cancellation,First-time,Bali,A14,6.1,Resolved,5
105078,2026-06-25,Web,Booking Change,Business,Medan,A05,4.6,Resolved,5
105079,2026-06-25,WhatsApp,Complaint,Leisure,Jakarta,A08,19.0,Resolved,5
105080,2026-06-25,Email,Cancellation,First-time,Bali,A02,11.1,Resolved,1
105081,2026-06-25,Web,Complaint,First-time,Bali,A03,25.9,Resolved,5
105082,2026-06-25,WhatsApp,Complaint,First-time,Jakarta,A02,19.4,Resolved,5
105083,2026-06-25,WhatsApp,Refund Request,Leisure,Surabaya,A12,14.5,Resolved,5
105084,2026-06-25,Email,Complaint,Corporate,Surabaya,A13,28.7,Resolved,5
105085,2026-06-25,Email,Baggage Issue,Leisure,Surabaya,A09,27.3,Resolved,5
105086,2026-06-25,WhatsApp,Booking Change,Leisure,Bali,A09,8.6,Resolved,3
105087,2026-06-25,App,Booking Change,Leisure,Makassar,A05,7.7,Resolved,5
105088,2026-06-25,Call Center,Loyalty/Account,Leisure,Jakarta,A07,4.1,Resolved,3
105089,2026-06-25,WhatsApp,Refund Request,First-time,Makassar,A01,9.7,Resolved,3
105090,2026-06-25,Call Center,Booking Change,First-time,Makassar,A07,1.4,Open,
105091,2026-06-25,Call Center,Booking Change,Leisure,Surabaya,A15,3.6,Resolved,5
105092,2026-06-25,WhatsApp,Flight Delay,Business,Bali,A09,14.2,Resolved,5
105093,2026-06-25,WhatsApp,Booking Change,First-time,Bali,A09,7.9,Resolved,1
105094,2026-06-25,Email,Cancellation,Leisure,Surabaya,A01,3.7,Resolved,5
105095,2026-06-26,Call Center,Refund Request,Corporate,Medan,A07,41.0,Resolved,1
105096,2026-06-26,Email,Cancellation,First-time,Bali,A14,9.3,Resolved,4
105097,2026-06-26,WhatsApp,Booking Change,Leisure,Bali,A10,5.5,Resolved,5
105098,2026-06-26,App,Baggage Issue,First-time,Bali,A07,20.0,Resolved,5
105099,2026-06-26,Web,Refund Request,Corporate,Surabaya,A13,36.0,Resolved,5
105100,2026-06-26,Call Center,Refund Request,First-time,Medan,A02,36.2,Resolved,5
105101,2026-06-26,Email,Loyalty/Account,Corporate,Bali,A05,3.3,Resolved,5
105102,2026-06-26,Web,Refund Request,Business,Makassar,A05,40.9,Resolved,5
105103,2026-06-26,Web,Booking Change,Corporate,Bali,A11,4.1,Resolved,5
105104,2026-06-26,Email,Flight Delay,Business,Jakarta,A10,7.6,Resolved,5
105105,2026-06-26,Email,Booking Change,Corporate,Makassar,A13,7.7,Resolved,5
105106,2026-06-26,Web,Flight Delay,Business,Jakarta,A08,16.1,Resolved,1
105107,2026-06-26,WhatsApp,Booking Change,Business,Makassar,A12,6.0,Resolved,1
105108,2026-06-26,Web,Complaint,Leisure,Surabaya,A15,15.2,Resolved,5
105109,2026-06-26,Email,Flight Delay,Leisure,Jakarta,A03,7.8,Resolved,5
105110,2026-06-26,Email,Refund Request,Corporate,Bali,A04,25.5,Resolved,4
105111,2026-06-26,WhatsApp,Refund Request,Corporate,Surabaya,A02,38.2,Resolved,2
105112,2026-06-26,Email,Booking Change,First-time,Medan,A14,6.3,Resolved,5
105113,2026-06-26,Email,Flight Delay,First-time,Bali,A08,10.4,Open,
105114,2026-06-26,Call Center,Loyalty/Account,Leisure,Jakarta,A01,3.3,Resolved,5
105115,2026-06-26,Web,Refund Request,First-time,Makassar,A07,35.0,Resolved,4
105116,2026-06-26,Web,Flight Delay,Corporate,Surabaya,A14,12.2,Resolved,1
105117,2026-06-26,WhatsApp,Booking Change,Corporate,Surabaya,A04,7.2,Resolved,5
105118,2026-06-26,Web,Cancellation,First-time,Medan,A08,9.2,Resolved,5
105119,2026-06-26,App,Baggage Issue,Leisure,Surabaya,A11,21.0,Resolved,5
105120,2026-06-26,Call Center,Loyalty/Account,Corporate,Makassar,A07,2.2,Resolved,5
105121,2026-06-26,Email,Refund Request,Business,Makassar,A12,31.4,Resolved,1
105122,2026-06-26,Email,Booking Change,Leisure,Bali,A06,3.2,Resolved,5
105123,2026-06-26,WhatsApp,Loyalty/Account,Business,Bali,A13,2.6,Resolved,3
105124,2026-06-26,Web,Baggage Issue,Business,Makassar,A09,13.6,Resolved,5
105125,2026-06-26,Call Center,Baggage Issue,Business,Bali,A07,24.6,Resolved,3
105126,2026-06-26,Email,Baggage Issue,Corporate,Medan,A11,21.7,Resolved,3
105127,2026-06-26,Email,Booking Change,First-time,Surabaya,A12,10.3,Resolved,4
105128,2026-06-27,Web,Refund Request,Corporate,Makassar,A12,18.2,Resolved,5
105129,2026-06-27,Web,Baggage Issue,First-time,Surabaya,A11,13.0,Resolved,5
105130,2026-06-27,Email,Booking Change,First-time,Makassar,A03,8.9,Resolved,5
105131,2026-06-27,Call Center,Loyalty/Account,First-time,Bali,A13,7.7,Resolved,1
105132,2026-06-27,Web,Baggage Issue,First-time,Makassar,A13,13.7,Resolved,5
105133,2026-06-27,App,Booking Change,Leisure,Jakarta,A02,5.9,Resolved,4
105134,2026-06-27,Call Center,Baggage Issue,First-time,Surabaya,A02,13.5,Resolved,5
105135,2026-06-27,App,Refund Request,Corporate,Makassar,A10,25.9,Resolved,3
105136,2026-06-27,App,Loyalty/Account,Leisure,Makassar,A01,2.4,Resolved,4
105137,2026-06-27,Call Center,Refund Request,First-time,Surabaya,A03,22.5,Resolved,4
105138,2026-06-27,Call Center,Complaint,First-time,Medan,A12,14.7,Resolved,4
105139,2026-06-27,Call Center,Complaint,Business,Jakarta,A02,11.7,Resolved,5
105140,2026-06-27,Web,Booking Change,Business,Bali,A13,6.9,Resolved,5
105141,2026-06-27,Email,Loyalty/Account,First-time,Bali,A11,2.3,Resolved,4
105142,2026-06-27,WhatsApp,Complaint,First-time,Bali,A14,25.0,Resolved,5
105143,2026-06-27,WhatsApp,Baggage Issue,Leisure,Bali,A08,13.5,Resolved,5
105144,2026-06-27,App,Baggage Issue,Business,Makassar,A13,14.8,Resolved,2
105145,2026-06-27,Call Center,Loyalty/Account,Leisure,Medan,A07,2.0,Resolved,4
105146,2026-06-27,Web,Complaint,Corporate,Medan,A13,33.4,Resolved,1
105147,2026-06-27,Call Center,Booking Change,Leisure,Surabaya,A13,6.3,Resolved,2
105148,2026-06-27,Web,Complaint,Leisure,Surabaya,A06,33.5,Resolved,4
105149,2026-06-27,Call Center,Loyalty/Account,Corporate,Surabaya,A06,1.5,Resolved,5
105150,2026-06-27,WhatsApp,Refund Request,Leisure,Medan,A13,26.1,Resolved,5
105151,2026-06-27,Call Center,Flight Delay,Business,Makassar,A13,7.4,Resolved,5
105152,2026-06-27,Email,Baggage Issue,Leisure,Surabaya,A02,19.7,Resolved,3
105153,2026-06-27,Web,Complaint,Business,Medan,A02,25.3,Resolved,1
105154,2026-06-27,Web,Refund Request,Corporate,Bali,A10,18.1,Resolved,5
105155,2026-06-27,Email,Refund Request,Corporate,Medan,A04,34.3,Resolved,5
105156,2026-06-27,Call Center,Cancellation,Leisure,Jakarta,A11,10.0,Resolved,5
105157,2026-06-27,Call Center,Flight Delay,First-time,Jakarta,A14,13.9,Resolved,3
105158,2026-06-27,Web,Cancellation,Business,Medan,A10,9.0,Resolved,1
105159,2026-06-27,Call Center,Flight Delay,Business,Makassar,A10,12.0,Resolved,3
105160,2026-06-27,WhatsApp,Refund Request,Corporate,Makassar,A10,18.0,Resolved,5
105161,2026-06-27,WhatsApp,Booking Change,Business,Makassar,A07,3.5,Resolved,5
105162,2026-06-27,App,Flight Delay,First-time,Jakarta,A11,7.9,Resolved,5
105163,2026-06-27,Web,Cancellation,Leisure,Surabaya,A07,7.4,Resolved,5
105164,2026-06-27,WhatsApp,Booking Change,Business,Medan,A14,5.9,Resolved,5
105165,2026-06-27,WhatsApp,Flight Delay,Leisure,Surabaya,A02,9.1,Resolved,5
105166,2026-06-27,App,Cancellation,Corporate,Medan,A08,9.6,Resolved,1
105167,2026-06-27,Web,Refund Request,Business,Surabaya,A12,13.1,Resolved,5
105168,2026-06-27,Web,Flight Delay,Leisure,Medan,A01,19.3,Resolved,5
105169,2026-06-28,Web,Flight Delay,Business,Makassar,A13,13.1,Resolved,5
105170,2026-06-28,Web,Baggage Issue,Leisure,Bali,A06,35.6,Resolved,1
105171,2026-06-28,Email,Flight Delay,First-time,Surabaya,A09,7.2,Resolved,5
105172,2026-06-28,Email,Baggage Issue,Corporate,Jakarta,A11,6.0,Resolved,5
105173,2026-06-28,WhatsApp,Booking Change,Leisure,Jakarta,A06,5.9,Resolved,1
105174,2026-06-28,Call Center,Flight Delay,First-time,Bali,A13,10.5,Open,
105175,2026-06-28,Call Center,Baggage Issue,Leisure,Jakarta,A09,18.4,Resolved,4
105176,2026-06-28,WhatsApp,Cancellation,First-time,Medan,A08,10.0,Resolved,5
105177,2026-06-28,Web,Flight Delay,Leisure,Makassar,A08,3.9,Resolved,5
105178,2026-06-28,Email,Booking Change,First-time,Bali,A13,5.2,Resolved,1
105179,2026-06-28,Call Center,Refund Request,First-time,Medan,A12,1.0,Resolved,5
105180,2026-06-28,Email,Loyalty/Account,Business,Surabaya,A15,2.1,Resolved,5
105181,2026-06-28,App,Baggage Issue,Leisure,Bali,A03,19.2,Resolved,4
105182,2026-06-28,Call Center,Refund Request,Corporate,Jakarta,A03,39.7,Resolved,5
105183,2026-06-28,Email,Refund Request,Leisure,Bali,A03,30.0,Resolved,1
105184,2026-06-28,App,Baggage Issue,Business,Makassar,A05,16.3,Resolved,4
105185,2026-06-28,App,Flight Delay,First-time,Medan,A10,4.3,Resolved,5
105186,2026-06-28,Email,Flight Delay,First-time,Bali,A12,10.4,Resolved,5
105187,2026-06-28,WhatsApp,Booking Change,First-time,Makassar,A06,1.7,Resolved,5
105188,2026-06-28,App,Baggage Issue,Corporate,Medan,A04,16.0,Resolved,4
105189,2026-06-28,WhatsApp,Flight Delay,Corporate,Bali,A15,3.7,Resolved,5
105190,2026-06-28,Email,Booking Change,First-time,Bali,A08,9.4,Resolved,5
105191,2026-06-28,Web,Baggage Issue,Leisure,Surabaya,A09,16.8,Resolved,2
105192,2026-06-28,WhatsApp,Booking Change,Leisure,Makassar,A14,8.6,Resolved,5
105193,2026-06-28,Web,Flight Delay,Business,Surabaya,A14,6.3,Open,
105194,2026-06-28,Call Center,Booking Change,Leisure,Bali,A06,4.1,Resolved,5
105195,2026-06-28,App,Refund Request,Corporate,Bali,A06,29.4,Resolved,5
105196,2026-06-28,Email,Booking Change,First-time,Surabaya,A02,5.1,Resolved,5
105197,2026-06-28,Call Center,Refund Request,Leisure,Medan,A04,37.3,Resolved,2
105198,2026-06-28,WhatsApp,Baggage Issue,First-time,Bali,A11,32.1,Resolved,2
105199,2026-06-28,Web,Loyalty/Account,Business,Makassar,A12,3.4,Resolved,5
105200,2026-06-28,WhatsApp,Baggage Issue,Corporate,Medan,A11,8.7,Resolved,5
105201,2026-06-29,Email,Complaint,Business,Medan,A04,45.3,Resolved,2
105202,2026-06-29,Email,Complaint,Business,Medan,A07,30.5,Open,
105203,2026-06-29,Call Center,Flight Delay,First-time,Makassar,A15,11.6,Resolved,5
105204,2026-06-29,App,Baggage Issue,Corporate,Bali,A08,18.9,Resolved,4
105205,2026-06-29,App,Booking Change,Leisure,Jakarta,A15,4.4,Resolved,2
105206,2026-06-29,WhatsApp,Flight Delay,Business,Medan,A03,13.3,Resolved,5
105207,2026-06-29,Call Center,Booking Change,Corporate,Jakarta,A07,5.1,Resolved,5
105208,2026-06-29,Call Center,Flight Delay,First-time,Surabaya,A13,12.0,Resolved,4
105209,2026-06-29,WhatsApp,Cancellation,First-time,Jakarta,A11,9.5,Resolved,5
105210,2026-06-29,Web,Booking Change,Leisure,Bali,A12,6.0,Resolved,4
105211,2026-06-29,Web,Flight Delay,First-time,Makassar,A14,8.6,Resolved,4
105212,2026-06-29,Web,Loyalty/Account,Corporate,Jakarta,A14,3.0,Open,
105213,2026-06-29,App,Baggage Issue,First-time,Surabaya,A13,20.4,Resolved,5
105214,2026-06-29,Email,Flight Delay,Leisure,Surabaya,A14,13.6,Resolved,1
105215,2026-06-29,Call Center,Refund Request,Business,Jakarta,A12,20.7,Resolved,5
105216,2026-06-29,WhatsApp,Refund Request,First-time,Surabaya,A01,25.4,Resolved,5
105217,2026-06-29,WhatsApp,Flight Delay,Leisure,Medan,A05,9.7,Resolved,5
105218,2026-06-29,Email,Loyalty/Account,Leisure,Medan,A03,2.3,Resolved,5
105219,2026-06-29,Email,Refund Request,First-time,Jakarta,A08,0.5,Resolved,5
105220,2026-06-29,App,Complaint,Corporate,Bali,A13,27.8,Open,
105221,2026-06-29,Web,Loyalty/Account,First-time,Medan,A06,5.3,Resolved,2
105222,2026-06-29,WhatsApp,Complaint,Leisure,Jakarta,A15,22.9,Resolved,5
105223,2026-06-29,Email,Flight Delay,Business,Bali,A09,10.8,Resolved,5
105224,2026-06-29,App,Flight Delay,Business,Bali,A01,16.4,Resolved,5
105225,2026-06-29,WhatsApp,Booking Change,First-time,Bali,A04,7.7,Resolved,5
105226,2026-06-29,Call Center,Cancellation,Leisure,Jakarta,A11,12.6,Resolved,5
105227,2026-06-29,App,Flight Delay,Business,Bali,A12,10.9,Resolved,5
105228,2026-06-29,WhatsApp,Complaint,Corporate,Bali,A05,38.0,Open,
105229,2026-06-29,Email,Baggage Issue,Business,Surabaya,A01,5.4,Resolved,5
105230,2026-06-29,Call Center,Baggage Issue,Corporate,Makassar,A10,26.4,Resolved,4
105231,2026-06-29,Email,Refund Request,Leisure,Surabaya,A04,18.7,Resolved,3
105232,2026-06-29,App,Refund Request,Corporate,Makassar,A08,25.3,Open,
105233,2026-06-29,App,Cancellation,Business,Bali,A13,10.3,Resolved,5
105234,2026-06-29,Web,Refund Request,First-time,Medan,A11,20.0,Resolved,4
105235,2026-06-29,Web,Cancellation,Corporate,Bali,A10,15.3,Open,
105236,2026-06-30,Web,Loyalty/Account,First-time,Medan,A14,2.6,Resolved,5
105237,2026-06-30,Email,Cancellation,First-time,Jakarta,A01,5.7,Resolved,5
105238,2026-06-30,Email,Complaint,Leisure,Medan,A09,19.5,Resolved,5
105239,2026-06-30,Call Center,Loyalty/Account,Business,Makassar,A07,2.1,Resolved,5
105240,2026-06-30,Call Center,Booking Change,Corporate,Bali,A15,3.8,Resolved,2
105241,2026-06-30,Web,Refund Request,Business,Jakarta,A14,22.7,Resolved,5
105242,2026-06-30,Web,Flight Delay,First-time,Surabaya,A13,16.1,Resolved,1
105243,2026-06-30,Call Center,Refund Request,First-time,Makassar,A08,29.4,Open,
105244,2026-06-30,Email,Baggage Issue,First-time,Jakarta,A15,19.9,Resolved,5
105245,2026-06-30,Email,Cancellation,First-time,Jakarta,A01,11.9,Resolved,1
105246,2026-06-30,App,Refund Request,Corporate,Medan,A15,25.4,Resolved,5
105247,2026-06-30,Web,Refund Request,Leisure,Bali,A07,27.8,Resolved,5
105248,2026-06-30,Call Center,Baggage Issue,First-time,Makassar,A12,36.9,Resolved,4
105249,2026-06-30,Email,Baggage Issue,Leisure,Surabaya,A09,27.3,Resolved,4
105250,2026-06-30,Web,Booking Change,Business,Makassar,A08,6.9,Resolved,5
105251,2026-06-30,Web,Refund Request,Business,Bali,A14,17.7,Resolved,5
105252,2026-06-30,Email,Baggage Issue,Leisure,Bali,A05,19.2,Resolved,1
105253,2026-06-30,App,Booking Change,Business,Medan,A04,4.8,Resolved,5
105254,2026-06-30,Email,Booking Change,Business,Surabaya,A12,7.6,Resolved,5
105255,2026-06-30,Call Center,Flight Delay,Leisure,Bali,A02,15.4,Resolved,1
105256,2026-06-30,Email,Complaint,Corporate,Surabaya,A06,13.5,Open,
105257,2026-06-30,Call Center,Flight Delay,Leisure,Makassar,A11,19.8,Resolved,4
105258,2026-06-30,Web,Flight Delay,Business,Medan,A04,4.4,Resolved,5
105259,2026-06-30,WhatsApp,Booking Change,Business,Medan,A15,9.3,Resolved,4
105260,2026-06-30,Email,Flight Delay,Business,Surabaya,A03,17.2,Resolved,1
105261,2026-06-30,WhatsApp,Flight Delay,Corporate,Medan,A06,19.2,Resolved,3
105262,2026-06-30,Email,Complaint,First-time,Makassar,A11,15.0,Resolved,4
105263,2026-06-30,Call Center,Baggage Issue,Business,Makassar,A05,14.3,Resolved,5
105264,2026-06-30,Email,Refund Request,First-time,Surabaya,A07,25.1,Resolved,4
105265,2026-06-30,Web,Baggage Issue,Leisure,Bali,A07,8.9,Resolved,5
105266,2026-06-30,Email,Booking Change,Business,Jakarta,A02,1.9,Resolved,5
105267,2026-06-30,Email,Booking Change,Leisure,Medan,A10,7.8,Open,
105268,2026-06-30,Web,Booking Change,Business,Surabaya,A02,6.2,Resolved,2
105269,2026-06-30,App,Baggage Issue,Leisure,Makassar,A02,13.3,Resolved,5
105270,2026-06-30,WhatsApp,Flight Delay,Leisure,Jakarta,A04,14.3,Resolved,1
105271,2026-07-01,App,Loyalty/Account,Corporate,Surabaya,A02,2.3,Resolved,5
105272,2026-07-01,Email,Flight Delay,Leisure,Bali,A04,18.6,Resolved,5
105273,2026-07-01,Email,Refund Request,Leisure,Jakarta,A13,17.4,Resolved,5
105274,2026-07-01,Email,Refund Request,Leisure,Bali,A01,36.3,Resolved,5
105275,2026-07-01,Call Center,Loyalty/Account,Business,Surabaya,A14,5.9,Resolved,5
105276,2026-07-01,WhatsApp,Loyalty/Account,Corporate,Jakarta,A12,3.4,Resolved,1
105277,2026-07-01,Call Center,Flight Delay,Leisure,Surabaya,A01,14.4,Resolved,5
105278,2026-07-01,WhatsApp,Booking Change,First-time,Makassar,A08,5.7,Resolved,5
105279,2026-07-01,WhatsApp,Booking Change,Leisure,Jakarta,A10,3.8,Resolved,5
105280,2026-07-01,WhatsApp,Refund Request,Corporate,Jakarta,A04,31.6,Resolved,5
105281,2026-07-01,Call Center,Refund Request,Business,Jakarta,A01,22.0,Resolved,5
105282,2026-07-01,Call Center,Cancellation,First-time,Jakarta,A13,11.0,Resolved,5
105283,2026-07-01,App,Baggage Issue,Business,Jakarta,A06,24.7,Resolved,4
105284,2026-07-01,Call Center,Booking Change,Leisure,Surabaya,A08,2.8,Resolved,4
105285,2026-07-01,WhatsApp,Loyalty/Account,First-time,Makassar,A12,2.1,Resolved,5
105286,2026-07-01,Web,Flight Delay,Leisure,Bali,A03,10.7,Resolved,2
105287,2026-07-01,Call Center,Booking Change,First-time,Surabaya,A05,8.0,Resolved,2
105288,2026-07-01,Call Center,Flight Delay,Corporate,Medan,A05,12.9,Resolved,5
105289,2026-07-01,WhatsApp,Flight Delay,Corporate,Bali,A05,10.5,Resolved,4
105290,2026-07-01,Email,Complaint,Business,Bali,A04,24.9,Resolved,1
105291,2026-07-01,Call Center,Complaint,Business,Medan,A06,37.8,Resolved,5
105292,2026-07-01,Email,Loyalty/Account,Business,Makassar,A06,3.7,Open,
105293,2026-07-01,App,Complaint,First-time,Medan,A10,10.4,Resolved,4
105294,2026-07-01,Call Center,Booking Change,Leisure,Surabaya,A10,4.1,Resolved,5
105295,2026-07-01,Call Center,Booking Change,Business,Jakarta,A11,3.8,Open,
105296,2026-07-01,App,Booking Change,Corporate,Medan,A02,7.2,Resolved,3
105297,2026-07-01,Web,Loyalty/Account,Business,Bali,A01,5.0,Resolved,1
105298,2026-07-01,Email,Refund Request,Business,Jakarta,A12,19.6,Resolved,4
105299,2026-07-01,App,Refund Request,Business,Surabaya,A07,33.3,Resolved,5
105300,2026-07-01,App,Booking Change,Leisure,Medan,A12,6.4,Resolved,4
105301,2026-07-01,Call Center,Baggage Issue,Corporate,Medan,A01,16.2,Resolved,4
105302,2026-07-01,App,Booking Change,Leisure,Makassar,A01,7.0,Resolved,2
105303,2026-07-01,Call Center,Refund Request,First-time,Surabaya,A03,43.6,Resolved,4
105304,2026-07-01,Call Center,Flight Delay,First-time,Surabaya,A03,0.5,Resolved,5
105305,2026-07-01,WhatsApp,Loyalty/Account,Business,Surabaya,A13,4.1,Resolved,5
